id,subreddit,title,selftext,author,created_utc,created_date,score,num_comments,url,link_flair_text,over_18,category,search_keyword
1s4y36x,Economics,"Iran war threatens a global recession, Finland’s Stubb warns",,1-randomonium,1774599206,2026-03-27 08:13:26,222,6,https://www.politico.eu/article/iran-war-global-recession-finland-president-alexander-stubb/,News,False,Growth,recession
1s38pns,Economics,"America’s War, America’s Recession",,Gloomy_Register_2341,1774440058,2026-03-25 12:00:58,822,36,https://www.project-syndicate.org/commentary/iran-war-food-and-energy-shock-is-likely-to-cause-a-us-recession-by-desmond-lachman-2026-03,Editorial,False,Growth,recession
1s37pmh,Economics,Recession odds climb on Wall Street as economy shows cracks beneath the surface,,app1310,1774437030,2026-03-25 11:10:30,540,60,https://www.cnbc.com/2026/03/25/recession-odds-climb-on-wall-street-as-economy-shows-cracks-beneath-the-surface.html,News,False,Growth,recession
1s43h5v,Economics,"MB DAILY NEWS | Raleigh, NC Canada’s economic growth has consistently lagged behind that of the United States for several years. A recent report from Statistics Canada sheds light on the factors contributing to this disparity.",,MBDailyNews,1774520059,2026-03-26 10:14:19,1,1,https://mbdailynews.com/canadas-economic-growth/,News,False,Growth,economic growth
1s1x0hx,Economics,"MB DAILY NEWS | Raleigh, NC: Costa Rica's economic model increasingly attracts investment, especially during uncertain global conditions. Investors seek stability and growth opportunities in emerging markets. The country's focus on sustainability and innovation enhances its appeal.",,MBDailyNews,1774307747,2026-03-23 23:15:47,1,1,https://mbdailynews.com/costa-ricas-economic-model/,News,False,Growth,economic growth
1s6c1px,Economics,Worried about Strait of Hormuz inflation to come? The world economy has one word for you: Plastics,,jbochsler,1774732022,2026-03-28 21:07:02,461,28,https://www.cnbc.com/amp/2026/03/28/iran-war-strait-of-hormuz-petrochemicals-oil-plastics.html,News,False,Inflation,inflation
1s5jhbp,Economics,"‘There is no silver lining in this trajectory’: Budget watchdog warns of financial, inflation, or currency crisis due to $39 trillion national debt",,Goldenmentis,1774652190,2026-03-27 22:56:30,796,54,https://fortune.com/2026/03/27/no-silver-lining-us-national-debt-cfrb-financial-inflation-currency-crisis-39-trillion/,,False,Inflation,inflation
1s4785p,Economics,"Global forecasting group sees U.S. inflation at 4.2% this year, much higher than Fed estimate",,photonatom,1774531076,2026-03-26 13:17:56,594,40,https://www.cnbc.com/2026/03/26/global-forecasting-group-sees-us-inflation-at-4point2percent-this-year-much-higher-than-fed-estimate.html?__source%3Diosappshare%257Ccom.reddit.Reddit.ShareExtension,,False,Inflation,inflation
1s46y5e,Economics,"War Will Push U.S. Inflation Above 4 Percent This Year, O.E.C.D. Says",,ChiGuy6124,1774530407,2026-03-26 13:06:47,166,7,https://www.nytimes.com/2026/03/26/business/inflation-prices-energy-iran-oecd.html,Research Summary,False,Inflation,inflation
1s46ssy,Economics,"War in Iran Will Push U.S. Inflation Above 4 Percent, O.E.C.D. Forecast Says",,DomesticErrorist22,1774530046,2026-03-26 13:00:46,98,3,https://www.nytimes.com/2026/03/26/business/inflation-prices-energy-iran-oecd.html?unlocked_article_code=1.WFA.887U.710cDdCtEfMc&smid=nytcore-ios-share,News,False,Inflation,inflation
1s37lec,Economics,UK inflation holds at 3 per cent in February ahead of expected rise,,intelerks,1774436663,2026-03-25 11:04:23,20,2,https://www.easterneye.biz/uk-inflation-holds-3-percent-february-expected-rise/,News,False,Inflation,inflation
1s2cn4m,Economics,"Japan reports lower-than-expected core inflation for February, headline CPI eases for a fourth month",,hulk14,1774356062,2026-03-24 12:41:02,28,4,https://www.cnbc.com/2026/03/24/japan-cpi-inflation-february-.html,News,False,Inflation,inflation
1s27oc1,Economics,"Crude Oil Reprices Headlines, but Refinery Stress Keeps Inflation Risk Alive",,LMtrades,1774339478,2026-03-24 08:04:38,27,2,https://www.investing.com/analysis/crude-oil-reprices-headlines-but-refinery-stress-keeps-inflation-risk-alive-200677151,News,False,Inflation,inflation
1s24st4,Economics,Oil Price and Inflation Relationship Analysis,,jasonhon2013,1774328979,2026-03-24 05:09:39,4,1,https://pardusai.org/view/c9c3d9fab4d2d85ea95bff67709cdfe0fd5caa6a781db0bb7d38b16148ee665a,,False,Inflation,inflation
1s15z52,Economics,US Federal Reserve holds interest rates steady amid cooling inflation data,,dev-kj01,1774236211,2026-03-23 03:23:31,1,0,https://www.federalreserve.gov/newsevents/pressreleases/monetary20250319a.htm,News,False,Inflation,inflation
1s5r9qy,Economics,"March 27, 2026 | MB Daily News | Los Angeles CA Gasoline Prices Surge as Middle East Conflict Shocks Global Oil Markets Gasoline prices are rising rapidly across the United States as escalating conflict in the Middle East disrupts global oil markets.",,MBDailyNews,1774673890,2026-03-28 04:58:10,1,1,https://mbdailynews.com/gas-prices-rising-middle-east-war/,News,False,Inflation,rising prices
1s565qh,Economics,"Rising oil prices could increase food costs—but hoarding groceries ‘makes a bad situation worse,’ economist says",,app1310,1774622743,2026-03-27 14:45:43,372,80,https://www.cnbc.com/2026/03/27/rising-oil-prices-lift-food-costs.html,Editorial,False,Inflation,rising prices
1s3o2pw,Economics,Agriculture secretary: Rising fertilizer prices ‘shouldn’t be too disruptive’ for US farmers,,kootles10,1774474370,2026-03-25 21:32:50,793,95,https://thehill.com/business/5800554-fertilizer-prices-us-farmers/?fbclid=IwdGRjcAQxM29jbGNrBDEzbGV4dG4DYWVtAjExAHNydGMGYXBwX2lkDDM1MDY4NTUzMTcyOAABHm0aIKMmE0fdkC_xc6kmwQH9Ji02E8PSXt-FUyG29MFghZaBz0k95BCemgbQ_aem_6P8XwyGM6Aqicc45RbOmEw,News,False,Inflation,rising prices
1s0fykr,Economics,"MB DAILY NEWS | Raleigh, NC Canadian retail sales increase by 1.1 percent, reaching $70.7 billion in January. This growth comes amid concerns about rising energy prices affecting consumer spending. Analysts note that while the sales figures show improvement, they fall short of earlier estimates.",,MBDailyNews,1774166692,2026-03-22 08:04:52,1,1,https://mbdailynews.com/canadian-retail-sales-increase/,News,False,Inflation,rising prices
1s4j2ph,Economics,Wall Street has its worst day since the war with Iran started and crude oil prices rise,,kootles10,1774557297,2026-03-26 20:34:57,613,43,https://apnews.com/article/stock-markets-trump-iran-oil-8118f58d75859b9fc74ab133fa9e8c3e?utm_campaign=TrueAnthem&utm_medium=AP&utm_source=Facebook&fbclid=IwdGRjcAQyd7RleHRuA2FlbQIxMQBzcnRjBmFwcF9pZAwzNTA2ODU1MzE3MjgAAR45O1a1qDG2HdIFhtD5e3eegOwFEUcCvukAsocGBCjCCmly69NsYM4jCl9bjA_aem_ytR88xNd_yyp84uziMD42Q,News,False,Oil and energy,oil prices
1s462oy,Economics,The oil market is in 'backwardation' — Here’s what that means for energy prices,,kootles10,1774528118,2026-03-26 12:28:38,194,52,https://www.cnbc.com/2026/03/26/market-trends-oil-futures-backwardation.html,News,False,Oil and energy,oil prices
1s41m09,Economics,Concerns about oil prices falling to $200 have prompted action from the US government.,,SimpleShake4273,1774513152,2026-03-26 08:19:12,0,4,https://www.forbes.com.tr/kuresel-ekonomi/petrol-fiyatlarinda-200-dolar-endisesi-abd-hukumetini-harekete-gecirdi,News,False,Oil and energy,oil prices
1s3p9th,Economics,U.S. Postal Service seeks 8% fuel surcharge for package deliveries as Iran war raises oil prices,,app1310,1774477109,2026-03-25 22:18:29,409,35,https://www.cnbc.com/2026/03/25/us-postal-fuel-surcharge-package-deliveries-iran-oil.html,News,False,Oil and energy,oil prices
1s1heaa,Economics,Oil prices fall as Trump hails ‘productive’ conversations with Iran on an end to the war | CNN Business,,Little-Storage3955,1774273766,2026-03-23 13:49:26,0,16,https://www.cnn.com/2026/03/23/business/oil-prices-energy-shock-1970s-intl,News,False,Oil and energy,oil prices
1s1h6hy,Economics,"Trump Orders Pause On Iran Strikes After Talks, Oil Prices Drop Sharply",,UNITED24Media,1774273241,2026-03-23 13:40:41,805,240,https://united24media.com/latest-news/trump-orders-pause-on-iran-strikes-after-talks-oil-prices-drop-sharply-17151,News,False,Oil and energy,oil prices
1s0oxsj,Economics,Oil prices to rise further on Monday as Mideast war escalates,,gamersecret2,1774194223,2026-03-22 15:43:43,1161,120,https://www.reuters.com/business/energy/oil-prices-rise-further-monday-mideast-war-escalates-2026-03-22/,News,False,Oil and energy,oil prices
1s5uklh,Economics,Gas Prices Are Out of Control in USA,,JessicaFreakingP,1774685432,2026-03-28 08:10:32,1,1,https://www.youtube.com/watch?v=a1nTXQouAPM&t,,False,Oil and energy,gas prices
1s5ci6q,Economics,Even wealthy Americans are souring on the economy as gas prices spike and stocks fall | CNN Business,,deraser,1774636295,2026-03-27 18:31:35,1425,61,https://www.cnn.com/2026/03/27/economy/us-consumer-sentiment-march-iran-war,News,False,Oil and energy,gas prices
1s2hr7k,Economics,Wright: We have a ‘few more levers’ to lower gas prices,,kootles10,1774367762,2026-03-24 15:56:02,131,145,https://thehill.com/homenews/administration/5798037-us-gas-prices-iran/,News,False,Oil and energy,gas prices
1s1dmqs,Economics,"Vance will soon announce that the gas prices in USA keep going up (with no end in sight), not being able to promise when will the prices stabilise",,Intelligent-Pea-8521,1774263396,2026-03-23 10:56:36,233,23,https://rumble.com/v77i1gq-vance-will-soon-announce-that-the-gas-prices-in-usa-keep-going-up-gee.html,,False,Oil and energy,gas prices
1s3jstz,Economics,Venezuelan Crude Oil Import Surge Reshapes US Supply Mix - TT,,ThemeBig6731,1774465064,2026-03-25 18:57:44,41,1,https://www.ttnews.com/articles/venezuelan-oil-imports-surge,,False,Oil and energy,crude oil
1s2dv26,Economics,US Net Liquidity Index (2003–2026): ON RRP drain offset $2.3T of Fed QT,,Low_Ability4450,1774359088,2026-03-24 13:31:28,0,2,https://eco3min.fr/en/net-liquidity-index-dataset/,Research,False,Fed,Fed
1s4c56i,Economics,"MB DAILY NEWS | Raleigh, NC: Recent trends show that mortgage applications decline significantly as interest rates reach their highest levels in months. This drop exceeds 10%, indicating a shift in the housing market. Higher rates typically discourage potential homebuyers from pursuing loans.",,MBDailyNews,1774542110,2026-03-26 16:21:50,1,1,https://mbdailynews.com/mortgage-applications-decline-2/,News,False,Fed,interest rates
1s2v2s8,Economics,[OC] Historical Economic Power Visualization: GDP Rankings from 1500-2025,,Difficult-Essay3387,1774397014,2026-03-25 00:03:34,1,1,https://youtu.be/5eIFa_Di5ms,Statistics,False,GDP,GDP
1s0drk2,Economics,"AI's ""Ghost GDP"" Nightmare: Viral Scenario Warns of White-Collar Wipeout and Market Crash by 2028—But Economists Are Pushing Back Hard",,dev-kj01,1774158568,2026-03-22 05:49:28,1,0,https://www.economist.com/finance-and-economics/2026/02/25/a-viral-research-note-on-ai-gets-its-economics-wrong,,False,GDP,GDP
1s29bzm,Economics,Russian Central Bank Drains Gold For the First Time Since 2002 as War Deficit Mounts,,UNITED24Media,1774345822,2026-03-24 09:50:22,1,1,https://united24media.com/latest-news/russian-central-bank-drains-gold-for-the-first-time-since-2002-as-war-deficit-mounts-17188,,False,Global Central Banks,central bank
1s19zei,Economics,"MB DAILY NEWS | Raleigh, NC: Recent developments indicate that real estate services are expanding significantly in Auckland's housing market. This expansion reflects a growing demand for comprehensive support among buyers and sellers.",,MBDailyNews,1774249935,2026-03-23 07:12:15,1,1,https://mbdailynews.com/real-estate-services/,News,False,Housing,housing market
1s5rpkd,Economics,"MB DAILY NEWS | Raleigh, NC.: Current trends indicate that mortgage rates are edging closer to 7%. This shift reflects broader economic uncertainties, particularly influenced by international conflicts. The ongoing situation in Iran has raised concerns among investors and consumers alike.",,MBDailyNews,1774675299,2026-03-28 05:21:39,1,1,https://mbdailynews.com/mortgage-rates-3/,News,False,Housing,mortgage rates
1s2ezj5,Economics,"MB DAILY NEWS | Raleigh, NC: Home Values Decline: Speculation surrounds the future of home values in Lawton as 2026 approaches. Many potential buyers and sellers wonder if prices will decline. Economic factors, local demand, and housing supply will influence this trend.",,MBDailyNews,1774361708,2026-03-24 14:15:08,1,1,https://mbdailynews.com/home-values-decline/,News,False,Housing,home prices
1s59uar,Economics,Sony hikes PS5 prices by up to $150 citing 'pressures' in global economy,,Throwawayaccountdell,1774630605,2026-03-27 16:56:45,191,31,https://www.cnbc.com/2026/03/27/sony-playstation-5-ps5-price-rise.html,News,False,Econ Daily,economy
1s4iaq5,Economics,"Trump's War in Iran is Costing the U.S. Economy 10,000 Jobs a Month, Goldman Sachs Says",,T_Shurt,1774555559,2026-03-26 20:05:59,2217,39,https://fortune.com/2026/03/26/trump-iran-war-oil-shock-jobs-goldman-sachs-gen-z/,News,False,Econ Daily,economy
1s4ctu1,Economics,"Energy-Price Shock Hits a World Already Buried in Debt March 26, 2026 | MB Daily News | Los Angeles CA The global economy is facing renewed pressure as an energy-price shock hits a world already buried in debt.",,MBDailyNews,1774543622,2026-03-26 16:47:02,1,1,https://mbdailynews.com/energy-price-shock-global-debt/,News,False,Econ Daily,economy
1s43klj,Economics,"MB DAILY NEWS | Raleigh, NC: U.s. Restrictions On Cuba: Cuba's recent efforts to open its economy face significant challenges due to ongoing U.S. restrictions. These limitations hinder the island's ability to attract foreign investment and stimulate growth.",,MBDailyNews,1774520389,2026-03-26 10:19:49,1,1,https://mbdailynews.com/u-s-restrictions-on-cuba/,News,False,Econ Daily,economy
1s3q61h,Economics,"The Billion-Dollar Divide: The Growing Conflict Between Wealth Tax Proposals and the ""Epic Fury"" Economy",,FillIndependent,1774479189,2026-03-25 22:53:09,1,0,https://open.substack.com/pub/skybird2395/p/the-billion-dollar-divide-the-growing?utm_source=share&utm_medium=android&r=1fiew6,,False,Econ Daily,economy
1s3mjx3,Economics,"International Energy Agency head says global economy faces ‘major, major threat’ from Iran war",,NicolasCageFan492,1774471027,2026-03-25 20:37:07,1,1,https://apnews.com/article/iran-war-australia-international-energy-agency-f1e7ccd313263fd63e695f43a2e68165,News,False,Econ Daily,economy
1s3lqh6,Economics,What is your opinion on Tunisian Economy,,Tunisiandoomer1,1774469236,2026-03-25 20:07:16,2,3,https://apanews.net/tunisian-economy-still-on-fragile-trajectory/,Research,False,Econ Daily,economy
1s3elib,Economics,America's booming annoyance economy,,brown-saiyan,1774453922,2026-03-25 15:52:02,1,0,https://www.businessinsider.com/companies-customer-service-profit-annoyance-economy-2026-3,,False,Econ Daily,economy
1s2tdya,Economics,"[The Economist] The new economics of sex work: As the sex economy grows, it deserves serious analysis",,astroponk,1774393047,2026-03-24 22:57:27,53,7,https://www.economist.com/finance-and-economics/2026/03/19/the-new-economics-of-sex-work,Editorial,False,Econ Daily,economy
1s2q2fr,Economics,Global economy is under double pressure: Iran war triggers stagflationary warnings,,Current_Button6610,1774385508,2026-03-24 20:51:48,1,1,https://magdy67.blogspot.com/2026/03/blog-post_49.html?m=1,,False,Econ Daily,economy
1s27vgo,Economics,Not just buying 'things': Why China's emotional economy is on the rise,,Severe_County_5041,1774340221,2026-03-24 08:17:01,64,2,https://www.cnbc.com/2026/03/23/chinas-emotional-economy-is-on-the-rise.html,News,False,Econ Daily,economy
1s1rxjj,Economics,"In a profit-driven economy, skills are temporary assets that rise and fall as firms maximize returns and shareholder profits, creating ongoing job insecurity that is strongly linked to anxiety, depression, burnout, and cumulative psychological strain over time.",,Sciantifa,1774296389,2026-03-23 20:06:29,290,17,https://www.gilmorehealth.com/the-mental-health-cost-of-endless-reskilling-anxiety-depression-burnout-and-suicide-risk-in-a-profit-driven-economy/,,False,Econ Daily,economy
1s1ebuo,Economics,"The Iran war is completely destroying the American (and world) economy, here is how",,Intelligent-Pea-8521,1774265569,2026-03-23 11:32:49,145,5,https://rumble.com/v77i1pq-the-iran-war-is-completely-destroying-the-american-and-world-economy-here-i.html,,False,Econ Daily,economy
1s1dngb,Economics,How Can the Chinese Economy Return to Consumption-Oriented Growth?,,SimpleShake4273,1774263461,2026-03-23 10:57:41,48,20,https://www.imf.org/en/news/articles/2026/02/18/cf-how-chinas-economy-can-pivot-to-consumption-led-growth,Editorial,False,Econ Daily,economy
1s0nyww,Economics,‘The stakes are enormous’: how a prolonged Iran war could shock the global economy,,F0urLeafCl0ver,1774191934,2026-03-22 15:05:34,302,25,https://www.theguardian.com/news/ng-interactive/2026/mar/22/iran-war-global-economy-donald-trump-oil-prices-inflation,News,False,Econ Daily,economy
1s30uj2,Economics,North Korea Has A Stock Market. And The Government Doesn't Even Know.,,Training-Flight-4571,1774412667,2026-03-25 04:24:27,1,0,https://pricepoint1.substack.com/p/north-korea-has-a-stock-market-the,,False,Econ Daily,stock market
1s30spn,Economics,North Korea Has A Stock Market. And The Government Has No Idea.,,Training-Flight-4571,1774412517,2026-03-25 04:21:57,1,1,https://bit.ly/4dGNS3h,,False,Econ Daily,stock market
1s1z37b,Economics,Volume in stock and oil futures surged minutes before Trump's market-turning post,,Crossstoney,1774312799,2026-03-24 00:39:59,973,58,https://www.cnbc.com/2026/03/23/volume-in-stock-and-oil-futures-surged-minutes-before-trumps-market-turning-post.html?taid=24ec321f-bfbb-4b1d-beb3-33a0bae89175&utm_campaign=trueanthem&utm_content=main&utm_medium=social&utm_source=twitter,News,False,Econ Daily,stock market
1s1onn4,Economics,North Korea Has A FULLY FUNCTIONING and ILLEGAL Stock Market. And the government has no idea.,,Training-Flight-4571,1774289439,2026-03-23 18:10:39,1,0,https://pricepoint1.substack.com/p/north-korea-has-a-stock-market-the,,False,Econ Daily,stock market
1s0dny2,Economics,US stock market loses $4 trillion in value as Trump plows ahead on tariffs,,Vivid-Acanthaceae129,1774158212,2026-03-22 05:43:32,47,5,https://www.reuters.com/markets/us/investors-flee-equities-trump-driven-uncertainty-sparks-economic-worry-2025-03-10/,,False,Econ Daily,stock market
1s68p8i,wallstreetbets,The current market meltdown and how to navigate it.,"&#x200B;

my positions 

\-short SLV 79.71/oz (closing at 50-55/oz)

\-short CRWV @101 (closing at $0-20)

\-short CVNA @382 ( don't touch. risky a lot of moving parts to this stock, but insider are all selling after short reports came out)

\-short TSLA @386 (overall postive on tsla but valuation compression needs to happen first, will turn around and buy eventually)

Edit: I forgot I have calls on the VIX with a strike price breakeven of 26, but that is a small position. I will sell that soon. 

Long PSKY @11.71 (will be bumpy ride for a year or 2, but I can stay solvent longer than the market can stay irrational) (holding indefinently)

long TKO @ 75.00 (holding indefinently) 

I believe the war in Iran will continue longer than most think. if other countries get dragged into it, things could get really bad. Gas will stay elevated, and stocks will get crushed. For some reason, the fed is floating the idea of RAISING RATES. Another negitive. 

RECESSION INDICATORS ARE ALL FLASHING RED! AND ARE AS FOLLOWS 

1. GOLD TRIPLED IN 6 MONTHS 

2. SILVER QUADRUPLED IN 6 MONTHS

3. Oil has doubled and will likely go higher.

4. Inverted yield curve inverted and uninverted roughly 15 months ago. (Recession usually follows 6-18 months after this happens. We are in the sweet spot, and look what is happening.

5. On april 3rd, the unemployment data will be realsed. If the unemployment is 4.6% or higher, the SAHM ruled will be triggered. another recession indicator. google the Sahm rule if you are not familiar.

If you have been following the real estate market, you would know that it doesn't look good right now, and keeping rates high/raising rates is terrible for the economy. 

Last time the economy went in the dumps (covid), trump blasted jerome Powell to lower interest rates, eventually he did. this time, trump is not acting the same. not hearing much pushback is a bad sign.

I predict things are going south perhaps all year. 

Margin calls will happen. panic will set in.  Developments of this war are important. I don't see much room for positive news anytime soon...

I want to discuss any or all of my positions with whomever is interested or has input/thoughts. but know that the short positions are obviously more temporary. 

PSKY is the most interesting stock that people are overlooking, i feel. a lot to discuss that one. 

Anyway, good luck degenerates. now roast me like a turkey 

 ",HeavyPurpleBallsack,1774724036,2026-03-28 18:53:56,425,369,https://www.reddit.com/r/wallstreetbets/comments/1s68p8i/the_current_market_meltdown_and_how_to_navigate_it/,Discussion,False,Growth,recession
1s57t9v,wallstreetbets,"Long Oil, Folks","I have never traded options (or anything, really) in my life. Always been an index fund guy. 

Sometime around March 14th it became abundantly clear that there was no carrot the US could credibly offer the Iranian government to end the war on terms that would allow US access to the Strait of Hormuz. It has subsequently become clear that there is no potential for opening the Strait with our air and naval assets in the region, and that the time horizon for a successful land invasion/counter-insurgency operation to force it back open (not to mention mine sweeping, naval escorts, etc.) is far longer than the horizon for oil prices to hit (conservatively!) $150/barrel, causing at minimum a recession, at maximum a depression. 

Between functional closure of the Strait since February 28th, the shut-in of production capacity once storage on land and water was full, and the destruction of 30-40% of the civilian energy infrastructure in the Gulf, estimates for lost oil production range anywhere from 11 to 16 million barrels per day lost. 

For context, the oil market has been operating without one and a half Saudi Arabia's for a month. Even with SPR drawdowns and rerouting through Fujairah Depot in the UAE and the Saudi pipeline to Yanbu refinery on the Red Sea, you're looking at 6 million barrels per day lost, and that doesn't account for the loss of 40% of Russian supply due to Ukrainian drone strikes this week (estimated another 3 million barrels per day).

Fujairah was hit by airstrikes last week, and the Houthis have threatened to bomb Yanbu (again— they hit it two years ago and it's still not 100%) if that option is exercised. 

Which brings me to OXY and SM: Two domestic US shale oil producers with heavy exposure to the Permian Basin, who have begun to make money hand over fist from the this debacle, and who will inevitably make even more when the paper markets finally recognize the reality of the physical supply shortage, with supply chains scrambling for every available barrel.

In previous shocks (think Arab Spring, Invasion of Ukraine) these two stocks have moved with the price of Brent Crude at a clip of 1.0-1.3x (almost 1.5x for SM), and that's approximately what we're seeing today; when Brent Crude was $99/Barrel, OXY hovered around $58. Brent Crude sits at $110/barrel +/- as of this writing, and OXY is about $66.

Brent Crude is not going to stay at $110. It won't even stay at $120. The demand destruction necessary to stabilize oil prices— come mid-April, should this continue— is going to rival COVID; no cars on the road, no planes in the sky. United Airlines has canceled 5% of their flights, and surmises it could get as high as $175/barrel. The Trump administration is studying (to the extent they're capable of ""studying"" anything) what it would look like if oil hit $200/barrel. The price of Murban crude hit $180/barrel last week, we're already beginning to see the start of rolling energy shortages in SE Asia, Europe is next, and the US will be last in line (apologies if you live in California, you're on Europe's clock). 

All of which is to say....

tl;dr go long on COIL (Brent Crude ICE) if you can get the permissions to trade it; I couldn't, unfortunately. Otherwise, go long on OXY (Occidental Petroleum) and SM (SM Energy Co), because you, too, can profit from the start of WWIII. ",ThePre-FightDonut,1774626317,2026-03-27 15:45:17,82,46,https://www.reddit.com/gallery/1s57t9v,Gain,False,Growth,recession
1s4w2m8,wallstreetbets,What will happen with Iran:,"After the market closes this weekend or the next one Trump will send troops to Iran's Kharg island where all of Iran's oil exports pass through. Iran's oil exports will get erased.

Iran will retaliate by going full scorched earth on gulf countries' energy infrastructure, desalination plants and ships. This will not only halt oil production and exports but may turn into an entire genocide from which gulf countries won't recover.

Iran uses asymmetrical weapons like drones, speedboats and mines. And also proxy terrorist groups.

No matter how much Iranian assets Trump destroys there will always be a few guerillas in the mountains and mobile launchers hurling drones, missiles and mines.

Oil will skyrocket and the rest of the market will go into a recession.

They'll try to manipulate oil CFD prices - Japan has announced plans to short oil. But this will be just a dip buying opportunity and the price will recover.

Here's my humble life savings of 6000$ all bet on oil. ",Crafty_Aspect8122,1774591656,2026-03-27 06:07:36,22,84,https://i.redd.it/izwcwlg34jrg1.jpeg,Discussion,False,Growth,recession
1s4vyf4,wallstreetbets,What will happen with Iran:,"After the market closes this weekend or the next one Trump will send troops to Iran's Kharg island where all of Iran's oil exports pass through. Iran's oil exports will get erased.

Iran will retaliate by going full scorched earth on gulf countries' energy infrastructure, desalination plants and ships. This will not only halt oil production and exports but may turn into an entire genocide from which gulf countries won't recover.

Iran uses asymmetrical weapons like drones, speedboats and mines. And also proxy terrorist groups.

No matter how much Iranian assets Trump destroys there will always be a few guerillas in the mountains and mobile launchers hurling drones, missiles and mines.

Oil will skyrocket and the rest of the market will go into a recession.

They'll try to manipulate oil CFD prices - Japan has announced plans to short oil. But this will be just a dip buying opportunity and the price will recover.",Crafty_Aspect8122,1774591262,2026-03-27 06:01:02,1,1,https://www.reddit.com/r/wallstreetbets/comments/1s4vyf4/what_will_happen_with_iran/,Discussion,False,Growth,recession
1s3isoy,wallstreetbets,The real Michael Burry recession indicator. See y'all in 18 months.,,vintageshade,1774462910,2026-03-25 18:21:50,31,21,https://i.redd.it/wcsjt6l3g8rg1.png,Meme,False,Growth,recession
1s3c89a,wallstreetbets,The Harbinger of Recession has arrived.,"We're cooked, boys.  This time for real.  As we all know, great economies mean great jobs, and nothing exemplifies this more than the beautiful people getting the good jobs and the rest filtering down accordingly.  

As the economy goes down the shitter, the pretty people take jobs lower down the totem pole in response to market forces.  As the market gets worse, the hotties take lower and lower jobs until they're forced to work with the rest of us untouchables.  Even then, they try to ensure their job doesn't risk their ultimate advantage and get a job that may damage the goods.

BUT... Today as I walked into Waffle House, I was stopped dead in my tracks.  A 100% total smoke show was getting trained this morning on the grill.  AT A WAFFLE HOUSE.  The Roman Coliseum of the South.

Fuck.",Frumpy_little_noodle,1774448695,2026-03-25 14:24:55,3,1,https://www.reddit.com/r/wallstreetbets/comments/1s3c89a/the_harbinger_of_recession_has_arrived/,DD,False,Growth,recession
1s0l8sy,wallstreetbets,Tell me I’m wrong. Private credit is 2008 with a different middleman.,"I think I had a Mark Baum moment today regarding everything that’s happening with the Iran war and private credit and I would like your insight. Tell me to go fuck my self and how wrong I am please…

After 2008 regulators told banks to stop making risky loans. So they did. Kind of. Instead of lending directly to people and companies that can’t pay them back, banks started lending to private credit funds who do the dirty work for them. 40% of total bank loan growth in 2025 went to non-bank financial institutions. Exposed to $4.5 trillion between US and European banks.

These private credit funds then lend to overleveraged companies, package the loans into CLOs, sell tranches to insurance companies and pension funds, and everyone collects their fees. 20% of the entire US insurance industry’s assets are now sitting in private credit products. The same insurance industry that’s supposed to be the safe boring money.

The risk didn’t leave the banking system. It just took a detour through a middleman so everyone could pretend it did.

Now look at what’s happening underneath. 40% of private credit borrowers have negative free cash flow. Actual default rates are closer to 9% but payment -in-kind accounting lets funds pretend borrowers are paying when they’re not. They just add the unpaid interest to the principal and call it performing. 

Blackstone’s $82 billion flagship fund just got hit with $6.5 billion in redemption requests. A BlackRock CLO breached its collateral triggers. Funds are gating withdrawals left and right. Jamie Dimon said when you see one cockroach there’s probably more.

And that was BEFORE oil went to $170 physical and the Fed got trapped between inflation and recession. Now every overleveraged company in these portfolios is getting crushed by energy costs while the one thing that could save them, rate cuts, isn’t coming because CPI is ripping higher from the oil shock.

The 2008 chain was: bad mortgages, CDOs, banks, AIG, bailout.

The 2026 chain is: bad corporate loans, CLOs, private credit funds, insurance companies, banks who lent to all of them.

Same structure. Same incentives. Same opacity. Nobody knows who holds what. Nobody wants to ask because the fees are too good. Sound familiar?

DB has 30% of its loans to non-bank financial institutions versus 8% European average. They just disclosed a $30 billion private credit book. Citi has the highest systemic amplification factor of any bank at 14.8x meaning a shock at Citi ripples 15 times through the system. Both are sitting right at the center of this web.

**The Iran war didn’t create this. 15 years of yield chasing and regulatory arbitrage created this. The war is just the match to the kerosene tank and whether the building can stand.** CLO triggers are already breaching. Funds are already gating. Defaults are already at records. And the energy shock 

hasn’t even fully hit earnings yet. That comes in April.

Tell me I’m wrong. I genuinely want someone to explain how $4.5 trillion in bank exposure to shadow lenders holding loans to companies with negative cash flow in the middle of an energy crisis ends well.

Positions: DB $20P 7/17, C $48P 7/17, TUR $27P 5/15. Because it’s not 2008 again. It’s the sequel.",_Doomer_Wojack_,1774185034,2026-03-22 13:10:34,2149,405,https://www.reddit.com/r/wallstreetbets/comments/1s0l8sy/tell_me_im_wrong_private_credit_is_2008_with_a/,Discussion,False,Growth,recession
1s56bmh,wallstreetbets,I made a poem about the current state of the stock market. I might be hitting a new level of boredom...,"**The Economy**

The market was up. Then it was down. Then sideways for a bit Like a dog chasing its tail But the tail is on fire And the dog is leveraged 3x.

They said ""AI will save us."" Nvidia went up. Then Alphabet said actually You don't need that much compute. Nvidia went down. Jensen Huang's leather jacket Could not protect him from this.

Oil hit 110 Because of course it did. The Strait of Hormuz Is apparently the world's anxiety chokepoint Both geographically And emotionally.

The Fed held rates steady At three-and-three-quarters Which satisfied absolutely no one, The economic equivalent Of bringing hummus to a party. Thanks, Jerome. Helpful.

Consumer sentiment fell to 53. Out of what, you ask? Doesn't matter. The vibes are off. A man in a Tesco Is buying a meal deal at 11pm And he doesn't even live in America. He's just sympathetically anxious.

Trump passed the ""One Big Beautiful Bill Act"" Which sounds like something A Year 2 child would name Their school goldfish. RIP Big Beautiful Bill. He didn't make it to half-term either.

The Nasdaq is in correction. The Dow is flirting with correction. The S&P is ""fine"" In the same way I'm ""fine"" After five straight weeks Of declining.

But don't worry. Goldman says growth is sturdy. Morgan Stanley says the bull market has legs. The bull is simply having a lie-down. A correction nap. He'll be up any minute. Any minute now.

...Any minute.",Large-Poetry258,1774623096,2026-03-27 14:51:36,2,1,https://www.reddit.com/r/wallstreetbets/comments/1s56bmh/i_made_a_poem_about_the_current_state_of_the/,Meme,False,Growth,economic growth
1s45rwg,wallstreetbets,This IS a Dip Buying Opportunity,"This is the ultimate launchpad for the modern financial system. The era of scarcity and restrictive debt is dead; we are entering the age of infinite productivity and hyper-growth. The massive surge in energy efficiency and the dawn of next-generation fusion/AI power cannot be overstated. I know some of you are paralyzed by doom-scrolling and missing the most obvious entry point of the century, but don’t be the person standing on the sidelines while the greatest wealth transfer in history moves into the hands of the bold.

The straits are open, the supply chains are being hardened by autonomous tech, and the ""damage"" people talk about is actually the clearing of dead weight. This is the industrial revolution of the 1800s, the internet boom of the 90s, and the post-2008 recovery all rolled into one, except objectively better because our technological floor is ten times higher. Even if there is minor friction, the global incentive for stability is too high; the world’s superpowers are literally subsidizing the next leg up of the global economy.

Global capital is fleeing stagnant assets and pouring into US markets at a parabolic rate. Sovereign wealth funds aren't liquidating; they are rebalancing into the only productive engine left on the planet. East Asia and Europe are desperate to park their cash here because we are the only ones who have solved the energy-productivity equation.

The economic renaissance we are about to witness will be legendary. Don't be fooled by the ""inflation"" bears you can't stop progress with a spreadsheet. We have moved past the 1970s; we are in a world where software and automation create value out of thin air. Retail isn't ""exit liquidity"" retail is the early-entry force that will ride this rocket to the moon while the ""experts"" stay in cash and watch their purchasing power evaporate. What’s the benefit of staying out? You might save a few pennies if there’s a tiny wobble, but if you believe in human ingenuity over doomsday thermodynamics, this house of cards is actually a fortress of steel.

**Positions**:

**100% in on Long dated calls on TQQQ for Jan ‘27.**

The tech sector is the only thing that matters. Innovation has zero ceiling and infinite demand. There is no chance they won't thrive in this converging goldmine of a hungry consumer base, plummeting tech costs, and the massive wall of capital waiting to buy every single ""dip"" for the next decade.",Codeskei,1774527267,2026-03-26 12:14:27,180,229,https://www.reddit.com/r/wallstreetbets/comments/1s45rwg/this_is_a_dip_buying_opportunity/,DD,False,Growth,economic growth
1s67evk,wallstreetbets,Control the 🛢️ control the universe: diplomacy affecting the market and bear thesis,"Ok listen up. Bulls r fuk. I’ll tell you why.

**My thesis:**

Downplaying just how bad infrastructure is already damaged, main LNG facility is Qatar is like 30% damaged and the timeline is already at months-years. Turning the pumps back on is not automatic. Ripple effects in the economy and production in Asia are already taking effect. The oil supplies of these countries are running down and the echo is going to be traveling for some time. Some countries are literally asking people to *shower less and take the stairs* (I smell inflation? And sweaty Koreans). This is already going to make things far worse for a while even if the conflict stopped tomorrow.

Everything needs oil. Fertilizer production slowing down makes food more expensive. Transporting literally *anything* is going to be more expensive for the foreseeable future.  

Portion 2: the geopolitical realities right now 

Iran literally holds all the cards. They can block the strait with a few speedboats with bombs and endless drones, they have started mining the strait reportedly. The diplomacy that is going on is very very preliminary and has already been rejected by Iran multiple times for being a non-starter. This is a catch-22 circle jerk where the U.S suddenly ending this can't even be spun as a victory, which feeds back into the need to stay longer to achieve something. I think 

Yes I’m part of the community 🏳️‍🌈🐻 I am personally leveraged to my maximum risk tolerance (shout out to the good old days of u/1r0nyman)

**Positions**:

USO 118c 6/18/26

QQQ 570p 5/1/26 (post CPI numbers which should be bad)

CVNA 300p 4/10/26

XLE 58c 7/17/26

\~10 shares of LNG at $240ish

SPY 650p 5/1/26

I focus mostly on higher delta ITM options bc I’m already down so much at the casino. See recent post from other guy about rolling USO weeklies with high delta.

Going to tap back into SLV and IAU once the dust starts to settle. Initially these will probably go down because of liquidity needs but if inflation sets in they will recover hard. Just waiting for a good entry point but looking at July dated SLV 74.50 strike.

**Tl;dr**

Diplomacy is overstated and hopium is still too strong in the background, energy infrastructure already worse than people think, Iran not going to stop this soon. Oil and inflation up, market and crypto down bigly and then gold/silver up after once they disconnect from the reaction and start following their fundamentals.

Godspeed regards

",BlatantPlatitude,1774721006,2026-03-28 18:03:26,436,259,https://www.reddit.com/r/wallstreetbets/comments/1s67evk/control_the_control_the_universe_diplomacy/,Discussion,False,Inflation,inflation
1s54h7v,wallstreetbets,Can SoFi Management Be Trusted? Comparing Management Statements with Hard Data,"I am short SoFI and this is not financial advice.

SoFi presents itself as careful, transparent, open to engaging with investors. In turn, investors generally cite to SoFi's narrative when valuing or discussing the company: SoFi is diversifying beyond lending, SoFi is nimble and more efficient than legacy brick and mortar banks, SoFi's customer base consists of digital first, high potential earners who are a solid foundation for the company, etc.

But what if those narratives are simply wrong? And management has been painting an inaccurate picture? I have found data that raises a lot of questions.

To start on this topic, you have to go back to 2004, 7 years before SoFi was even founded.

In 2004, SoFi CEO Anthony Noto was profiled in the New York Times.

The gist of the profile was that Noto was a star internet analyst at Goldman Sachs who had gotten off to a rocky start at his career before turning things around. Several negative performance review comments from Noto's GS superiors hitting the same theme made it in to the profile:

https://preview.redd.it/jz8wphmvblrg1.png?width=953&format=png&auto=webp&s=8af5d8ec76c1e2556c52254230504e9c3d1ba966

[](https://preview.redd.it/is-there-a-management-credibility-gap-v0-ucknvrz07grg1.png?width=610&format=png&auto=webp&s=5e871a24d49543a14f2e5f2698f48271b141efb8)

[](https://preview.redd.it/is-there-a-management-credibility-gap-v0-ofp8jzm27grg1.png?width=600&format=png&auto=webp&s=daccdb747fb471b32cb5e8ae469c701eb7585582)

https://preview.redd.it/rdjzcvmxblrg1.png?width=938&format=png&auto=webp&s=ed37bdec4b04b15ff599e9e53a23b5b0619d99bc

Fast forward 10 years. Noto joins Twitter as CFO in July 2014, after being the lead banker from GS on Twitter's IPO. He later is promoted to COO in November 2016, before abruptly leaving in February 2018 to become CEO of SoFi.

Throughout Noto's tenure at Twitter, investors were constantly pressing Twitter to disclose the number of Daily Active Users (DAU). Instead, Twitter had only reported Monthly Active Users (MAU). There was ongoing controversy regarding whether Twitter engagement had fallen, and whether engagement was inflated by bots.

In February 2015, Twitter acknowledged lower than expected MAU growth at the end of 2014, but stated that its ""MAU trend has already turned around and our Q1 trend is likely to be back in the range of absolute net adds that we saw during the first three quarters of 2014.""

During the Q1 2015 Earnings Call on April 28, 2015, analysts pressed for exact DAU numbers. Noto refused to provide ""visibility,"" giving this specific justification:

""It's a measurement that is dependent by market and you could have a mix shift so that could be a little bit misleading.""

During a July 2015 earnings call, Noto told investors ""\[W\]e do not expect to see sustained meaningful growth in MAUs . . . \[for\]a considerable period of time."" The stock plummeted.

During the Q4 2015 earnings call, Twitter management explained that “\[t\]he one engagement metric that we look at holistically is daily active users,"" shifting from its prior public focus on MAUs.

Twitter's official, audited 10-K and 10-Q reports filed with the SEC during this time period routinely stated:

""False or spam accounts represent fewer than 5% of our MAUs.""

In 2018, Twitter purged tens of millions of bot/spam accounts, causing Twitter stock to drop more.

Litigation was filed against Twitter, Noto, and CEO Dick Costolo contending they concealed negative, stagnating or declining user engagement by reporting vague descriptions of user metrics. Twitter, Noto, and Costolo denied all allegations against them.

5 days before trial, in 2021, Twitter paid shareholders $809.5 million to settle. 

By that point in time Noto was long gone from Twitter. In fact, SoFi had gone public a few months earlier (June 2021) through a deSpac put together by Chamath Palihapitiya's Social Capital Hedosophia. Noto's former boss, Dick Costolo, joined SoFi as a board member.

The following are various narratives and claims that SoFi has made over the years, followed by hard data. You can judge for yourself whether Noto and SoFi have engaged in spreading the same overly upbeat and/or misleading narratives that Noto was accused of disseminating in the past.

**Narrative:** Sofi has been diversifying its revenue base by relying less on capital intensive lending earnings and more on fee based earnings derived through its Financial Services and Technology Platform business segments.

**Notable Quotables:** ""Financial Services products drove over 89% of our total product growth. This reflects the deliberate diversification of our business towards more capital-light, fee-based revenue sources, which we expect to continue in 2025. Together, our Financial Services and Technology Platform segments generated $1.2 billion of revenue, up 54% year-over-year. These two segments accounted for 47% of our adjusted net revenue, up from 38% last year. It's safe to say SoFi is not just a len",bnewhard,1774619017,2026-03-27 13:43:37,0,22,https://www.reddit.com/r/wallstreetbets/comments/1s54h7v/can_sofi_management_be_trusted_comparing/,DD,False,Inflation,inflation
1s4wqa7,wallstreetbets,Why I think the clownshow diplomacy and long term effects are worse than people think 🥭🛢️,"Ok listen up. Bulls r fuk. I’ll tell you why.

**My thesis:**

We literally sent two real estate nepo babies named Jared and Steve (first mistake) to negotiate a complicated nuclear deal and ceasefire in the Middle East. Rubio is going no where near that place  and is not even involved.

Downplaying just how bad infrastructure is already damaged, main LNG facility is Qatar is like 30% damaged and the timeline is already at months-years. Turning the pumps back on is not automatic. Ripple effects in the economy and production in Asia are already taking effect. Some countries are literally asking people to shower less and take the stairs (I smell inflation? And sweaty Koreans). This is already going to make things far worse for a while even if the conflict stopped tomorrow.

This other article opened my eyes to the “diplomacy” that is actually going on: https://www.nytimes.com/2026/03/26/us/politics/trump-iran-talks.html?unlocked\_article\_code=1.WVA.Qe-P.VTe3VpsGW15x&smid=nytcore-ios-share

These people are not being taken seriously. 

🥭 cannot stay regarded longer than market realities. Desperately trying to spin his way out of this one but literally can’t fake boats going through the strait or not. Can’t even drop oil by much with a tweet anymore.

Iran literally holds all the cards. They can block the strait with a few speedboats with bombs and endless drones. They already rejected flat out unreasonable peace plans. They know Donnie doesn’t want to commit further but there’s no other way to unblock the strait. 

Yes I’m part of the community 🏳️‍🌈🐻

**Positions**:

USO 118c 6/18/26

XLE 58c 7/17/26

\~10 shares of LNG at $240ish

SPY 650p 5/1/26

I focus mostly on higher delta ITM options bc I’m already down so much at the casino. See recent post from other guy about rolling USO weeklies with high delta.

Going to tap back into SLV and IAU once the dust starts to settle. Initially these will probably go down because of liquidity needs but if inflation sets in they will recover hard. Just waiting for a good entry point but looking at July dated SLV 74.50 strike.

**Tl;dr**

Monkeys running diplomacy not being taken seriously, energy infrastructure already worse than people think, Iran not going to stop this soon. Oil and inflation up, market down bigly and then gold/silver up after 

Godspeed regards",BlatantPlatitude,1774594038,2026-03-27 06:47:18,363,147,https://www.reddit.com/r/wallstreetbets/comments/1s4wqa7/why_i_think_the_clownshow_diplomacy_and_long_term/,Discussion,False,Inflation,inflation
1s4ware,wallstreetbets,Trump Extends Deadline for Iran to open Strait or Face Strikes on Power Grid: per NYT,"Ok listen up. Bulls r fuk. I’ll tell you why.

My thesis:

We literally sent two real estate nepo babies named Jared and Steve (first mistake) to negotiate a complicated nuclear deal and ceasefire in the Middle East. Rubio is going no where near that place  and is not even involved. 

Downplaying just how bad infrastructure is already damaged, main LNG facility is Qatar is like 30% damaged and the timeline is already at months-years. Turning the pumps back on is not automatic. Ripple effects in the economy and production in Asia are already taking effect. Some countries are literally asking people to shower less and take the stairs (I smell inflation? And sweaty Koreans) 

This other article opened my eyes to the “diplomacy” that is actually going on: https://www.nytimes.com/2026/03/26/us/politics/trump-iran-talks.html?unlocked\_article\_code=1.WVA.Qe-P.VTe3VpsGW15x&smid=nytcore-ios-share

🥭 cannot stay regarded longer than market realities. Desperately trying to spin his way out of this one but literally can’t fake boats going through the strait or not. Can’t even drop oil by much with a tweet anymore. 

Iran literally holds all the cards. They can block the strait with a few speedboats with bombs and endless drones.

Yes I’m part of the community 🏳️‍🌈🐻

Positions:

USO 118c 6/18/26

XLE 58c 7/17/26

\~10 shares of LNG at $240ish

SPY 650p 5/1/26

I focus mostly on higher delta ITM options bc I’m already down so much at the casino. See recent post from other guy about rolling USO weeklies with high delta.

Going to tap back into SLV and IAU once the dust starts to settle. Initially these will probably go down because of liquidity needs but if inflation sets in they will recover hard. Just waiting for a good entry point but looking at July dated SLV 74.50 strike.

Godspeed regards ",BlatantPlatitude,1774592458,2026-03-27 06:20:58,10,9,https://www.nytimes.com/live/2026/03/26/world/iran-war-israel-trump-oil?smid=nytcore-ios-share,News,False,Inflation,inflation
1s4jzx5,wallstreetbets,Bear Thesis,"Alright lemme get my existential anxiety out in the form of a bear thesis:

Currently it seems like we’re headed for something bad. The concerns are threefold:

1.) Oil shock causing resurgent inflation

2.) Overvaluation of AI companies

3.) Concerns that many private credit loans are overestimated in value, and may in fact be worthless.

The oil shock is self explanatory enough, but it adds a layer of deeper concern to points 2 & 3.

Let’s look at the big boys in the AI space. OpenAI, Anthropic, Google, MSFT, Meta. These are your folks pushing “frontier models”. Thing is the frontier model race isn’t looking like so much of a race at this point. Anthropic and OpenAI are pulling ahead of competitors (Google only slightly behind). Llama is declining in adoption as the other models continue to surpass it.

That’s not a huge concern though. If a bunch of companies are trying something new, you’ll have a handful of them actually succeed at scale. Normal stuff. Still, the eventual losers might be currently overvalued.

We have exciting tech coming out, OpenClaw is very cool, but it doesn’t add value to any company. It cuts costs, sure, but again, it’s essentially just a pre-built AI agent using a big boy’s LLM. No company will gain a unique advantage over any other by adopting this type of workflow, everyone will adopt it. It’s not a monetizable thing.

The greater concern are the thousands of AI “companies” that are little more than a GUI or wrapper for one of the big boys LLMs. I brought up AI receptionists in a previous comment. Dozens of companies. There are thousands of these bullshit companies in different niches, all one product update away from being obsolete.

Then you have Private Credit, and this is concerning on both ends, Big Boys and bullshit. First off, the jitters in private equity are serious. Consecutive quarters of loans going from 100 cents on the dollar to zero. That’s not a result of a material change in these businesses. The loans should never have been given in the first place.

Then you have OpenAI offering a guaranteed 17.5% return to private equity, when they’re not remotely profitable.

And this is all within the context of potentially resurgent inflation that may make the Fed unable to cut rates, and a massively increased debt to gdp ratio compared to 2020 or 2008 that makes massive stimulus far more difficult to perform.

It’s all very concerning.

Closed QQQ 585p 6/27 +250% today. Waiting to see tomorrow’s action. Likely reopening QQQ and SPY puts Monday, QQQ 560p sometime in April, not sure about SPY yet. ",ihopethisworksfornow,1774559379,2026-03-26 21:09:39,123,297,https://www.reddit.com/r/wallstreetbets/comments/1s4jzx5/bear_thesis/,Discussion,False,Inflation,inflation
1s4cdzb,wallstreetbets,"War in Iran Will Push U.S. Inflation Above 4 Percent, O.E.C.D. Forecast Says",,rootoo,1774542664,2026-03-26 16:31:04,12,7,https://www.nytimes.com/2026/03/26/business/inflation-prices-energy-iran-oecd.html?smid=nytcore-ios-share,News,False,Inflation,inflation
1s4857s,wallstreetbets,"Global forecasting group sees U.S. inflation at 4.2% this year, much higher than Fed estimate",,Force_Hammer,1774533323,2026-03-26 13:55:23,1567,156,https://www.cnbc.com/2026/03/26/global-forecasting-group-sees-us-inflation-at-4point2percent-this-year-much-higher-than-fed-estimate.html,News,False,Inflation,inflation
1s47geq,wallstreetbets,"26 MARCH 2026 , WHAT IS HAPPENING WITH THE STOCK MARKET OVERALL","# Stock Market

US equities have been choppy in recent sessions amid Iran-related headlines and oil price swings:

* On **March 23**, the **Dow** rose \~760 points (+1.67% intraday momentum), **S&P 500** gained \~1.15%, **Nasdaq**\+1.38%, and **Russell 2000** jumped \~2.3% (escaping correction territory). Small caps and energy/defense sectors outperformed.
* Earlier in the week (around March 3–4), indexes saw mixed-to-positive closes but with volatility; the Dow hovered near 48,000–48,900 levels in some sessions before pullbacks.
* Recent trend: Rotation toward value/cyclicals/energy, with tech showing relative weakness at times. Broader dispersion persists—energy up sharply in parts of March, while some software/tech lagged.
* Overall 2026 YTD: Modest gains for S&P 500 (\~0.5% in one monthly view), with small caps and non-US stocks showing more leadership in rotation phases.

Sentiment remains cautious due to geopolitical risks and inflation worries, but rebounds occur on de-escalation hopes (e.g., Trump comments on negotiations).",Any_Pomegranate1134,1774531636,2026-03-26 13:27:16,0,7,https://www.reddit.com/r/wallstreetbets/comments/1s47geq/26_march_2026_what_is_happening_with_the_stock/,Discussion,False,Inflation,inflation
1s3y70h,wallstreetbets,This is not a dip buying opportunity,"This is the inflection point of the modern financial system. The era of cheap energy and free debt is over. The cataclysmic effects of losing 20% of the worlds most important commodity upon which the entire globes economy runs cannot be overstated. I know you’re all too busy fumbling around to buy weeklies and hopefully catch whatever small scale market momentum there is, but don’t be picking up pennies in front of a steamroller and become a generational bag holder. 

That straight ain’t opening and even if it did tomorrow the damage is already baked in. This is the energy shocks of the 1970s, the speculative technology spending of the 2000s, and the crumbling financial bedrock of the economy of 2008 (PE already locking out withdrawals literally days after the start of this war) except objectively worse in all regards and occurring simultaneously. Even if a regime change revolution takes place tomorrow all it takes is for a small group of IRGC guerrilla militias in the Zagros mountains along the coast of the Persian gulf to launch a couple drones once every 1-2 weeks to keep the straight uninsurable and stop all shipping permanently. 

All of the gulf states currently have literally zero income and have to pay for their governments/welfare states as well as the additional expenses of defense and rebuilding, they’re liquidating their bonds rn (look at 10 year yield, it’s going parabolic) but after so long they’ll HAVE to start liquidating their giant investment funds of US assets just to cover their existence. East asia will have to do pretty much the same just to pay the energy price premium as they panic buy for the geometrically expanding price of oil+LNG.

The economic rapture we will soon see will be hard to imagine. Don’t be tricked by the illusion of the fed saving us, you cannot print hydrocarbons. We tried printing in the 70’s during the last energy crisis and we still got an entire decade of recessions as well as multi year inflation in the double digits. Retail is the exit liquidity. What’s the benefit of staying in this market anyways? If it’s temporary (it isnt) then maybe you make a couple percent on the rebound, but if you believe in thermodynamics over the market sentiment then this house of cards is coming down. 

Positions:

100% in on Long dated puts on IWM for Dec 18th. 

40% of the index is not profitable as is. Small caps have crummy profit margins and huge energy demand as is. There is no chance they’ll be able to survive the converging shitstorm of a decimated consumer, parabolic energy price increases, and the refinancing debt wall+PE locking out any debt rollovers",13jfncjai31,1774500888,2026-03-26 04:54:48,1965,784,https://www.reddit.com/r/wallstreetbets/comments/1s3y70h/this_is_not_a_dip_buying_opportunity/,Discussion,False,Inflation,inflation
1s32rou,wallstreetbets,"Oil prices resumed rising on Tuesday after falling the day before. Michael Kantrowitz, chief investment strategist at Piper Sandler, pointed","“We continue to see this as just an oil-driven, one-variable market,” he said on CNBC’s “Closing Bell: Overtime” Tuesday afternoon. “Oil and interest rates are driving the equity market. And for now, I think markets are priced appropriately for where conditions are, and we’ll continue to move and react as conditions evolve.”



He added: “I’m less concerned about the economy. I think the U.S. economy can certainly handle $90, $100 oil. I’m a little more concerned about interest rates and the fear of persistent inflation weighing on equity multiples.”",Green-Cupcake-724,1774419068,2026-03-25 06:11:08,1,1,https://www.reddit.com/r/wallstreetbets/comments/1s32rou/oil_prices_resumed_rising_on_tuesday_after/,Discussion,False,Inflation,inflation
1s2wyjk,wallstreetbets,"There is no chance for a ceasefire, market is going down","All this algo and desperation buying is pretty silly, especially considering a ceasefire would completely go against Irans entire strategy. Iran does not have to win a land war. They have to survive keeping the strait of Hormuz shut for 12 weeks. At 12 weeks, the US economy is gut punched and the Fed becomes incapable of cutting rates. Treasury prices skyrocket, and inflation runs out of hand. The US becomes fiscally incapable of maintaining a war against Iran, and completely incapable of supporting Israel. 

Why would the give up a chance for that just for the possibility that they might get a temporary reprieve from foreign interference at the cost of never being able to control the strait of Hormuz again, and losing every gain for nuclear development? They won’t. The White House is just praying the Iranians aren’t smart enough to realize this. 

Position April 17 qqq puts $565 ",bluecandyKayn,1774401827,2026-03-25 01:23:47,466,251,https://www.reddit.com/r/wallstreetbets/comments/1s2wyjk/there_is_no_chance_for_a_ceasefire_market_is/,News,False,Inflation,inflation
1s2oh4p,wallstreetbets,USS Tripoli Takes Khars Island,"THESIS: 

The USS Tripoli is going to land Marines as early as this week on Khars Island (90% of Iran's crude flows though it), US flag up, tanks standing. De facto control of Iran shifts to the United States. 

Trump has been consistent - 40 years ago in The Guardian ""They've been beating us psychologically, making us look like a bunch of fools. One bullet shot at one of our men or ships, and I'd do a number on Kharg Island.

I'd go in and take it."" Today: Asked who would control the Strait of Hormuz, he said

""Maybe me,"" adding the new Iranian leader would play a role too.

Over the next 30 to 60 days SPY bounces back to pre-buildup 695. Plus delayed gain on blowout fourth-quarter earnings calls in late January overshadowed by the arrival of the USS Eisenhower, easing inflation worries, and the first real peace in the Middle East in nearly 50 years - an economic powerhouse fully unleashed. less",AdOnly627,1774382029,2026-03-24 19:53:49,0,58,https://i.redd.it/nrm6i4nrs1rg1.jpeg,YOLO,False,Inflation,inflation
1s1pxrv,wallstreetbets,SPY 10.8x - Trump grabs Khargs Maduro-style,"Crowd’s bearish—everyone thinks boots on ground, endless war. But nah: Trump’s gonna land Marines on that tiny island (90% of Iran’s crude flows though it), leave tanks standing. Iran caves—no full fight. 

The US Tripoli is nearing the Strait, takes it Maduro-style. US flag raised. Trump’s been consistent. 40 years ago: “They’ve been beating us psychologically, making us look like a bunch of fools. One bullet shot at one of our men or ships, and I’d do a number on Kharg Island. I’d go in and take it. Today:  Asked who would control the Strait of Hormuz, he said “Maybe me,” adding the new Iranian leader would play a role too.

SPY bounces back to pre-buildup 695 in 30 days plus add 5% delayed gain from blowout fourth-quarter earnings calls in late January overshadowed by the arrival of the USS Eisenhower, easing inflation worries, and first real  peace in the Middle East in 50 years.",AdOnly627,1774292163,2026-03-23 18:56:03,0,76,https://i.redd.it/db117wqjduqg1.jpeg,YOLO,False,Inflation,inflation
1s1ctkg,wallstreetbets,Gold Lost 20% Last Week. Bitcoin Is Flat. The Safe Haven Narrative Just Switched.,Gold down 20% in a week while the Fed stays hawkish on oil-driven inflation. The same war that was supposed to make gold untouchable turned out to be the mechanism that killed the rally. Bitcoin is flat.,zakoal,1774260665,2026-03-23 10:11:05,35,63,https://dailycoinpost.com/gold-lost-20-percent-week-bitcoin-flat-safe-haven-2026/,News,False,Inflation,inflation
1s093j5,wallstreetbets,"Fortuna Mining Corp, junior mining company with huge growth potential","Bull case for Fortuna Mining Corp. (FSM)



As every one seen, the price of silver and gold has gone up dramatically since they’re preceived as safe-haven assets and wealth preservers, although silver has more reasons to go up, such as:  
  
→ 6 year run of supply deficit;



→ Its use on modern tech due to is conductivity, deficit will only get worse with every expanding capex budgets from tech companies to make data centers;



→ Medical applications, an aging population does not help the supply deficit;



For Fortuna which has its mines in Argentina, Peru, Cotê d’Ivoire and new gold mine project in the final stages and starting construction in h1 2026, is shielded from geopolitical blows as the southern hemisphere is typically safe from international wars and conflicts. This means it will have very little disruption on its mines helping sustaining continuous growth in production and profit generation.



So far, management expects and has shown so far:



→ 151% EPS growth this year alone, double and then some compared to the industry average of 65,9%;



→ Cash flow has risen y/y by 5,4% once again far superior to the industry average of 2,2%, the annualized yearly growth of cash flow the last 3-5 years was 38,6% compared to the industry 4,8%;



→ Quarterly revisions of results has always been positive and will continue to be so due to the explosive rise in silver prices, which will only show the majority of its gains on 1Q26 and forward, since it’s the time frame where silver got above 100$/oz and is now stabilizing around 80$ - 90$/oz, same with gold since the war in Iran is on so gold will stabilize above 5000$/oz;



→ Exploration on the new gold mine project have been very successful, as the last drilling as shown a increase of 73% in indicated minerals resources (more gold and higher grade);



→ Only 4 analysts are following this stock, which means there’s some time before it goes into mainstream media news to get retail to pump the stock higher and get exit liquidity, they’ll probably get in around 1Q26 results reports since other gold and silver miners will get to expensive, reducing gains so they’ll start looking for mid-tier miners with good growth outlooks to pump;



→ RoA 11,59% / operational margin 43,42% / profit margin 30,35% all this as of now has been far better than other miners in the same tier and some from big miners on the top tier;



→ Cash on hand 560,75 million, double the debt amount they have of 211,3 million;



→ 65% production increase target in 24 months;



→ Lindero mine has its crusher broken but it’s getting a replacement at the end of march, making the mine have softer production in 1H26, full recovery in 2H26;



→ Overall consolidated costs per gold oz is 971$, 5% increase, due to expenses on mine expansion but will start to go back down around 2H26.



Since we are in another war with the middle east, inflation will come back strong and major capex budgets on tech, will only make the demand for safe-haven assets and raw materials used on tech more valuable making all the miners with room to grow very valuable. Let’s also not forget that from April 1^(st) and forward, Indian mutual funds will be allowed to buy gold and silver for the funds they manage.





My current position is 1000 shares at a acquisition price of 9,16/share, around 20% of my portfolio.",MemesGamingInc,1774143980,2026-03-22 01:46:20,7,16,https://www.reddit.com/r/wallstreetbets/comments/1s093j5/fortuna_mining_corp_junior_mining_company_with/,DD,False,Inflation,inflation
1s0l7ub,wallstreetbets,41k -> 359k GLD trade,"ok i included this water mark as i notice some scammers like to steal photos and pass it off as their own.

this trade was made on FOMC day with 5DTE. It has been common knowledge that rates would not be cut due to rising oil prices and i felt that this would have a major impact on gold. 

Was contemplating between SLV and GLD but decided to short GLD since the Vega/Implied Volatility was much lower and any big move would net larger gains.  

Have already taken profits, i do think that GLD will fall back to the 200-300 range in the longer term. It was really tempting to enter a position on friday but IV was so high due to triple witching and i don’t like to over pay for options. If GLD pumps on monday and vega drops substantially will look for a re-entry for longer dated puts. :)",Mindless_Asparagus_4,1774184962,2026-03-22 13:09:22,0,5,https://i.redd.it/c4nr67csilqg1.jpeg,Gain,False,Inflation,rising prices
1s4f3jf,wallstreetbets,"Microsoft freezes hiring in major cloud, sales groups, The Information reports","Microsoft freezes hiring in major cloud, sales groups, The Information reports

By Reuters

March 26, 20265:46 PM GMTUpdated 5 mins ago

56th annual World Economic Forum (WEF) meeting, in Davos

A man uses a phone next to a Microsoft logo during the 56th annual World Economic Forum (WEF) meeting, in Davos, Switzerland, January 20, 2026. REUTERS/Romina Amato Purchase Licensing Rights, opens new tab

March 26 (Reuters) - Microsoft (MSFT.O), opens new tab executives ​have in recent ‌weeks told managers ​at ​major divisions, including ⁠its ​cloud unit ​and North American sales groups, ​to ​suspend new hiring, ‌The ⁠Information reported on Thursday, citing ​three ​employees ⁠with direct ​knowledge of ​the ⁠decision.",rebel-capitalist,1774548458,2026-03-26 18:07:38,961,93,https://www.reuters.com/business/world-at-work/microsoft-freezes-hiring-major-cloud-sales-groups-information-reports-2026-03-26/,News,False,Jobs & Economy,hiring
1s66hfo,wallstreetbets,Vance Says Oil Prices Will Drop as Exit from Iran will happen soon,,rishabnum,1774718870,2026-03-28 17:27:50,0,5,https://realmwire.com/vance-says-us-exit-from-iran-war-is-just-around-the-corner-and-fuel-prices-will-drop/,News,False,Oil and energy,oil prices
1s65mm8,wallstreetbets,Short USO,"Shorted USO at $124. If I'm understanding this right it holds the near month contract so it's really a pure bet that oil prices will go down at some point in the future, which it's hard to believe oil will not be lower, say, 1 year or 2 years out. I can hold through USO going to $200. Yeehaw!!",JuanPabloElTres,1774716913,2026-03-28 16:55:13,16,61,https://www.reddit.com/r/wallstreetbets/comments/1s65mm8/short_uso/,Discussion,False,Oil and energy,oil prices
1s5yhjq,wallstreetbets,Oil surge opportunity with $Uber ?,"Listen up, my bear market suffering apes. While the world watches the Middle East, we look at the charts. Iran conflict = Oil supply shock = $120+ Brent Crude. Here is why $UBER is the asymmetrical play of the century:

• The Gas Trap: 90%+ of private cars in the US are ICE (Internal Combustion Engines). When gas hits $6-$7/gallon, the ""cost to drive"" becomes a luxury.

• The EV Advantage: Uber has over 180,000+ EV drivers and is pushing for 100% in major cities by 2030. Their fuel cost is flat while yours doubles.

• The Pivot Point: Historical data shows that when gas prices spike by 20%, ride-share demand can jump by 10-15% as people ditch their SUVs to save on parking and fuel.

• The ""Brrr"" Factor: Higher demand + fixed supply = Aggressive Surge Pricing. Uber takes its cut from a much larger pie without the overhead of the gas price hike.

The Math: High demand + High surge + Low EV operating costs = Massive earnings beat and margin expansion.

Position: I got 25 Uber shares which are now back at there entry Price. I‘ll buy more once they are down -10%.

Thesis good or Bad?",SpecialBeatForce,1774699338,2026-03-28 12:02:18,0,63,https://www.reddit.com/r/wallstreetbets/comments/1s5yhjq/oil_surge_opportunity_with_uber/,DD,False,Oil and energy,oil prices
1s5mxv5,wallstreetbets,"Rolled USO, Trimmed BNO, Puts on LUV. Oil Yolo.","**Rolled USO from 3-27-26 100C to 4-2-26 104C.**  Thesis is this has all been the warm up act and the real show is about to start.  Global oil inventories are shrinking and going into April we could see major shortages.  At this point even an end to the war won’t go all the way to fix the blown up refineries and missed shipments.

**Trimmed BNO because my anxiety is too high.**  I have PTSD (Post Tweet Stress Disorder).  Watching this position shoot up $20,000 on Friday and then fall $30,000 on Monday has given me an eye twitch. 

**Added 10X LUV 4-2-26 43 puts.**  This is also an oil trade.  I was a lifelong Southwest fan and now my bags don’t fly free, my credit card fee has tripled, and I have to pay extra to sit next to my annoying kids.  Airlines are notoriously unprofitable and as the oil crisis draws out we will be seeing a lot of sky-taxis hemorrhaging red.  LUV price target $15

**Rolling CVNA puts.**  Carvana is vulnerable to higher rates and higher oil prices.  Almost every vehicle Carvana sells has to be flat-bedded hundreds of miles.  The market has given them a x50 Pe ratio and forgotten they are a consumer cyclical company.  CVNA price target $35 pre-split.

**Disclosure**: I am a retail trader and a WNY car dealer, and not a finance or oil pro.  

**BFLO-Retail**",BFLO-Retail,1774661137,2026-03-28 01:25:37,32,26,https://www.reddit.com/gallery/1s5mxv5,YOLO,False,Oil and energy,oil prices
1s4rtps,wallstreetbets,Trump's de-escalation on Iran removed the geopolitical risk premium from oil prices.,[removed],Human-Employ7238,1774578780,2026-03-27 02:33:00,1,0,https://i.redd.it/xfqjpvqs1irg1.jpeg,News,False,Oil and energy,oil prices
1s49i4b,wallstreetbets,"Iran Formally Replied to US Truce Proposal, Report Says","The US had a 15-point plan that Iran is to follow for the US to agree to a ceasefire and peace.

Iran has responded with their own 5-point conditions for peace.

The points cited are basically the same five enumerated by state-run Press TV on Wednesday. The conditions are:

(1) A complete halt to “aggression and “assassinations” by the enemy.

(2) The establishment of concrete mechanisms to ensure that the war is not reimposed on the Islamic Republic.

(3) Guaranteed and clearly defined payment of war damages and reparations.

(4) The conclusion of the war across all fronts and for all resistance groups involved throughout the region

(5) International recognition and guarantees regarding Iran’s sovereign right to exercise authority over the Strait of Hormuz.

My read is that these are totally acceptable to POTUS, as long as Iran agrees to buy $1b of TrumpCoins.

Folks, looks like we are gonna have peace!  Energy prices are still going to remain elevated for a while but should be back to pre-war levels in a couple of years. This means the stock market can continue on its pre-war trajectory, with the war out of the way!

No more war to worry about.

Just the small small  normal things for the market to worry about, which are not insurmountable:

\- corporate earnings growth

\- AI bubble

\- commercial real estate vacancies and banks’ exposures to CRE

\- private credit cockroaches

\- stagflation

\- growing national debt, albeit only $39 trillion at the moment but expected to continue to grow due to expected increases in budget deficits

etc

Stonks going green again most days in 2026? Agree?

https://www.bloomberg.com/news/live-blog/2026-03-26/live-iran-war-trump-latest-news-updates-analysis-oil-markets?ai=eyJpc1N1YnNjcmliZWQiOnRydWUsImFydGljbGVSZWFkIjpmYWxzZSwiYXJ0aWNsZUNvdW50IjowLCJ3YWxsSGVpZ2h0IjoxfQ==",PurpleReign123,1774536431,2026-03-26 14:47:11,1,1,https://www.reddit.com/r/wallstreetbets/comments/1s49i4b/iran_formally_replied_to_us_truce_proposal_report/,Discussion,False,Oil and energy,oil prices
1s465g3,wallstreetbets,"Iran oil revenue jumps 21% to $139M per day in March as exports hold near 1.6M bpd, sole major Hormuz exporter","Source: [https://financialpost.com/apmn/business-pmn/iran-oil-revenue-soars-as-its-the-only-exporter-out-of-hormuz](https://financialpost.com/apmn/business-pmn/iran-oil-revenue-soars-as-its-the-only-exporter-out-of-hormuz)

Iran has likely earned hundreds of millions of dollars of extra income from oil sales since the start of the war, benefiting from a surge in the price of its crude after it became the only major exporter able to use the Strait of Hormuz.

The Islamic Republic is benefiting twofold from price moves since the start of the war. Its flagship crude grade is selling to customers, mostly in China, at the slimmest discount in more than 10 months to Brent. And the international benchmark itself has surged above $100 a barrel since the bombing began.

Iran’s exports are estimated to have remained close to prewar levels of about 1.6 million barrels a day this month. Ships carrying Iranian crude continue to load at the Kharg Island terminal and exit the Persian Gulf through the Strait of Hormuz — with activity gaining pace recently.

That’s in stark contrast to the effective blockade imposed on shipments from other Gulf producers.

Even as the US and Israel have battered Iran with daily airstrikes, their military efforts have been blunted by Tehran’s ability to maintain its financial lifeline. Tehran stands to gain even further after Washington, seeking to mitigate the war’s impact on oil prices, took the surprising step of temporarily suspending sanctions on a trove of Iranian oil that was already at sea in tankers. 

“The Trump Administration is practically begging Iran to sell oil,” said Richard Nephew, senior research scholar at Columbia’s Center on Global Energy Policy, who has served at the US Department of State as a deputy envoy for Iran and a coordinator for sanctions policy. “I would have thought that interdicting Iranian oil sales would have been a priority for the United States.”

Based on export estimates from [Tankertrackers.com](http://Tankertrackers.com) and prices for the country’s flagship grade Iranian Light, Tehran would have earned about $139 million a day from sales of its main Iranian Light crude blend so far in March, up from $115 million in February.

Iran’s oil has grown more valuable compared with international benchmark Brent, narrowing to a discount of $2.10 a barrel at the start of this week, the smallest in almost a year. The differential was wider than $10 before the war. 

The higher selling price for each barrel is key for Iran, which has suffered major damage from US and Israeli airstrikes and will have to make significant investments to rebuild and prop up its ravaged economy. The country has also expended many weapons in retaliatory strikes around the Middle East that will need to be replenished.

Kharg Island

As countries like Iraq and Kuwait have been forced to sharply cut production, and the United Arab Emirates and Saudi Arabia have scrambled to use alternative export routes, Iran has continued to load tankers and sail them out of the Persian Gulf. 

From March 1 to 23, Iran exported about 1.6 million barrels a day on average, close to prewar levels, according to TankerTrackers.com. Even before the war started on Feb. 28, the country’s shipments were unusually high, with February loadings at the highest level since around July 2018, Kpler data show. 

Oil infrastructure at Iran’s main export hub, Kharg Island, has been spared by the US — which only hit military targets there. Satellite photos from the European Union’s Copernicus Browser from between March 2 and March 22 show very large crude carriers moored at the terminal on each occasion.

And the activity appears to be gaining pace — an image from March 2 shows a single supertanker moored at Kharg, while pictures from March 7 and March 17 show two of the vessels taking on cargoes. The most recent picture, from Sunday, shows two VLCCs moored and a third that appears to have recently left the terminal.

Iran has also shipped crude from its Jask terminal which is beyond the Hormuz chokepoint. A satellite image from March 5 shows a supertanker approaching the loading buoy at he terminal. A second image, captured three days later, shows the same ship moored at the buoy. 

Crude shipments from Jask are usually infrequent, with only five ships loaded there since the terminal was officially opened in 2021.

Iran is also bringing in extra income by charging transit fees of as much as $2 million on some commercial ships crossing the strait.

In contrast, the oil-export earnings of other Persian Gulf nations have suffered considerably through the war. Costly strikes have hit a range of energy assets from oil and gas fields to refineries and ports. Billions of dollars of damage was inflicted on Qatar’s Ras Laffan facility, the world’s largest liquefied natural gas export hub, curtailing production for years. 

Iran’s energy infrastructure has largely escaped attack during the war, with the exception of Israeli airstr",callsonreddit,1774528322,2026-03-26 12:32:02,1,1,https://www.reddit.com/r/wallstreetbets/comments/1s465g3/iran_oil_revenue_jumps_21_to_139m_per_day_in/,News,False,Oil and energy,oil prices
1s45nu6,wallstreetbets,The inevitability of the rare earth metals trade,"At the 2025 Energy Business Summit at the University of Southern California Marshall School of Business, billionaire mining entrepreneur Robert Friedland delivered a tour de force dissertation on critical minerals and the raw materials supply chain.

His message was clear and sobering: The world has an insatiable thirst for metals, from surging military budgets to AI data centers and the greening of the global economy, but it does not have a credible way to supply the metals it intends to consume over the next few decades.

**The United States is totally dependent on China for almost every critical mineral.**

A sampling of the soundbites that I found to be the most insightful and entertaining:

“**In this country, people think a ham sandwich comes from a refrigerator.** People that are highly educated and live in urban centers, they go to the refrigerator, they open it up, they take the ham sandwich out of the refrigerator. There’s 30 million pigs a month being slaughtered in a river of blood outside Chicago.”

**“The price of scandium has no where to go but up.”**

Friedland has been pounding the table on scandium recently, including an [appearance on Bloomberg](https://www.bloomberg.com/news/videos/2026-01-05/billionaire-miner-friedland-on-critical-minerals-push-video). Friedland is Co-Chairman and a non-executive director of Sunrise Energy Metals Ltd., he is also the largest shareholder with a \~19% stake based on the latest reporting. Sunrise’s Syerston Scandium Project in New South Wales, Australia is one of the world’s largest undeveloped scandium resources with 19,000 tonnes of contained scandium metal in resource.

On the daunting scale of copper the world needs to produce over the next two decades:

“You can’t build electric cars and windmills and solar and have a modern military without these metals. So, there’s a reason why underwater power cables are so expensive. That’s what it looks like when you put up a windmill offshore Nantucket Island and you want to bring that electricity and be green\*\*. It’s all copper, copper, copper, copper, copper. Copper right now, we’re expecting that to be a $270 billion a year market by tomorrow morning. And where’s this metal going to come from? There’s no copper inventory at all.”\*\*

“How much copper are we using? We’re consuming 30 million tonnes of copper a year, only 4 million tonnes of which is recycled. That means to maintain 3% GDP growth…..now listen carefully, with no electrification…this is with burning oil and gas. **To maintain global 3% GDP growth, we have to mine the same amount of copper in the next 18 years as we mined in the last 10,000 years (combined)**. In the next 18 years, I’ve got to mine the same amount of copper as we mined the last 10,000 years…without electrification, without data centers, without solar and wind and the greening of the world economy. **You people have no idea whatsoever what we’re facing. You’re dreaming.**”

On copper, gold, and a ‘failing’ dollar:

“And the energy demand is beyond anything you can possibly imagine. Like, it’s just crazy. And so, we’re coming here from the most basic of industries telling you **copper is money**. You can build your house out of copper bricks. 10 years from now, you can just tear your house down and buy a fleet of electric Lamborghinis with the profit…**because the dollar is failing against copper. The dollar is failing against gold. The dollar is failing against water and food. We face a hyperinflationary era here.”**

On solar energy and grid-scale energy storage:

**“Solar doesn't work for a mine because the sun only shines five hours a day. Solar is useless unless you have grid-scale storage.”**

“As you balkanize what was formerly a just-in-time world economy to a just-in-case world economy, **some of these raw materials are going to be of nearly infinite value.”**

On AI & drones:

“All this stuff about AI, everything you're hearing, **it’s a fantasy because we don't have the energy.”**

“**We failed to regulate AI, it’s out there**…..even Indonesia or Turkey can make a great drone. If a million drones are coming at you, if you can't find a way to shoot them down, some of them going to get through and you die.”

On rare earth metals and escalating competition for raw materials supply chains:

“First of all, **rare earths aren’t rare and they’re not earths, they’re relatively common metals.** But we lack the processing capability required for most of these metals, and **we are entirely dependent on China for most of them.”**

“We are going to see a continuing escalating competition for these supply chain issues until we find a way to live with each other. At the moment, the competition continues to intensify and it’s likely to continue to intensify. **You will see this in the form of higher and higher raw materials prices when expressed in the United States Dollar.**”",Fun_Purpose6972,1774526940,2026-03-26 12:09:00,35,38,https://www.reddit.com/r/wallstreetbets/comments/1s45nu6/the_inevitability_of_the_rare_earth_metals_trade/,Discussion,False,Oil and energy,oil prices
1s3bsk6,wallstreetbets,When does a bad stonk become a good stonk?,"I’ve been tracking Plug Power through its massive cycles. After digging into their recent shift toward profitability and their dominant position in the green hydrogen build-out, the data suggests we are at a major turning point.
1. The Revenue Engine & Path to Profit
Plug isn't just a ""concept"" company anymore. They make money by selling hydrogen fuel cell systems and electrolyzers, specifically targeting heavy-hitters like Amazon and Walmart for their warehouse logistics.

* The Milestone: In Q4 2025, Plug hit a massive internal goal: positive gross profit ($5.5M).
* The Recovery: This is a 2.4% margin, which sounds small until you realize they were at a -122.5% margin loss just one year prior. The ship is officially being righted.

2. Valuation: Is it Undervalued?
The market is still pricing this like a failing startup, but the fundamentals say otherwise:

* Analyst Targets: Many analysts peg ""fair value"" between $2.74 and $2.79, representing an immediate 18%–23% discount from current levels.
* DCF Model: If you look at long-term Discounted Cash Flow projections, some models (including Yahoo Finance) suggest the stock could be up to 66% undervalued if they hit their 2027/2028 targets.

3. The ""Distribution Bottleneck"" = Plug’s Moat
A recent study from Heriot-Watt University (Jan 2026) identified a massive gap: hydrogen production is evolving fast, but distribution infrastructure is lagging at half the speed.

* Why this helps Plug: Plug isn't just making cells; they are building the infrastructure. As distribution becomes the ""dominant cost"" in the sector, the companies that already have established refueling networks and delivery contracts (like Plug) hold the keys to the kingdom.

4. Technicals & Market Momentum

* Moving Averages: The stock is currently showing strength, moving above its 50-day and 200-day Moving Averages (MA)—a classic bullish signal for a trend reversal.
* Relative Strength: In March 2026, PLUG has gained over 25%, significantly outperforming the S&P 500 during the same period.

5. The Long Runway
With hydrogen expected to capture 12% of the total energy market share by 2050, the macro tailwinds are undeniable. Between the global push for green energy and the volatility of oil prices, hydrogen has moved from a ""maybe"" to a ""must-have.""
The Play
This isn't just about the fundamentals—it's about a sentiment shift in a beaten-down sector.

* Target: $2.75+ (Short term) / $3.50+ (Long term).
* Strategy: Deep ITM or OTM Calls dated into 2027 to capture the full trajectory of their profitability roadmap.

TL;DR: First profitable gross margin in years, undervalued by at least 20%, and sitting on the right side of the 50/200 MA cross. The ""Green Energy"" movement is finally meeting actual balance sheet results.",bayruss,1774447712,2026-03-25 14:08:32,1,1,https://www.reddit.com/r/wallstreetbets/comments/1s3bsk6/when_does_a_bad_stonk_become_a_good_stonk/,Discussion,False,Oil and energy,oil prices
1s1zp1n,wallstreetbets,"Minutes before Trump's announcement, $800 million in trades made on oil prices",,slaveforyoutoday,1774314374,2026-03-24 01:06:14,576,95,https://www.9news.com.au/world/donald-trump-iran-updates-oil-futures-trade-suspicious-betting-activity-usa-world-news/1061ef6b-5fef-401c-b469-98016ccdb9c3?utm_source=facebook&utm_medium=social&utm_campaign=nine.com.au&utm_content=feed&utm_term=nine_digital&fbclid=IwZnRzaAQuwmpleHRuA2FlbQIxMQBzcnRjBmFwcF9pZAo2NjI4NTY4Mzc5AAEe_9eAXdMSIphZ_nADlXKE8k2lx3jg9YgeAxiFlXmqQaQc1JcerCip68BxFR0_aem_k4BcpNKP5TKXS7_-lyC36Q,News,False,Oil and energy,oil prices
1s1nwch,wallstreetbets,"$3.8 TRILLION IN 9 MINUTES, ON A SINGLE CAPS LOCK POST","This morning, Trump posted on Truth Social that the US and Iran have had ""very good and productive conversations,"" and suspended strikes on Iranian power plants for 5 days.

In 9 minutes, global markets surged nearly 4%.

$3.8 trillion in market value created in the time it takes to make a coffee. That's more than France's entire national debt.

Then Iran denied everything. ""No direct or indirect contact has taken place with Washington."" Tehran called Trump's announcement ""psychological warfare"" aimed at lowering energy prices.

Markets dropped sharply, though not all the way back down.

We're in the middle of a war, the Strait of Hormuz has been virtually shut for 3 weeks, oil is flirting with $100, and global markets just pivoted on a single all-caps post on a social media platform.

Reality keeps outdoing fiction.",NLegendOne,1774287854,2026-03-23 17:44:14,53,23,https://i.redd.it/l99qtqn80uqg1.png,Discussion,False,Oil and energy,oil prices
1s1lch8,wallstreetbets,This is all market manipulation by the Orange-man. He's done this before I don't know why people don't learn.,"If it's true that Orange-man is talking to Iran, he is not talking to the people in charge. 6-pointed-star country has said they will keep bombing anyways which will keep up escalation. Also the marines are still on their way and have not been called off. I feel like everything points to oil prices continuing to rise in the near future, don't be fooled by the false peace talks.",Emila_Just,1774282572,2026-03-23 16:16:12,1,1,https://www.reddit.com/r/wallstreetbets/comments/1s1lch8/this_is_all_market_manipulation_by_the_orangeman/,Discussion,False,Oil and energy,oil prices
1s1bt0u,wallstreetbets,🥭 🚀 or 🥭 🌮,"There seems to be no way anyone except USA benefits from the war.

Scenario A: 🥭 🚀 🇮🇷AN, middle east becomes radio active, no petrol and oil from region for next 100 years, we lose 30-40% of global crude and other oil output. price increases permanently till new supplies comes up from other countries or we shift to other sources. Timeline 2 to 5 years

Scenarios B: 🥭 🌮🌮, but 🇮🇷AN still refuses to open the straight coz it gay for gay bears. So short term 20 to 30% oil reduction for 1 years, price increases till they 🐓 out and resume production.

DD: So since we lose oil either way, prices gonna increase. Puts for 6 months, leaps for 2 years on world and USA.

Positions: PUTs for May 4 - 600 Strike",_freckles__,1774256971,2026-03-23 09:09:31,0,53,https://www.reddit.com/r/wallstreetbets/comments/1s1bt0u/or/,DD,False,Oil and energy,oil prices
1s195wg,wallstreetbets,Where TF is money going??,"The way I understand it, people pull money out of the markets and put it elsewhere like bonds or something stable. This has happened in every market dip or crash so far.


This one doesn't have that, people are pulling money out of the market but where is all that cash going? And more importantly, do people actually thing this conflict will last? Oil futures for Oct is close to touching 85, wtf is even happening here?


Now I don't have the balls to short futures, but those prices look ridiculous. I buy stocks without margin and chill but my net loss is in the mid 5 figs and that's irritating af cuz I wanted to buy a car this year.


Tldr, 2 questions,


If money is pulled out of the market, where is it going? It's definitely not bonds or anything stable.


Do people actually believe this issue and its effects will be significant till the Oct future expires?? ",TheRealFalcon05,1774246862,2026-03-23 06:21:02,516,409,https://www.reddit.com/r/wallstreetbets/comments/1s195wg/where_tf_is_money_going/,Discussion,False,Oil and energy,oil prices
1s0udye,wallstreetbets,Volume V: The Strait of Hormuz Just Made 1973 a Reality. Nuclear is the Only Way Out.,"Everyone studies the 1973 oil crisis and I hope it’s been made clear to everyone paying attention what type of commodities and equities ripped in the after-math….

This is now my 5th post on this topic and, in the 6 months I’ve been posting, about uranium producers, I have never been more bullish on what is about to happen over the next 1-3 years. So here goes it: 

With the Strait of Hormuz effectively shut down and 20% of the world's daily oil supply completely choked off, the ""just-in-time"" fossil fuel model is officially dead. Oil is spiking, LNG is stranded, and global energy security has evaporated overnight. We are watching a violent geopolitical supply shock collide with perfectly inelastic demand.

The world is frantically searching for alternative baseload energy that isn't hostage to Middle Eastern choke points. But here’s the kicker: this geopolitical nightmare is happening at the exact same moment as the biggest corporate power grab in human history.

Silicon Valley is starving for megawatts. AI data centers are consuming power at a terrifying rate and is projected to rival the electricity usage of a quarter of all US homes by 2028. You cannot run a trillion-dollar AI compute cluster on intermittent wind or solar, and you sure as hell can't rely on a fractured, war-torn fossil fuel supply chain.

Big Tech knows this. That’s why companies like Microsoft, Alphabet, and NVIDIA are bypassing the fragile grid altogether. They are backing Small Modular Reactors (SMRs), reactivating dormant nuclear plants, and aggressively pushing to colocate AI factories directly with nuclear power. Nuclear is the only carbon-free, 24/7 baseload power source that can actually scale to meet this demand.

But you can build all the SMRs and data centers you want. If you don't have the fuel, you just have a very expensive concrete paperweight.

The uranium market is in a massive structural deficit that is mathematically impossible to close this decade. 

Kazatomprom just slashed its 2026 output forecasts. The US has banned Russian uranium imports. The West is starved for friendly pounds, and the demand is totally price-inelastic. When a massive AI data center needs power, paying $150 or $200 a pound for uranium is a rounding error. Utilities and tech giants will pay whatever it takes. The US government will pay whatever it takes…

If you are agreeing with me thus far, I still believe there is a lot of room for retail to still get slaughtered. For instance, picking a penny stock with a digging permit and no physical yellow cake is the wrong way to play this. **If you want to play this historic supply shock, you must own the producers who can sell into the insane demand right now.**

**Cameco (CCJ):** The apex predator. They control the world’s premier Tier 1 assets. When utility buyers and tech hyperscalers panic over fuel security, Cameco is the very first phone call they make. They have the institutional scale, the political safety, and the contracting leverage to print cash in a supply crisis. Just listen to the reality check CEO Tim Gitzel dropped on their Q4 2025 earnings call in February. Cameco is currently signing long-term contracts with price ceilings in the $150s. Let that sink in. Utilities are voluntarily agreeing to terms that allow for three-digit uranium because they are terrified the physical supply won't be there. Sitting on $1.2 billion in cash, Cameco is maintaining absolute discipline—they are outright refusing to rush uncommitted pounds to the market just to chase volume. They are deliberately starving the utilities and forcing them to bid up the price. As Gitzel bluntly stated, they have ""never been at this kind of uranium price on the front end of a contracting cycle."" The panic is already happening behind closed doors.

Strong buy opportunity: $90-$110

**Energy Fuels (UUUU):** The absolute choke point for American energy security. They are the largest US uranium producer and operate the White Mesa Mill—the only conventional uranium mill in the country. With their high-grade Pinyon Plain mine currently ramping up production, they are the backbone of America's uranium renaissance. When domestic supply becomes a matter of national security, owning the processing bottleneck is a license to print money. If you want proof of their execution, look at their Q4 2025 earnings call. CEO Mark Chalmers confirmed they smashed every single guidance metric. They mined 1.7 million pounds in 2025 and are targeting up to 2.5 million in 2026. But here is the real catalyst: while spot prices hover in the $80s, UUUU’s production costs at Pinyon Plain are sitting at an absurdly low $23 to $30 a pound. They are actively driving their finished inventory costs down into the low $30s this year. Combine that massive margin expansion with a fortress balance sheet of nearly $1 billion in working capital, and the fact that the White Mesa Mill just proved it can churn out 350,000 pounds in a single month (December 2025)... they",nickman23,1774206735,2026-03-22 19:12:15,32,54,https://www.reddit.com/r/wallstreetbets/comments/1s0udye/volume_v_the_strait_of_hormuz_just_made_1973_a/,Discussion,False,Oil and energy,oil prices
1s0gj9e,wallstreetbets,"""we will likely see a Black Monday reopening of global equity markets in ​free fall and oil prices spiking significantly higher""",IG analysts saying we're looking at Black Monday. I guess that means we're going get the opposite?,SnooGiraffes449,1774168893,2026-03-22 08:41:33,271,64,https://www.reuters.com/world/middle-east/trump-threatens-iran-with-power-plant-strikes-over-hormuz-blockade-2026-03-22/,News,False,Oil and energy,oil prices
1s2kphn,wallstreetbets,ASP Isotopes (ASPI): Nuclear Fission/Fusion Fuel Play,"The market is currently pricing ASPI at \~$600M. But once you peel back the layers, you realize the market is valuing the entire Nuclear & HALEU business—the crown jewel—at exactly $0.

If you strip out the $300M in cash, you are paying $300M for an empire worth $1.2B+ on paper.

💧 1. Helium (Phase 2 DCF): \~$530M Value

• The Setup: Scaling from 58 MCF/day (2026) to 895 MCF/day (\~2030).

• The Math: While long-term contracts trade >$1,000/MCF, this model assumes only $300/MCF at 80% margins.

• The Bottom Line: Using a 10% discount rate, Phase 2 alone is worth $530M. You’re buying this at a discount and getting the rest for free.

🧪 2. Medical Isotopes (Revenues Next Q): \~$400M Value

• The Assets: Ytterbium-176, Silicon-28, and Carbon-14.

• The Run-Rate: $45M–$65M/year total, with revenue starting next quarter.

• The Valuation: At conservative 50% margins and a 15x EBITDA multiple, this segment is worth \~$400M.

☢️ 3. The ""Free"" Nuclear Option (TerraPower)

This is where the market is completely asleep. The following are currently assigned $0 value in the share price:

• HALEU: 10-year binding agreement for 150 metric tons (2028–2037).

• Infrastructure: TerraPower is loan-financing the enrichment facility at Pelindaba.

• Licensing: Quantum Enrichment (Laser) license expected within weeks/months.

ASPI's new partnership from today (March 24, 2026) with the University of Bristol targets the nuclear fusion market by using laser technology to enrich Lithium-6 and Lithium-7: https://ir.aspisotopes.com/news-events/press-releases/detail/102/asp-isotopes-announces-strategic-collaboration-between

The deal acts as a major validator, providing a UK-based, government-aligned site that bypasses previous regional risks associated with South Africa.

Lithium-6 is essential for ""breeding"" tritium fuel in fusion reactors, yet it remains extremely scarce with almost no current commercial production.

While advanced fission fuel sells for up to $5,000 per kg, enriched lithium could command prices exceeding $50,000 per kg due to its extreme rarity.

This expansion adds a third high-margin revenue stream alongside HALEU and helium, justifying a valuation well above the current $5.00 stock price.

By positioning as a global ""gas station"" for fusion, ASPI aims to monopolize a critical supply chain that the UK and allies are desperate to secure.

Full Discourse: I’m long shares & calls",Baba10x,1774374015,2026-03-24 17:40:15,0,6,https://www.reddit.com/gallery/1s2kphn,DD,False,Oil and energy,gas prices
1s0ytkb,wallstreetbets,"$Anna low float gas supplier stock with no shares left to borrow, crushed last earnings, way ahead of schedule on expansion/ramp,etc","So I don’t see a lot of people talking about this stock even after the massive jump the other day Friday. I believe the company is very intriguing and could move more especially if it gets attention. Small float of shares outstanding approx. 66.6 million compared to 9.4 million available to trade approx.

EARNINGS - revenue beat by 1631.36

Net income beat by 407.97

Net profit margin beat by 117.79

When buying pressure hits:

Not many shares available

Buyers compete → price spikes fast

\-Small-cap energy play (natural gas + renewable gas in Italy. Focused on natural gas exploration in Italy and sustainability initiatives, including the Longanesi field.

The field reached critical production milestones significantly faster than projected:

Start of Production: Gas production officially commenced on March 13, 2025.

Rapid Ramp-up: The facility achieved a stabilized production rate in just six weeks, which was well ahead of the anticipated three-month timeline for that milestone.

Full Output: By July 2025, the field had already reached its targeted maximum production rate for the entire year.

Daily Revenue: As of mid-2025, the field was generating over $100,000 in daily revenue net to AleAnna, aided by high Italian gas prices averaging approximately $13.50 per Mcf.

Quarterly Income: In the third quarter of 2025, sales from Longanesi generated $10.6 million in revenue, contributing to a net income of $5.3 million for the company during that period.

Year-to-Date Growth: Revenue from the field rose from $3.3 million in Q2 2025 to $10.6 million in Q3 2025 as production stabilized.

Profitability: The field enabled AleAnna to report its second consecutive profitable quarter in late 2025, with $6.3 million in EBITDA and $8.9 million in cash from operations for Q3 alone.

\- Early / development-stage → not consistently profitable

Yet they destroyed last earnings by a lot revenue up 1631.36 net income 407.97 net profit 117.97.

The ongoing war in Europe benefits $Anna hugely

\+47% increase in proved natural gas reserves (2025 report)

Expanding fields in Italy (Longanesi, Gradizza, etc.)

Middle East tensions + potential LNG disruptions

Reports of:

Strikes affecting Qatar LNG facilities

Threats/blockade around Strait of Hormuz

Europe already has low gas storage (\~30%)

Company is tied to Europe replacing Russian gas

Italy wants domestic supply → AleAnna fits that narrative

👉 This gives it a strategic narrative boost, especially politically.

Gas prices spike → all gas producers benefit

Europe scrambles for supply → local producers (like AleAnna) become more valuable

Stock recently rallied on gas price spikes

Overall this stock could key word could push alot higher Monday and through next earnings around March 30th. Also given how limited shares there really are and how volatile it can be especially if traders pile in",XShadesXOfficial,1774217160,2026-03-22 22:06:00,0,37,https://www.reddit.com/r/wallstreetbets/comments/1s0ytkb/anna_low_float_gas_supplier_stock_with_no_shares/,YOLO,False,Oil and energy,gas prices
1s3b3ox,wallstreetbets,"DD: $PLUG – The ""Clean Energy Squeeze"" Just Hit a Massive Inflection Point","
Position: $3.50+ Calls (Exp. 2027) | Current Price: ~$2.36 | PT: $2.75+ (Fair Value) / $5.00+ (Squeeze)
1. The Context: Why $PLUG Now?
I spend my time digging through sector news with a focus on critical thinking and industry intimacy. My last major call was $MU at $180 after the NVDA teardown revealed Micron’s dominance in their memory supply chain.
Plug Power ($PLUG) is the most compelling turnaround play I’ve seen this year. Here’s the breakdown.
2. The Fundamental Pivot: From ""Cash Burn"" to ""Gross Profit""
For years, $PLUG was a ""burn-and-churn"" story. That changed in Q4 2025.
The Milestone: Reported a positive gross profit of $5.5M (2.4% margin).
The Recovery: This is a massive shift from the -122.5% margin loss in Q4 2024.
Revenue Engine: They power the logistics backbones of Amazon and Walmart via hydrogen fuel cells and electrolyzers. They are shifting focus toward providing hydrogen power solutions for AI and data centers, moving away from being a broad producer to prioritize profitability.
3. Valuation: Trading at a Deep Discount
The Gap: Most analysts peg ""Fair Value"" between $2.74 – $2.79. At current prices, that’s an immediate 18–23% discount.
The Upside: Discounted Cash Flow (DCF) models suggest that if long-term renewable targets are met, the stock is currently ~66% undervalued.
The Technicals: $PLUG is currently reclaiming its 50-day and 200-day MA. Momentum is shifting from ""bearish"" to ""breakout.""
4. The Macro Play: The Distribution Bottleneck
A January 2026 study from Heriot-Watt University highlights a massive bottleneck: Hydrogen distribution is lagging production.
The Opportunity: While others focus on just making hydrogen, the infrastructure gap makes $PLUG’s established network and service contracts for giants like Walmart more valuable.
Market Share: Hydrogen is projected to hit 12% of global market share by 2050. $PLUG is a ""first mover"" that has survived the initial industry crash.

5. 25% Short Interest. As of March 26

This is where the volatility works in our favor.
Short Interest: Between 23% and 26% of the float is sold short.
Outperformance: $PLUG has gained 25% in the last month, significantly outperforming the S&P 500.
The Catalyst: With the recent pivot to AI Data Center power and a new CEO (Jose Luis Crespo), any positive news could trigger a massive short-covering cascade similar to previous retail-driven cycles.

TL;DR:
Profitability: Finally hit positive gross margins (Dec 2025).
Undervalued: 20% upside just to reach ""Fair Value""; 60%+ long-term potential.

The Play: LEAPS ($3.50+ Calls) for 2027.
Green Energy + Massive Short Interest + Infrastructure Advantage = profit",bayruss,1774446152,2026-03-25 13:42:32,0,8,https://www.reddit.com/r/wallstreetbets/comments/1s3b3ox/dd_plug_the_clean_energy_squeeze_just_hit_a/,DD,False,Oil and energy,energy prices
1s3az5u,wallstreetbets,"Every CEO is about to say ""unexpected headwinds"" 47 times this earnings season 💀","Supply chains just got Viet Konged and nobody wants to talk about it yet. But earnings calls don't lie — guidance does.

Watch for the buzzword bingo this quarter. Every CFO pulling up the same script:

""Uncertain macro environment"" — translation: we are cooked

""We remain cautiously optimistic"" — translation: updating LinkedIn

""Temporary disruption in key markets"" — translation: permanent disruption in our margins

The companies most exposed are the ones with heavy international procurement and thin margins who've been skating on ""just in time"" supply chains that are now ""just in shambles."" Industrials, semis, energy-adjacent names, anyone sourcing through the Middle East or relying on stable shipping lanes.

This is going to be a beautiful quarter for put holders and an extinction-level event for anyone who bought calls because ""it already priced in bro.""

Nothing is priced in. Nothing has ever been priced in. The market prices things in the same way I read terms and conditions.

Positions: SPY 540P 4/17, XLE puts, and emotional damage",MilesDelta,1774445859,2026-03-25 13:37:39,8100,483,https://www.reddit.com/r/wallstreetbets/comments/1s3az5u/every_ceo_is_about_to_say_unexpected_headwinds_47/,Discussion,False,Oil and energy,energy prices
1s4buzi,wallstreetbets,XLE is about to get humbled. Mean reversion play before earnings season. 🎯,"TL;DR: XLE is 42 cents from its 52-week high with RSI at 76 and volume dying. Buying May $57 puts before earnings season dumps this thing back to earth. Mean reversion baby.

Listen up.

XLE just ripped 30% YTD because Iran decided to be Iran and crude is above $114. Every boomer and their financial advisor is rotating into energy because ""it's a hedge."" Cool. You know what happens when everybody's already in the trade? The trade is over.

The numbers

So I'm staring at the chart eating my cray0ns and here's what I see.

Price right now is $61.05, the 52-week high is $61.47. We are literally forty-two cents from the ceiling. This thing was at $37 six months ago and somehow people are still buying up here like it's got room to run. RSI sitting at 76 which for anyone who failed TA class means the thing is more overbought than my ex-wife's credit card. Up 30% YTD — that's not a ""buy the dip"" setup, that IS the rip. Volume's been dying on green candles all week. The buyers are gassed. Nobody left holding the bid. Oh and ex-div was March 23 so the boomers who were just here for the dividend already got their 2.5% and bounced.

Wolfe Research literally came out this week saying energy is ""poised for a pullback."" When the sell-side tells you to sell it means the smart money left the building two weeks ago.

Why this disney dumpy opens soon

Earnings season starts next week. You already know what's coming. Every single energy CEO is going to sit there in front of the webcam looking concerned and say ""unexpected headwinds"" like they didn't see $114 crude coming from a mile away. They'll talk about ""capital discipline"" which is corporate for ""we think oil is going down too so we're not spending shit."" Then guidance comes in soft, the stock sells off 3-5%, and suddenly everyone remembers that mean reversion exists.

The Iran premium is baked in. The crude spike is baked in. What's NOT baked in is demand softening, China's recovery being mid at best, and the Saudis having the ability to turn the taps on literally any Tuesday they feel like it.

And again, volume declining while price rising. Bearish. Divergence. The buyers are exhausted and there's nobody left to buy.

The Trade

My play is May 15 $57 puts. About 7% OTM, 7 weeks to work, targeting the $55-57 range where the 20-day MA lives. If you want to be less of a degenerate you can do a bear put spread, buy the $59P, sell the $55P, same expiry. Caps your upside but also caps your loss to the net debit so your wife doesn't leave you.

If you're truly regarded and want the full WSB experience, the April 2 weekly $58P is dirt cheap and expires in 7 days. It either prints or goes to zero and honestly either way makes for great content.

What Could Go Wrong:

I mean everything obviously. Iran could escalate further and send crude to $130+ which would send XLE to $70 and me to Wendy's. The Saudis could cut production. Venezuela sanctions could get tighter. Energy earnings could actually come in hot and this whole thing just keeps ripping. Or worst case, nothing happens, XLE just sits here at $61 for six weeks grinding sideways while theta eats my puts alive. That's honestly the most likely way I lose money here. That and my wife finding out I'm trading options again.

Position

Opening the May 15 $57P at open tomorrow. Will post gain/loss porn either way because that's the deal.

Mean reversion isn't a question of if. It's when. And right now with RSI at 76, volume dying, sitting at a 52-week high right before earnings season where every CEO is about to disappoint, ""when"" is looking a lot like ""next week.""

MEAN REVERSION BABY 🔻

\*not financial advice, I eat crayons and my portfolio looks like a crime scene. positions or ban.\*",MilesDelta,1774541494,2026-03-26 16:11:34,1,7,https://www.reddit.com/r/wallstreetbets/comments/1s4buzi/xle_is_about_to_get_humbled_mean_reversion_play/,DD,False,Oil and energy,crude oil
1s48nvl,wallstreetbets,Bet on crude oil using 2x long call options!,,catchingsomezzzz,1774534517,2026-03-26 14:15:17,1,2,https://i.redd.it/h8i1azpmderg1.png,YOLO,False,Oil and energy,crude oil
1s2t1aq,wallstreetbets,Oil Traders are So Focused on the Headlines They've Lost Track of Asian Inventory Numbers,"**Oil Traders are so caught up in the headlines they've lost track of the 8-Ball.**  Asian floating inventories have fallen from 102 million barrels 3 weeks ago to just under 42 million barrels today.  

**That is 60 million barrels less in 25 days.**  A loss rate of 2.4 million barrels a day.  At this rate of decline Asian floating inventories will be depleted in 17 days.  

**Even if the Straits of Hormuz opened today it would take vessels 20-30 days transit time to reach Asia.**  What we are looking at is a heavily localized short term supply crunch.  There is virtually no world where the straits actually open today, the reality is our best case scenario is 2-3 weeks.  Followed by weeks of uncertainty as traffic slowly resumes.  

**My price target for oil remains $150 a barrel in April.**  Asian buyers will be outbidding every other buyer in the world, desperate to hedge against the possible shortages.  This will trickle it's way first through Brent Crude (BNO) and then West Texas (USO) to a lesser degree and over a longer time frame.  

**Positions and Disclosure.**  I am a retail trader.  Not a finance or oil pro.  I hold Calls in USO and BNO.  

",BFLO-Retail,1774392225,2026-03-24 22:43:45,2255,438,https://www.reddit.com/gallery/1s2t1aq,Discussion,False,Oil and energy,crude oil
1s1wc02,wallstreetbets,Volume in stock and oil futures surged (15) minutes before Trump's market-turning post - CNBC,"Anyone here notice the surge in S&P 500 and/or Oil futures at 650am ET, today? 

  
Do we know what the ""process"" is for Trump's ""posts"" on Truth Social to be posted is? Is it like he sends it to someone to post, and they (a Truth Social employee) post it within X min, or are these posts coming ""live"" from his Smartphone (and no one else sees them before they hit Truth Social?

Some folk(s) made a LOT of $$$ off that 15 min gap.... 

""the trades raised some eyebrows because whoever purchased a large amount of stock futures and sold or shorted crude futures at that moment made a lot of money just minutes later.

The U.S. Securities and Exchange Commission and the CME Group declined to comment.""",Boston-Bets,1774306179,2026-03-23 22:49:39,47,9,https://www.cnbc.com/2026/03/23/volume-in-stock-and-oil-futures-surged-minutes-before-trumps-market-turning-post.html,Discussion,False,Oil and energy,crude oil
1s1v5y1,wallstreetbets,Traders placed $580mn in oil bets ahead of Donald Trump’s social media post on Iran talks,"Traders made bets worth half a billion dollars in the oil market about 15 minutes before Donald Trump’s post touting 'productive' talks with Iran sent the price of crude tumbling and ignited volatility in other assets.   
  
Roughly 6,200 Brent and West Texas Intermediate futures contracts changed hands between 6.49am and 6.50am New York time on Monday, just a quarter of an hour ahead of the US president’s post on Truth Social that there had in recent days been 'productive conversations' with Tehran to end the war in Iran. The notional value of those trades was $580mn, according to FT calculations based on Bloomberg data.

**Read the full story** [**here**](https://www.ft.com/content/1171d623-3709-4f6e-8ded-a5df4ec57696?accessToken=zwAAAZ23L3Gdkc8RcdYjNwlPbtON7aXfTsV2lgE.MEUCIDqhvWRNedGRYYWc4iezS3PvALqUNOIFQc89etDDtG2dAiEA4AWvaXa1vmAlo_jrWURWdvt1dzJeyW0QsOOsXrcYhwA&segmentId=c50c86e4-586b-23ea-1ac1-7601c9c2476f) **for free.**

Rachel - FT social team",financialtimes,1774303435,2026-03-23 22:03:55,564,91,https://www.ft.com/content/1171d623-3709-4f6e-8ded-a5df4ec57696?accessToken=zwAAAZ23L3Gdkc8RcdYjNwlPbtON7aXfTsV2lgE.MEUCIDqhvWRNedGRYYWc4iezS3PvALqUNOIFQc89etDDtG2dAiEA4AWvaXa1vmAlo_jrWURWdvt1dzJeyW0QsOOsXrcYhwA&segmentId=c50c86e4-586b-23ea-1ac1-7601c9c2476f,News,False,Oil and energy,crude oil
1s1q6p9,wallstreetbets,Valero Energy (VLO) is a good oil stock because they refine PDVSA Venezuelan Crude-Benefitted from closure of of the Strait Of Hormuz,"From 2019 til the start of the pandemic I was a journalist reporting on the geopolitical issues in Venezuela and have followed issues in the country, since taking an interest in their state oil company and more importantly the American company who the heavy crude native to Venezuela. I don't have a large portfolio. It consistly solely of Valero and the website we're all using Reddit.

-----------

Valero has performed well during the Maduro regime and after the shift towards the Rodriguez administration and its efforts in liberalizing the oil sector. Equally or potentially more importantly the tensions involving the closure of the Strait Of Hormuz have benefitted Valero's stock price. Here's some reading on the matter:

https://www.barchart.com/story/news/674742/2-energy-stocks-to-watch-as-strait-of-hormuz-risk-spikes-oil-volatility

-------------

The numbers speak for themselves. Valero is up 46.35% YTD and 81.16% in the past year

https://ca.finance.yahoo.com/quote/VLO/

This is not a fluke either. This is how Valero generally performs. The only time I ever had to dump it was during the slump of 2024 which wasn't reflective of Valero. The entire market was down.  So for the long haul I've stayed bullish on Valero. 🛢🛢",StoopSign,1774292667,2026-03-23 19:04:27,163,83,https://www.reddit.com/r/wallstreetbets/comments/1s1q6p9/valero_energy_vlo_is_a_good_oil_stock_because/,Discussion,False,Oil and energy,crude oil
1s1f06p,wallstreetbets,"Me to Crude Oil, me too.",I feel that same as this glitched Cryde Oil graph in the yahoo finance app.,Al_Day,1774267574,2026-03-23 12:06:14,46,7,https://i.redd.it/76bnthpfcsqg1.jpeg,Meme,False,Oil and energy,crude oil
1s5iuff,wallstreetbets,Me this earnings season,"You can’t tell me Asia is struggling yet US companies are going to be posting record profits. 

Even AI data center components require materials from Middle East and shipped on boats from Asia. If they cant afford or access gas we’re fucked.

Most of these data centers also in EU. If it cost more to generate memes, what happens to earnings… Fed can print all they want, until they find a magic camel to suck up oil faster, hold on to your butts

Disclosure:

Young oil Barron in the making.

370c LNG

51p NKE ",Routine-Phrase457,1774650630,2026-03-27 22:30:30,732,91,https://i.redd.it/tj6wzuhgznrg1.jpeg,Meme,False,Fed,Fed
1s5drdp,wallstreetbets,Watch him drop it 2 minutes to market close,I’m so fed up. Blatant manipulation. ,AdFeeling8945,1774639051,2026-03-27 19:17:31,1,1,https://i.redd.it/pspknxm01nrg1.jpeg,News,False,Fed,Fed
1s1cmp5,wallstreetbets,the Russell 2000 is a grossly overvalued bag of inflated debt obligations while rates are rising and input costs are rising with oil,"Once upon a time in a shitty town in the mountains.......The Russell 2000 is where the companies that couldn't even get nerd town (Nasdaq) or popular town (SPY) goes to live. its filled with 40% of companies that are unprofitable. The 10 year treasury has now risen SHARPLY from like 4.1 to something like 4.42 as of writing. this was when the russell was at all time highs, since its only down 10%. 

The massive private credit debt bomb? that was supposed to get alleviated by a rate cut. That aint happening at least not until may with a new fed governor who would be insane to cut rates into an inflationary environment but i digress. The recent rate hikes vs expected cuts  just put the nail in the coffin for the zombie companies previously being propped up by NVDA's halo and 0% loans in yen which has also now ceased. For companies on thin margin paying interest only loans their monthly payment just went up 10% in 3 weeks while input costs are rising due to the oil and straits chaos.   


It's trading at an 18x PE and all time highs expecting positive news and it just got cock slapped. 

TLDR; Short UWM 30 strike october expiry 10 contracts 

the market is very thin on contracts either i'm completely regarded or i'm rain man vs the russell 2k with 2 grand. ",Spaceisveryhard,1774260019,2026-03-23 10:00:19,15,18,https://i.redd.it/7utgxuvsnrqg1.png,DD,False,Fed,Fed
1s4guko,wallstreetbets,14k YOLO BNO UCO UWM CORN,"long BNO UCO CORN

short UWM

The Russell 2000 is gonna get schwacked by rising interest rates coupled with rising input costs due to oil.

Corn is gonna rocket due to the cost of fertilizer doubling. 

Wish me luck or wish me dead, your choice. no crying in the casino",Spaceisveryhard,1774552298,2026-03-26 19:11:38,4,4,https://i.redd.it/zq73ksd1vfrg1.png,YOLO,False,Fed,interest rates
1s4ah2l,wallstreetbets,Eversource just sold Aquarion for $2.4billion and nobody is talking about it,"Eversource has a monopoly on the Connecticut utilities industry, the only thing stopping them from jacking up rates indefinitely is PURA, a CT regulatory agency. PURA has had a turbulent couple of months with their chair stepping down last October.

PURA first stopped the sale of Aquarion in November, but Eversource appealed. Here is an excerpt from an article:

“Connecticut Attorney General William Tong, who fought Eversource’s initial attempt to sell the water company, said this move is also bad news. He argued it will double customer rates.

Tong said PURA initially denied the transaction on Nov 19. Aquarion appealed and the court-remanded the matter back to PURA for reconsideration.

Tong said none of the facts in the case changed between Nov. 19 and Wednesday. He called it a bad deal for Connecticut.

“This is a $6 billion gift to Eversource, to be paid by Connecticut families and towns over the next 40 years,” Tong argued. “Literally no one wanted this deal except for the utility executives looking to cash out.”

Tong claimed the economics of the deal made no sense.”

Source: https://www.wfsb.com/2026/03/25/aquarion-become-nonprofit-move-officials-argue-will-double-water-rates/

To clarify, the sale price is $2.4 billion, but according to the attorney general with interest, the total amount is $6 billion.

Long story short through lobbying and good ol capitalism Eversource bullied PURA into caving and approving the sale, fucking over everybody who pays for electricity in the state of Connecticut. Bullish for Eversource.

Positions: 11 $75 calls expiring 7/17/26

(Added bonus that IV on these was 21% when i bought them making them very cheap 🤑)

Edit: reposting because i posted my acct # in the previous post like a retard ",dress3r44,1774538512,2026-03-26 15:21:52,91,36,https://www.reddit.com/r/wallstreetbets/comments/1s4ah2l/eversource_just_sold_aquarion_for_24billion_and/,DD,False,Fed,interest rates
1s4a31v,wallstreetbets,Eversource just sold Aquarion for $2.4billion and nobody is talking about it,"Eversource has a monopoly on the Connecticut utilities industry, the only thing stopping them from jacking up rates indefinitely is PURA, a CT regulatory agency. PURA has had a turbulent couple of months with their chair stepping down last October. 

PURA first stopped the sale of Aquarion in November, but Eversource appealed. Here is an excerpt from an article: 

“Connecticut Attorney General William Tong, who fought Eversource’s initial attempt to sell the water company, said this move is also bad news. He argued it will double customer rates.

Tong said PURA initially denied the transaction on Nov 19. Aquarion appealed and the court-remanded the matter back to PURA for reconsideration.

Tong said none of the facts in the case changed between Nov. 19 and Wednesday. He called it a bad deal for Connecticut.

“This is a $6 billion gift to Eversource, to be paid by Connecticut families and towns over the next 40 years,” Tong argued. “Literally no one wanted this deal except for the utility executives looking to cash out.”

Tong claimed the economics of the deal made no sense.”

Source: https://www.wfsb.com/2026/03/25/aquarion-become-nonprofit-move-officials-argue-will-double-water-rates/

To clarify, the sale price is $2.4 billion, but according to the attorney general with interest, the total amount is $6 billion. 

Long story short through lobbying and good ol capitalism Eversource bullied PURA into caving and approving the sale, fucking over everybody who pays for electricity in the state of Connecticut. Bullish for Eversource. 

Positions: 11 $75 calls expiring 7/17/26 

(Added bonus that IV on these was 21% when i bought them making them very cheap 🤑)",dress3r44,1774537675,2026-03-26 15:07:55,5,1,https://i.redd.it/0lm8tkzknerg1.jpeg,DD,False,Fed,interest rates
1s3egn8,wallstreetbets,The SoFi Fair Value Debate: Why SoFi Could End The Debate Right Now By Complying with GAAP,"I have a negative position in SoFi and this is not financial advice.

We've heard a lot of back and forth over the years regarding the validity of SoFi's fair value adjustments. One critical piece that has been overlooked is that SoFi has long had the ability to effectively resolve the debate, through the disclosure of information regarding gains/losses attributed specifically to fair value adjustments. In fact, this disclosure is required by ASC 820-10-50-2(c), a part of Generally Accepted Accounting Principles (GAAP) which public companies must comply with presumptively under SEC regulations.

Under ASC 820-10-50-2(c), a reporting entity is required to provide a rollforward table for recurring Level 3 measurements disclosing separately the ""\[t\]otal gains or losses for the period recognized in earnings."" Crucially, to ensure investors can evaluate the nature of those gains, ASC 820-10-50-2(d) strictly requires the disclosure of:

 ""The amount of the total gains or losses for the period in (c)(1) included in earnings... that is attributable to the change in unrealized gains or losses relating to those assets and liabilities held at the end of the reporting period...""

The purpose of ASC 820-10-50-2(d) is to facilitate investor understanding of earnings ""quality,"" specifically as it relates to Level 3 ""modeled"" fair value adjustments. Realized gains represent actual, verified cash received when an asset is sold or settled (higher quality). In contrast, unrealized gains are entirely attributable to management's internal valuation models, representing purely paper-based markups on assets still held on the balance sheet (lower quality).

If a company persistently reports positive unrealized gains, but negative realized gains, that combination would strongly suggest that the company’s fair value models are persistently overstating the fair value of assets, with the losses on persistent overvaluations “bleeding back” as realized losses, as the overvalued assets are sold or amortized.

Without the explicit delineation required by the rule, investors cannot track the historical pattern of positive or negative discrepancies between these realized and unrealized marks. This historical discrepancy is the critical metric used to determine if prior unrealized gains were artificially inflated by the model, or if the model accurately reflects economic reality.

Right now, SoFi does not disclose the breakdown between unrealized gains and realized gains. That means investors do not have an understanding as to whether the model's track record has been correct.

This disclosure rule is not ambiguous or complicated. Deloitte (SoFi's auditor) has a publication called [Deloitte Accounting Research Tool](https://dart.deloitte.com/USDART/home/codification/broad-transactions/asc820-10/roadmap-fair-value-measurements-disclosures/chapter-11-disclosure/11-2-fair-value-disclosures-requirements) has an illustrative example showing how to comply with the rule:

https://preview.redd.it/n6vocvdhp7rg1.png?width=970&format=png&auto=webp&s=2950033ba71c096a64296f20c12bc67a6c9e649b

In this you can see that $7 of the gains were unrealized - in the case of SoFi that would mean such gains were model based.

SoFi's rollforward table has an ""impact on earnings"" column is essentially an aggregation of all the gains or losses attributable from changes in the other columns. There is no detail provided regarding what gains were realized or not realized SoFi has a note under the table that  basically explains the ""Impact on Earnings"" column is an aggregation:

This GAAP issue has been conveyed by me to SoFi  multiple times over the last month, without correction. Under SEC rules, once a company is aware of a material deficiency in its reporting, it needs to essentially cure it within 4 business days (i.e. through a corrective amendment). The lack of a cure could only be legally justified if SoFi thinks its disclosure follows GAAP.  Assuming SoFi thinks its presentation is GAAP compliant, it will be in serious trouble with the SEC the longer it fails to correct the issue.

I personally find the lack of correction very concerning: the rule is fairly black and white: this is not one of those accounting rules where there is a lot of grey area or judgment calls. It is a simple mathematical disclosure. If you go by Deloitte's own handbook, compliance seems straightforward.

Importantly, making the disclosure does not require any judgment calls about the validity  of the model - it just would show investors whether the model's ""predictions"" on fair value have been validated as gains are realized with loan sales or loans amortizing

The fact that Sofi is audited does not somehow absolve this mistake. Mistakes get made in audited financial statements. An audit opinion is not an absolute guarantee of perfection. There is a well established protocol and rules dealing with corrections after the fact, which are fairly routine.  The crucial thing is that everyone h",bnewhard,1774453614,2026-03-25 15:46:54,67,84,https://www.reddit.com/r/wallstreetbets/comments/1s3egn8/the_sofi_fair_value_debate_why_sofi_could_end_the/,DD,False,Fed,interest rates
1s0x7cx,wallstreetbets,I ran over 100 backtests on an RSI mean-reversion strategy over a month. Here's what I learned,"I've spent the past 4 weekends running backtests on an algorithmic trading strategy built around RSI<30 on a curated universe of high-momentum stocks. Over 100 runs, testing every risk management mechanism I could think of: Regime change detection, VIX-based volatility adjustments, automated circuit breakers of many various types, to name a few.

**The Strategy**  
The strategy is to Buy when RSI(14) drops below 30 on hourly candles across a Universe of \~65 stocks that change every two weeks, built by filtering performance data. The back tests were performed on Quant Connect. So, QC would change the stocks every 2 weeks of the back test and provide the results of the strategy. The time frame was July 2019 to present through several down turns including the US-China Trade war in 2019, Covid crash, Post-Covid tech bubble. The take profit for the strategy is 3%, a 10% stop loss, and 10 day max hold, 1/3 position sizing with 3 concurrent positions max. All backtested on QC with real historic data.

https://preview.redd.it/cg75x1hzunqg1.png?width=1600&format=png&auto=webp&s=4e4f4959d2d15dc890c443ff07709c303c7a6422

**What I tried to add and what happened**

Every attempt to layer on protective mechanisms followed the same pattern — it reduced some losses but cut the winners harder:

* **VIX-based pause** (stop new entries above VIX 30) — helped during extreme volatility spikes but missed rebounds that fired immediately after the VIX crossed back down
* **Regime detection** (death cross, bear market filters) — blocked entries during corrections that turned out to be the best bounce setups
* **Volume/OBV gates** (capitulation detection) — filtered out some falling knives but also blocked legitimate oversold bounces with normal volume profiles
* **Circuit breakers** (rolling win rate monitors) — added lag, caused the system to sit out good entry windows right after a brief losing streak

The best results came from the cleanest version: raw signal + high quality universe + strict position sizing. Win rates of 82-88%, Sharpe ratios above 3.3, positive PSR above 90%.

**What actually made a difference**

The single most impactful discovery wasn't a filter — it was **universe quality**. Swapping from a broad 200-stock universe to a carefully curated 65-stock list of momentum names made a measurable difference across every metric. Garbage in, garbage out. The signal works when the stocks are right.

The second meaningful finding was **chart pattern detection** as a pre-entry check rather than a systematic filter. Stocks that had formed double tops or other distribution patterns in the weeks before the RSI<30 alert were disproportionately responsible for the worst losses. Detecting these patterns doesn't need to be a hard block — even flagging them as a warning dramatically improves decision quality.

**The losing trade breakdown**

Across all runs, 42% of losing symbols were biotech/pharma/healthcare — stocks where RSI<30 is often driven by binary events (FDA decisions, trial data, earnings) that gap down with no technical warning. Excluding the sector entirely was the one categorical exclusion that improved results without hurting winners. So, I've decided to exclude these stocks moving forward because they are just too volatile even beyond the pandemic.

Earnings proximity was the other common thread in the worst losses. Several 10%+ stop-loss hits came from entering 2-3 days before an earnings release where pre-earnings selling had pushed RSI below 30.

**What I'm doing different now**

I have now added chart formation detection into my algorithm as well as an AI Trading coach that can answer questions about statistics, earnings dates, sector rotations - like what's happening in precious metals right now - as well as elaborate on the chart formation detection.

If you have any questions about backtesting methodology, Quant Connect Implementation, or the signal design, let me know.

",jabberw0ckee,1774213305,2026-03-22 21:01:45,7,18,https://www.reddit.com/r/wallstreetbets/comments/1s0x7cx/i_ran_over_100_backtests_on_an_rsi_meanreversion/,Discussion,False,Fed,rate cut
1s2nz80,wallstreetbets,Wall Street Bets watching Powell Last Week.,,JoChase956,1774380951,2026-03-24 19:35:51,22,6,https://v.redd.it/cw3e8wujp1rg1,Discussion,False,Fed,Powell
1s611yg,stocks,"Reddit, including this sub, is always wrong","In the history of the inception of this site, the one common denominator is that it tends to always be wrong. While people try to figure out key patterns that underline the stock market in order to decide whether to buy or sell, there is one pattern that is quite literally **unbeatable.** In fact, it has to this day never failed. And this pattern is that once the Reddit collective starts to believe that the market will go in a certain direction, it **always, without failure,** does the opposite.

During 2020, as the market was in the midst of a huge decline, people were 100% confident that the coronavirus plus 🥭’s response will kill the market for a long time. It immediately shot up and beat ATHs. Last year, in 2025, people on this sub were 100% confident that the impact of tariffs is going to result in a long term recession. The market immediately shot up and beat ATHs. This year, people are convinced that rising oil prices from this war will never stop and we are due for a huge recession. I’ll let you guess what happens next. The responses, as usual, will be along the lines of how “things are different” this time.

What these people don’t realize is that once enough people are bearish, it implies that many of them have sold. But once enough people have sold, there’s **no one left to sell. That** is why the market always goes up once enough people are bearish ",mollylovelyxx,1774706253,2026-03-28 13:57:33,0,12,https://www.reddit.com/r/stocks/comments/1s611yg/reddit_including_this_sub_is_always_wrong/,Meta,False,Growth,recession
1s5weud,stocks,Houthis have entered the war aka. Suez Canal blockade,"So now the Houthis have entered the war and opened a new front. Perhaps a new blockade as well? It wouldn’t be the first time that access to and from the Suez Canal has been threatened. This would mean that any escalation by the U.S., such as a ground invasion, would result not only in a blockade of the Strait of Hormuz but also in a blockade of the Suez Canal. What does that mean?

A Suez Canal blockade would severely disrupt global trade: 12–15% of world trade volume (up to 30% of Asia-Europe containers) would reroute around the Cape of Good Hope, adding 10–14 days and up to $1 million in fuel costs per voyage, causing port congestion and supply-chain breakdowns.

An additional closure of the Suez Canal would not be a localized problem, but a major shock to the world economy. Rupturing supply chains, driving up prices (mainly because of container costs), and increasing the risk of recession or significantly stronger inflation.

Do you still believe there will be a ground invasion? 
",worldofonahole,1774692317,2026-03-28 10:05:17,235,178,https://www.reddit.com/r/stocks/comments/1s5weud/houthis_have_entered_the_war_aka_suez_canal/,Broad market news,False,Growth,recession
1s5nqgy,stocks,"The hurricane is on its way to the stock market, and this is just the mild wind gusts hitting before the storm","The Strait of Hormuz closure has set off a chain of events the likes of which only likely have COVID as a comparison.

Hormuz has been blocked coming up on four weeks. To be clear, the full disruption was not the 20,000,000 barrels a day that passed through Hormuz. Iranian oil has largely continued to be sold, and there has been rerouting of some of the Gulf barrels. The IEA has also helped to coordinate the phased release of \~400,000,000 barrels of oil a day. So the actual disruption is someplace closer to 10,000,000 BPD. That's the good news.

The bad news? 10mm BPD is roughly 10% of global (yes, GLOBAL) demand. For a highly inelastic commodity like oil, a 10% loss leads to orders of magnitude higher levels of prices. People, companies and industries enter a desperate bidding war where they become willing to pay unreasonable and unfathomable prices, or they fast ruin, bankruptcy, and in some cases starvation. 

Moreover, heavy crude, the Gulf kind of oil, is the primary oil type used for diesel. And heavy crude is not the only thing disrupted. LNG, fertilizer, industrial goods like petrochemicals, these all have stopped flowing. Asian economies are heavily dependent on these things.

So why hasn't the music stopped? For one, as mentioned, countries have been draining their strategic reserves. Moreover, shipments that escaped out of Hormuz are still arriving in many places. Some tanker journeys take 30 to 40 days. Half of the oil price spike has been driven by paper trading, where people have tried to lock in future shipments, or are speculating. This so-called paper trade is about to give way to the real physical trade, when those tankers stop showing up, and there is 4 weeks of empty ocean behind them.

So what is the impact of all this? Well, consider what along the supply and manufacturing chain depends on oil and diesel. If you said ""nearly everything"", you are right. So every step along the supply and manufacturing chain is about to reach costs we have not seen in our lifetimes. Consumer spending will go down while people redirect money to essential goods like food and energy costs. Wholesale spending will go down. Mass rationing, whether government or self imposed, will occur. And this is already GOING TO HAPPEN. We are not in ""whether or not"" territory, but in ""for how long"" territory.

In the next week or two, expect to see extreme spikes in energy prices, and correlated drops in most equities prices. Today's stock market crash was the beginning.

So how bad can it get? The best case scenario, the one I just described above, is modeled on Hormuz fully opening in the next 1-2 weeks, on logistics flows being fully restored in the next 1-2 weeks (meaning a restoration of insurance and crews willing to cross the Strait), and zero damage to pre-War infrastructure. Obviously, the likelihood of all that being the case is close to zero.

The ""better"" scenario is a partial restoration of Hormuz logistics, and only a correction and higher energy prices for the remainder of the year.

From there, it gets progressively worse. A sustained Hormuz disruption after April, and definitely after May, is bringing us not only into recession territory, but into ""The worst Depression we have seen in our lifetimes"" territory.

Personally, I am cash heavy (with some OXY April and June long call options), but I personally worry that the cash I have on hand will be used to get me and my family through what is coming.

Now, I fully expect folks to come on here, tell me I am being dramatic, and state that the war is nearly over and things aren't that bad. I would caution those folks to remember the lessons from Covid, where the US felt a certain sense of insulation....until it didn't. As I said, the ""best case"" scenario I described above is already a certainty, and already locked in. 

Best of luck to folks, and I mean this from the bottom of my heart: I hope I am wrong. I hope oil execs and energy analysts making the same claims are wrong. I hope we have overestimated demand, underestimated supply, and haven't accounted for resiliency in the markets. In the meantime, I will be watching from the sidelines of the market, because from where I sit, this only gets worse.",ub3rm3nsch,1774663381,2026-03-28 02:03:01,983,596,https://www.reddit.com/r/stocks/comments/1s5nqgy/the_hurricane_is_on_its_way_to_the_stock_market/,Broad market news,False,Growth,recession
1s58a7s,stocks,Markets now see the Fed’s next move as a potential rate hike as inflation fears mount,"https://www.cnbc.com/2026/03/27/markets-see-the-feds-next-move-as-a-potential-hike-as-oil-prices-inflation-fears-rise.html

> Surging energy prices, rising import costs and mounting stagflation concerns are pushing markets to consider that the Federal Reserve’s next move could be a rate hike. Traders in the futures market pushed the probability of a rate increase by the end of 2026 to 52% on Friday morning, the first time it has crossed the 50% threshold, according to the CME Group FedWatch tool. The move comes as global benchmark crude prices topped $110, adding to a series of developments this week signaling that inflation pressures may be building as the Iran war drags on and U.S. tariffs raise costs.

> Adding to the inflation concerns, the Bureau of Labor Statistics reported Wednesday that import prices jumped 1.3% in February, the largest monthly increase since March 2022, while export prices rose 1.5%, the biggest gain since May 2022. At the same time, the Organization for Economic Cooperation and Development sharply raised its forecast for U.S. inflation this year. The global forecasting agency estimates headline prices to rise at a 4.2% rate, far above its prior forecast and well above Fed expectations for 2.7%.

> The concerns about inflation come at the same time as Wall Street economists have boosted probabilities for a recession in the next 12 months. Moody’s Analytics sees the chances for a downturn near 50%, Goldman Sachs raised its forecast this week to 30%, and firms such as EY Parthenon and Wilmington Trust are putting odds at 40% or greater.",WickedSensitiveCrew,1774627318,2026-03-27 16:01:58,328,59,https://www.reddit.com/r/stocks/comments/1s58a7s/markets_now_see_the_feds_next_move_as_a_potential/,Broad market news,False,Growth,recession
1s56siu,stocks,A contrarian take.,"just here for discussion. I imagine the vast majority will disagree with me but want to present a contrarian take and discuss. I enjoy having my mind changed by the opinion of others.

ultimately nobody can predict the future. I'm not pretending to have absolute certainty. I simply think that de-escalation from here is the most likely outcome and that markets would obviously recover if this outcome materializes.

why:

Trump's perspective: we are approaching a point of no return. supply chains experts are basically all saying that if the strait does not open in April, the economic damage will be irreversible. trump obviously wants to win midterms. while to many of us that is already a long shot... high gas prices and low 401ks are a surefire way to guarantee losses and a lame duck presidency going forward. say what you will about trump, but I think if he is good at anything, it is having his finger on the pulse of the average voter. he must know that if this war drags on, even for 1-2 more months, the damage will be irreparable. while the US can inflict much more pain on Iran, this is a price that I believe trump is extremely hesitant to pay.

irans perspective: this is where I feel that I diverge from most. I don't think Iran wants to drag this on indefinitely. Irans leverage is economic damage, and this ties into the above. if Iran unilaterally drags the war on for months, they put trump into a corner. while this would be extremely painful for trump, it would also reduce irans negotiating leverage. if trump feels the economic damage is done and the midterms are a wash, he is no longer disuaded from a maximum damage military campaign. in this world both trump and iran lose. the economy is pushed into recession globally. trump is sunk politically. and Iranian infrastructure and global political legitimacy are completely annihilated. nobody wins and there is no room for negotiation. 

given the above, from irans perspective they currently have the most leverage with which to negotiate. both sides do in fact. both sides are hanging Armageddon over each other's head, and both sides realize that once that bridge is crossed there will be no turning back and no path to deescalation.

people are talking about a black Monday and boots on the ground over the weekend. maybe an occupation of kharg island. in my opinion this is all just posturing by trump. the deployments in and of themselves are intended to provide negotiating leverage, and the hope is to never have to use them.

I think negotiations will continue next week after which point we will either have a settlement, or we will cross the bridge to escalation and consequently a market meltdown.

but rationally, like I said, both sides are incentivized to find an off ramp before that bridge is crossed. therefore I think this is the most likely outcome and that we probably see a resolution by mid April and a corresponding recovery in markets. ",Difficult-Quarter-48,1774624119,2026-03-27 15:08:39,51,155,https://www.reddit.com/r/stocks/comments/1s56siu/a_contrarian_take/,,False,Growth,recession
1s4k5b4,stocks,What actually happened if you bought SPY on the worst day of every recent panic,"Every few months this sub gets flooded with ""this time is different"" posts. I got curious what actually happened if you bought SPY at the worst possible moment during each recent panic and just held for 12 months.

**COVID crash (Mar 2020)** - ""The economy is shutting down, this is 1929""
- SPY dropped from $313 to $207 (-33.7%)
- 1 year later: $368. That's **+77.5%** from the bottom.

**Rate hike bear market (Oct 2022)** - ""The Fed is going to crash everything, recession is guaranteed""
- SPY dropped from $456 to $344 (-24.5%)
- 1 year later: $423. That's **+22.9%** from the bottom.

**Japan carry trade unwind (Aug 2024)** - ""This is the big one, global contagion""
- SPY dropped from $560 to $513 (-8.4%)
- 1 year later: $628. That's **+22.5%** from the bottom.

The pattern isn't subtle. Even buying at the literal worst day each time, you were up double digits 12 months later. The bigger the panic, the bigger the snapback.

Now we're in the middle of another one. Iran, oil, tariffs, ""this time is ACTUALLY different."" Maybe it is. But the last 3 times everyone was certain about that too.

Not financial advice, just data. But next time you see a ""this time is different"" post, maybe pull up what SPY did 12 months after the last three panics before making any moves.",steady_compounder,1774559722,2026-03-26 21:15:22,0,72,https://www.reddit.com/r/stocks/comments/1s4k5b4/what_actually_happened_if_you_bought_spy_on_the/,,False,Growth,recession
1s4fqy2,stocks,"AEXA - Chamath's $300M SPAC hunting AI/Defense/Energy targets. Floor at $10. 9,429 June calls loaded. Most asymmetric bet in this market.","Disclosure: Long shares of AEXA.

Disclaimer: I am not a financial advisor and this isnt financial advice. do your own due diligence.

---

alright so hear me out on this one. i know the second you see ""chamath"" and ""SPAC"" in the same sentence half of you are already typing angry comments. fair. but just read this and then roast me after.

AEXA = American Exceptionalism Acquisition Corp. ticker is AEXA on NYSE. its chamaths 7th SPAC. he raised 300 mil for it (originally wanted 250 but it got oversubscribed so they bumped it up). IPO'd last september.

heres the part that got my attention - the focus areas are **AI, defense, energy, and defi**. not space tourism. not health insurance. not whatever the hell clover health was supposed to be. actual sectors where money is flowing RIGHT NOW.

stock is at like **$10.92**. the trust has about **$10/share** plus interest sitting in it. so worst case you redeem and lose maybe 90 cents a share. like **8% downside**. thats it. thats your max risk on this.

## the options chain is weird

go look at it and tell me thats normal. **june 12.50 calls have NINE THOUSAND open interest**. on a stock that does 100k volume a day. june 10 calls have 5400 OI. puts? basically zero. june 7.50 puts have 31 contracts lmao nobody is bearish on this.

why would anyone buy 9000 call contracts on a SPAC trading at 11 unless they think a deal is coming before summer? like genuinely asking.

## ok lets talk about the elephant in the room

his track record sucks. im not gonna pretend it doesnt.

- IPOA - did the virgin galactic deal - stock is like 2 bucks now. disaster.
- IPOB - opendoor - down 50%. bad.
- IPOC - clover health - down 82%. terrible.
- IPOD and IPOF - never even found targets. liquidated. investors got their 10 bucks back.
- **IPOE - SoFi - trading at 16 today. actually worked. like really worked. its a 20 billion dollar company now.**

so 1 for 6 basically. but heres the thing nobody talks about - EVERY spac from 2020-2021 got destroyed. not just his. the entire asset class blew up. so blaming chamath specifically for a market wide blowup is kinda unfair imo.

and SoFi proves he CAN find a winner when hes actually trying. thats not nothing.

## why did he come back?

dude got absolutely roasted for 2 years straight. called a scammer, a grifter, all of it. he could just do his podcast and chill. instead he went and raised 300M and put his reputation on the line AGAIN.

i dont think you do that unless you actually have conviction about what youre going after.

## the sectors are completely different this time

his old targets were consumer stuff - space tourism, real estate apps, health insurance. things that sound cool but have no moat.

this time the mandate is AI infrastructure, defense tech, energy, and defi. these are sectors with actual revenue and government contracts, not speculative consumer apps. he talks about these themes on all-in literally every week. the SPAC name is ""american exceptionalism"" for gods sake - hes betting on US industrial dominance in AI and defense.

## what could the target be?

could be anything honestly. private AI data center company, defense startup, nuclear energy play, something in crypto infrastructure. theres a million private companies in these sectors that need a way to go public and SPACs are one path. chamath has the rolodex to find them.

## timeline

- IPO was sept 2025
- SPACs typically have 18-24 months to find a deal
- his fastest ever was SoFi which he announced 3 months after IPO
- the heavy june call OI suggests the market thinks something is coming sooner rather than later

## why this works in this market

everything is selling off. tariffs, recession fears, growth stocks getting killed. but AEXA just doesnt care about any of that because:

1. the NAV floor protects you - market crashes, you redeem at ~$10
2. theres no revenue to miss - its a blank check, no earnings disappointments possible
3. a deal announcement is a binary catalyst thats uncorrelated to SPX
4. the cash in trust earns interest from t-bills at 4%+ so your floor actually goes UP over time

## risks

- he might not find anything and this gets liquidated (you get ~$10 back)
- whatever he finds might be trash (you can redeem before the merger goes through)
- SPAC sponsor dilution is a thing
- your money could be stuck at $11 for a year doing nothing
- 1/6 track record is what it is

## position

long shares. NAV floor means i dont really need options for downside protection. if you wanna gamble those june 12.50 calls are like 35 cents.

---

bottom line - 8% downside with a floor. potentially huge upside if he lands something good. in this market thats genuinely hard to find. do what you want with that info.
",usd97,1774549872,2026-03-26 18:31:12,0,10,https://www.reddit.com/r/stocks/comments/1s4fqy2/aexa_chamaths_300m_spac_hunting_aidefenseenergy/,Company Analysis,False,Growth,recession
1s4fj5f,stocks,Is 50% drop possible considering current situationship of US economy?,"I think it is fair to say that a 50% drop in the U.S. stock market is possible right now, even if it is not the most likely outcome. When I look at the big picture, a few things line up in a way that makes the system feel fragile: stocks look very expensive, the economy seems more vulnerable than the headlines suggest, and there may be less room for the government and the Fed to save the day like they did before.

First, the market just looks pricey compared to history. Valuation measures that compare prices to long‑term earnings are far above their usual averages and close to levels seen before past big crashes. That basically means investors are paying a lot for each dollar of earnings. If something goes wrong with growth or profits, prices have a long way they could fall just to get back to normal. In other periods when the market was this stretched, large drops were not unusual, so a 50% decline does not sound completely crazy.

Second, the economic backdrop is not as safe as it might appear. Growth has been slowing down from the post‑pandemic boom, while costs like wages, tariffs, and energy are still putting pressure on companies. If the economy slides into a recession, profits can fall sharply, especially when everyone has been assuming strong earnings will continue. If earnings go down at the same time that investors lose confidence and decide they are not willing to pay such high multiples, the combination can turn into a very big percentage decline in stock prices.

Third, the tools that helped stop past crashes might not work as easily this time. Government debt is already very high, and inflation is still something policy makers have to worry about. That makes it harder to just flood the system with cheap money and giant stimulus packages without side effects. If investors start to feel that the safety net is weaker than before, they may react more nervously to bad news, which can make sell‑offs worse and faster.

On top of that, today’s market is very concentrated in a few huge tech and AI names, and a lot of people are crowded into the same trades. If those popular stocks suddenly fall out of favor or get hit by a negative surprise, it could trigger forced selling and cause other investors to panic. Under those conditions, what might have been a normal bear market can snowball into something much bigger. For all these reasons, a 50% drop is not something I would predict as the default, but it does seem like a realistic scenario that investors should at least think about and prepare for.

I have pulled out 100% of my investments and will only jump back in when I see recent downtrend reversal. This is not an advice and do your own research.

Edit: forgot to say that 50% is from the recent high and not today’s stock prices.",Amiable_One,1774549393,2026-03-26 18:23:13,0,118,https://www.reddit.com/r/stocks/comments/1s4fj5f/is_50_drop_possible_considering_current/,Broad market news,False,Growth,recession
1s49wbr,stocks,Blackrock -  investors may be underestimating the risks,"# Takeaways - stemming from the Iran war, which are likely to weigh on growth and drive inflation higher.

* Kapito warned that growth could be hit and inflation may rise even if the war ends soon, and that oil may still spike to $150 a barrel as disrupted supply chains take time to return to full capacity.
* Apollo Global Management’s President Jim Zelter also cautioned about heightened risks of a US recession and to the credit cycle from a prolonged conflict, saying US consumers are already showing signs of distress.",nop--sled,1774537282,2026-03-26 15:01:22,34,18,https://www.reddit.com/r/stocks/comments/1s49wbr/blackrock_investors_may_be_underestimating_the/,,False,Growth,recession
1s38556,stocks,"Diamond hands, or just too much capital out there?","I was listening to an episode of The Compound & Friends yesterday and they were talking about how the market just seems to hang in there.  There are so many reasons for a correction (high P/E, Hormuz, tweets, inflation, housing) but somehow the market is still sitting around 5% of all time highs.  There is rotation within the market and segments are in recession, but overall the money is not moving to the sidelines.  People and institutions just aren't panic selling.

So it occurs to me this morning that there is a lot of shared knowledge out there that ""dumb money"" has had access to for years now, and there is a heavy influence of index ETFs, so if people hang on or buy the dip then the market just absorbs the shocks that seem to come daily.  I guess that is the ""diamond hands"" hypothesis.

The other possibility is just that there is too much money out there looking for a home and everyone knows that inflation is baked in so you just have to stay in assets.

Thoughts?",Impossible_Eye_8474,1774438362,2026-03-25 11:32:42,61,30,https://www.reddit.com/r/stocks/comments/1s38556/diamond_hands_or_just_too_much_capital_out_there/,,False,Growth,recession
1s5a3wk,stocks,The WAR Report: High Stock Market Volatility During the Wars in Afghanistan and Iraq,"This is just a couple of the most volatile dates from the past two wars we got into with Afghanistan and Iraq. Only days with – or + 2% volatility on the SPY are pulled.

October 10, 2001 Wednesday

DOW +2.1%, S&P + 2.3%, NASDAQ, +3.6%.

The first day with real movement related to war was 10/10/2000. At this point, the US had been striking Afghanistan for the past three days. Apparently, ''people are starting to get some level of comfort with the way we're handling it,'' said Stephen J. Massocca. It helped that the week before, Bush had proposed around $100 billion in emergency stimulus and spending related to the 9/11 attacks, and the market had been greatly depressed before it.

October 29, 2001 Monday

DOW -2.9%, S&P -2.4%, NASDAQ -3.9%

Just a few weeks later, there didn’t seem to be an end in sight for the conflict in Afghanistan. Concerns that it would be longer than expected and inhibit the recovery of the economy (still suffering from the dotcom fiasco). Of special note here is Boeing losing one of the largest military contracts in history (at the time), which dropped the company’s shares by -10.4%. The news headlines of the prior weekend had also been grisly, anthrax scares, rumors of additional conflict in Iraq, and nothing good coming out of Afghanistan. Consumer confidence and unemployment reports were scheduled later in the week, none of which were expected to be rosy.

Afghanistan got resolved pretty quickly and doesn’t seem to have caused too much trouble, Iraq on the other hand…

November 11, 2002 Monday

DOW -2.1%, S&P -2.1%, NASDAQ -3%

About a year after Iraq war rumors started circulating and the US economy being freshly out of the dotcom bubble crash, markets dived on 11/11 with news that American troops were likely to be deployed against Iraq. The Pentagon had just approved plans for an invasion of around 250,000 soldiers, if the United Nations should fail in the arms inspection efforts. Iraq and Saddam Hussein had until Friday to eliminate any weapons of mass destruction and open up their arms sites to inspectors. Considering WMDs were never found, he probably should have done it. No other major news was there to distract traders and the prior month had seen a rally so a sell off here seemed appropriate.

January 24, 2003 Friday

DOW -2.9%, S&P -2.9%, NASDAQ -3.3%

War with Iraq was now becoming imminent, the dollar sank about 1% against the euro, down 8.3% since December. Gold hit a six year high of $368. The problem didn’t seem to be war, but rather that the international coalition that the U.S. had hoped to build against Iraq was crumbling, many of it’s allies did not seem keen on getting involved. ''It's not the going to war. The problem is that we don't have the support of many other countries.'' Profit estimates getting slashed by a variety of companies like Microsoft, Intel, AT&T, and IBM helped the pessimistic atmosphere that day as well.

January 30, 2003 Thursday

DOW -2%, S&P -2.3%, NASDAQ -2.6%

Just under a week later the market slid again. The Commerce Department reported a slow pace of economic growth in the last quarter of 2002, though this dismal outcome was apparently expected. The primary concern seems to again be with Iraq. Most analysts did not expect the economy to rebound if an active war with Iraq were to breakout, especially while it was still uncertain how quickly it would be finished. AOL announcing a $44.9 billion loss that day could not have helped either.

March 10, 2003 Monday

DOW -2.2%, S&P -2.6%, NASDAQ -2.1%

The war with Iraq came back around again, with time as it became increasingly clear that major powers like France, Russia, and Germany would not be backing the U.S. in this conflict. This lack of international support seems to have increased the “risk” that a potential war would be wrapped up quickly. Further contributing factors were 308,000 jobs lost in February of ‘03.

March 13, 2003 Thursday

DOW +3.6%, S&P +3.5%, NASDAQ +4.8%

All it took for a boom during this time was a delay, agreed upon by the US, of using force to disarm Iraq. Both the U.S. and Britain were pushing the United Nations Security Council for a firm deadline for the disarmament of Iraq, with a war to follow if Iraq did not comply. Secretary of State Colin L. Powell said, however, that it might be better to go to war without a United Nations vote. Oil was reported to be at 12 year highs. A good amount of blame is placed on hedge funds, who had been very short leading up to 3/13. The market had greatly fallen the week before, so this sort of temporary good news seems to be all it took to get things going again.

March 17, 2003 Monday

DOW +3.6%, S&P 3.5%, NASDAQ +3.6%

Despite all the stress the prospect of a war with Iraq had caused, it seems that a decision to just do it is all it took to send markets up again. Why? Apparently uncertainty is what scared investors, not the idea of war. Memories of the last gulf war suggested a quick victory for the United States and lower o",InfoLib_,1774631154,2026-03-27 17:05:54,50,15,https://www.reddit.com/r/stocks/comments/1s5a3wk/the_war_report_high_stock_market_volatility/,Resources,False,Growth,economic growth
1s4bhv6,stocks,CBIZ : undervalued,"They provide professional services to mid-cap companies (accounting, HR, retirement plans, project management). Basically like a smaller PwC/Deloitte but focused on mid-sized businesses.

The stock has been heavily beaten down since Feb 2025, going from an ATH around $86 to \~$25 now.

Why it dropped:

	•	Acquired Marcum for $2.3B (a larger company than them), which spooked investors due to integration risks and added debt

	•	AI fears hitting the whole sector

	•	Mid caps underperforming vs big caps

	•	Last quarter showed limited growth, partly due to economic uncertainty (clients delaying big projects)

Why I think it’s interesting:

	•	P/E \~14, forward P/E \~6.7

	•	The drop seems more sentiment-driven than fundamental

	•	AI replacing this type of business in the medium term feels unlikely (trust + customization matter a lot here)

	•	Feels like another case of the market over-rotating into trends and neglecting solid businesses (seen it before with EVs, pharma, etc.)

Not planning to hold forever, just see it as a potential rebound play back to a more reasonable valuation.

Position :

Got 400 shares at 26.20$",TheNinCha,1774540715,2026-03-26 15:58:35,5,0,https://www.reddit.com/r/stocks/comments/1s4bhv6/cbiz_undervalued/,,False,Growth,economic growth
1s60zux,stocks,"[Analysis] 28 Days since the Iran-Israel Conflict began: A look at the Winners, Losers, and the shift to Safe Havens.","It has been exactly 28 days since the geopolitical tension in the Middle East spiked, and the market reaction has been a textbook example of ""Fear vs. Fundamentals.""
Here is a breakdown of the 28-day performance across major sectors:
1. The Tech Pullback (The Losers )
Growth stocks took the initial hit. Apple and Alphabet (Google) are down roughly 6-8%. Investors are pricing in a slowdown in ad spending and potential supply chain disruptions. Even Nvidia, despite the AI tailwinds, saw a nearly 10% dip as the wider market ""de-risked.""
2. Energy & Defense (The Gainers )
With Brent Crude hovering over $100, the energy sector has been the primary hedge. ExxonMobil and Shell have outperformed the broader market significantly. Similarly, defense contractors like Lockheed Martin and BAE Systems saw a sharp uptick in the first 14 days.
3. The Flight to Safety 
Gold has hit record highs as expected. Interestingly, we are seeing a massive divergence between the US S&P 500 and the European DAX/FTSE. Europe is feeling the energy pressure much more acutely, with some indices down nearly 10% in a month.
The Outlook:
With oil prices staying high, the ""higher for longer"" interest rate narrative is getting stronger. Inflationary pressure from energy costs means central banks are unlikely to pivot soon.
What is your 28-day play? Are you buying the tech dip, or are you staying heavy in energy and gold until the dust settles?",Lumpy_Attempt_6280,1774706104,2026-03-28 13:55:04,0,4,https://www.reddit.com/r/stocks/comments/1s60zux/analysis_28_days_since_the_iranisrael_conflict/,,False,Growth,slowdown
1s52o29,stocks,Not sure if this is a slowdown or just a weird phase in the economy,[removed],PixelCrawlerX,1774614477,2026-03-27 12:27:57,1,0,https://www.reddit.com/r/stocks/comments/1s52o29/not_sure_if_this_is_a_slowdown_or_just_a_weird/,,False,Growth,slowdown
1s68uxp,stocks,Are we heading towards “Lost Decades” like Japan?,"Some similarities between our economy and Japan’s in the 90’s - aging population, currency devaluation, decline in manufacturing, economic policies targeting inflation. But definitely not an expert, so please share your informed opinions!",pro_vagabond,1774724406,2026-03-28 19:00:06,821,511,https://www.reddit.com/r/stocks/comments/1s68uxp/are_we_heading_towards_lost_decades_like_japan/,Crystal Ball Post,False,Inflation,inflation
1s66xwl,stocks,"How low do you thin the S&P 500 will go, and when?    (cristal ball anyone?)","Hi

I am new to investing, and I wanted to buy S&P500 for a long time, this looks like the right oportunity to go in.  I read all I can, but I a a novice. I relied in the past on my ""advisors"" and I lost a bit.  When everybody else won money. Something so simple as ""invest in the S&P500"" was too far fetched for these so called advisors.  I have found this now on my own.  Could the stock go as low as 5900 or lower?  I have seen it go down and bounce back quickly.  Also I read that it took 8 month of going down and down and down in the past...    Currently,   this is a going down fast and bounce back.. or is a slow down and down and down ?   I know nobody has a cristal ball. But people have more experience than me and I am looking for advice.

  
I have been saving and saving and away from the stock market. but CD's are a trap. I have lost money over the years to inflation and FED money printing.     

  
Can you tell me what you are doing and why?",GalaxyDefender1x,1774719938,2026-03-28 17:45:38,0,47,https://www.reddit.com/r/stocks/comments/1s66xwl/how_low_do_you_thin_the_sp_500_will_go_and_when/,,False,Inflation,inflation
1s5m7ju,stocks,Current situation,"Even tho i'm benefiting from the current situation with puts option im starting to be worried over a few  things and i'm wondering if we dont under estimate the consequences.                                         -Us economy is doing poorly: job market is getting worse every months, debt default  increase (car, student, credit cards,private credit, Bnpl)                                                                        -China economy slowing down.                                        -Eu economy not doing much better with Germany, France.
-Crazy Gdp/Debt ratio that will only accelerate looking at the grow on bond yields.                                                           -Fed: new fedchair that want to reduce the balance sheet.                                                                 -Markets P.E ratio are way too high and not justified as A.I is not profitable yet for many of these tech company.                                                          I'm concerned that an higher inflation for an extended period of time  with the iran conflict would trigger a way more massive crisis than what we seen in 2008.                                                    Toughts? ",Unhappy-Ad-2609,1774659177,2026-03-28 00:52:57,10,27,https://www.reddit.com/r/stocks/comments/1s5m7ju/current_situation/,Company Discussion,False,Inflation,inflation
1s5jjbv,stocks,Trump’s false claims of a successful negotiation have masked an epic collapse,"Recently, there's been something that people are treating as a joke, but it's actually quite suspicious. Trump said that due to progress in negotiations with Iran, the planned military strike was delayed for five days. But Iran immediately contradicted him, saying no such talks had taken place. What’s going on with this clumsy fabrication? Why five days? It seems like he's delaying for some specific reason.

Trump mentioned that the five-day delay brings us to March 27th, which is the last delivery deadline for the March silver futures contract at the New York Mercantile Exchange (NYMEX). The reason he could create this fake story is that if Trump didn’t take those five days to cover the financial big players’ retreat, a massive financial squeeze might have occurred. To explain the whole situation, and how ordinary people should respond, we need to start with the extreme leverage game that has been played in the silver market for years.

According to the most basic principle of trading, ""pay one hand, deliver one hand,"" when you trade a 1 ounce silver futures contract at an exchange, there should be exactly 1 ounce of physical silver in the exchange's vault as collateral. This ensures everyone’s security. Right? But Wall Street market makers found this too slow to make money. To manipulate pricing power and make a ton of trading fees, they came up with a shameless fractional reserve system. What does this mean? They massively oversupply paper silver contracts on the market, allowing large institutions to sell hundreds or even thousands of tons of silver without any physical silver backing it up. But how could this be possible, with the paper contracts far exceeding the actual silver in the vault? How has this trick lasted for decades without blowing up? Because Wall Street figured out the psychology of retail investors and speculators. Most people buying silver futures don’t really intend to hire a truck to carry tons of silver bars home, right? It’s just about buying low, selling high, and making a quick profit. As long as no one demands to take delivery of physical silver, and as long as they close their positions before delivery day, the market can keep on churning with a small pile of real silver circulating in many hands.

However, the situation has changed now. With wars raging and inflation soaring, the dollar’s purchasing power is shrinking rapidly. Those holding long contracts suddenly woke up they don’t want dollars that might turn into worthless paper; they want real silver to protect themselves. So, on the delivery date of the main contract, these long holders refused cash settlement. They went to the exchange and said, ""I don’t want to just make a profit on the price difference, I don’t accept dollars, I need to take physical delivery today.""

In the financial world, there’s a terrifying term for this: a ""run"" or ""bank run.""

Take a look at the real data, and you’ll see how terrifying the situation is. Currently, the open interest for COMEX silver futures is over 110,000 contracts, translating to an astonishing 573 million ounces of silver exposure. But how much actual silver is in COMEX’s vault? Only about 103 million ounces. The physical coverage rate is under 24%, so for every four people demanding physical delivery, only one will get a silver bar, and the rest will only receive a paper IOU from Wall Street.

Over the past few years, large institutions have already seen through Wall Street’s tricks. They’ve been moving millions of ounces of real silver out of COMEX’s vaults every month, and the vaults are now nearly empty. So, if the longs insist on taking delivery on the evening of the 27th, and Wall Street can’t deliver, the whole financial system’s credibility would collapse in an instant. Normally, if there’s no silver in the vault, should Wall Street quickly go to the market to buy physical silver to fill the gap? But Wall Street doesn’t do that. Their logic is, if they can’t deliver, they’ll just crush all the people wanting delivery before the settlement date. As long as no one comes to demand the metal, they won’t need to deliver. So, they raise margin requirements to the sky, which is the bloody truth behind the recent cliff-like drops in gold and silver prices.

Many retail investors and speculators, although they saw the direction right, didn’t have enough cash to meet the suddenly doubled margin calls. To avoid being forced out, they had no choice but to sell their long positions at a loss, triggering a chain reaction. The more they sold, the more the price dropped, and the more people were forced to liquidate their positions. Wall Street used this extreme margin manipulation tactic to create a liquidity squeeze and systematically wipe out those longs who couldn’t provide physical silver for margin calls. Do you think the drop in gold and silver prices was because they weren’t valuable? Absolutely not. It was because the retail longs were forced out and the bloody chips were thro",Good_Tap6905,1774652329,2026-03-27 22:58:49,757,217,https://www.reddit.com/r/stocks/comments/1s5jjbv/trumps_false_claims_of_a_successful_negotiation/,,False,Inflation,inflation
1s5jaxp,stocks,Any opinions or predictions?,"I just sent this in response to my friend stating that he believes another dip, like last years, if not worse, is around the corner. What’s do you guys think?

“We shall see. It would take another 12% drop in SPY to equate to how much it dropped last year, it’s already down 8% this month and seems to be beginning to price in worst case scenarios like boots on the ground and continued oil/energy disruption. Another 12% drop (20% broad market decline in total) would be a very big deal and a very disproportionate drop compared to market declines caused by wars, oil disruption and inflation in the past. The market didn’t even drop that much following 9/11 and the outbreak of the war in Afghanistan, and that was also amidst the dot com bubble crash.

But what do I know. Anything is possible. If the market drops another 12% over this war I’d be clutching my pearls though.”",CanadianAbroad7,1774651744,2026-03-27 22:49:04,0,25,https://www.reddit.com/r/stocks/comments/1s5jaxp/any_opinions_or_predictions/,Broad market news,False,Inflation,inflation
1s5gj2c,stocks,Am I just stupid here or do I just not care enough?,"[](https://www.reddit.com/r/FinancialCareers/?f=flair_name%3A%22Off%20Topic%20%2F%20Other%22)So I don't have anything really in the stock market. Sometimes its neat to look at the line sink or rise a bunch but other than that, nothing.

Ok. good. I also know people who talk about stocks and I just sometimes feel as if I don't really get it?

Ok cool... uh i mean i get theres market manipulation and people doing random tricks and stuff..my mind just goes blank though.

Like I understand basic finances right? But then sometimes topics come up and my brain blanks. Watching some random youtube vid about the sports betting sub (I don't gamble, dont worry, just curious)

Like here [https://www.investopedia.com/financial-edge/0710/5-ways-debt-can-make-you-money.aspx](https://www.investopedia.com/financial-edge/0710/5-ways-debt-can-make-you-money.aspx)

???

""

* Debt can be used as leverage to multiply the returns of an investment but also means that losses could be higher.""

My brain just goes blank. Where is that money coming from?

""If the stock price appreciates, then you can pay back the loan and pocket the profit. The negative is that if the equity in your account falls below a certain value, your brokerage firm can issue a [margin call](https://www.investopedia.com/terms/m/margincall.asp). If you can't meet your margin call because you don't have enough funds, your broker can liquidate your entire position in a stock leaving you with losses.""

mmm

Like I get the basics? You got a company with some set value broken up into shares and the value for that grows as the company grows(if it does)... and if it beats inflation you make money on that.

Ngl used to think investing was kinda close to gambling, and I sort of see that however

Or like where does the money come from if you got a stock and can't you just say, well, this is going to be worth a huge amount of money? for.. reasons?

[https://www.fool.com/investing/how-to-invest/stocks/why-stocks-go-up-and-down/](https://www.fool.com/investing/how-to-invest/stocks/why-stocks-go-up-and-down/)

Just a bunch of people constantly buying and selling right? (hence major drops).

[https://www.fool.com/investing/how-to-invest/bonds/selling-bonds/](https://www.fool.com/investing/how-to-invest/bonds/selling-bonds/)

Is this based on anything tangible? Like yea obviously money... but from where do we get ""Bond prices are inversely related to interest rates.""

Ok, I get that you give the gov some money and they give you a percent of it back. Why not just have the bonds mature faster?",Smart-Spare-1103,1774645315,2026-03-27 21:01:55,0,16,https://www.reddit.com/r/stocks/comments/1s5gj2c/am_i_just_stupid_here_or_do_i_just_not_care_enough/,,False,Inflation,inflation
1s5e2h6,stocks,Houthis enter war,"If they close Mendab, that’s another 10% of global oil supply off the table. That would be the worst oil crisis ever in terms of cumulative percentage of world supply taken away. Inflation adjusted, oil got to $160-170 in the late 70s. This should be fairly comparable, if not worse, though a lot of things have changed (i.e., US huge producer). Of course for an economy that just spent massively on data centers that suck energy, this could get even more rough. ",mister_nimrod,1774639735,2026-03-27 19:28:55,0,2,https://www.reddit.com/r/stocks/comments/1s5e2h6/houthis_enter_war/,,False,Inflation,inflation
1s59iqm,stocks,"Michigan data just dropped, and honestly I’ve got mixed feelings","Consumer sentiment fell 6%, and short-term inflation expectations jumped from 3.4% to 3.8%.



The part that really hits: “Higher-income groups and people with stock wealth saw the biggest drop in confidence.”



That’s basically us, right? Portfolio pulls back a bit and suddenly you’re comparing gas prices.



Short-term outlook down 14%, but long-term expectations are still relatively stable, seems like people think this mess won’t last too long.



So it’s like… feeling anxious, but also telling yourself, “it’s just short-term noise.”



What are you guys planning to do next week? Or just sitting tight like me?

",Helpful-Print5149,1774629907,2026-03-27 16:45:07,13,13,https://www.reddit.com/r/stocks/comments/1s59iqm/michigan_data_just_dropped_and_honestly_ive_got/,Industry Discussion,False,Inflation,inflation
1s55wxf,stocks,"Fed's Jefferson sees higher inflation from Iran war near term, signals toward holding rates steady","Federal Reserve Vice Chair of Supervision Philip Jefferson said Thursday evening that he expects the war in Iran will push up inflation in the near term and that interest rates are ""well-positioned"" to respond to a range of economic outcomes.

Jefferson is closely monitoring the situation in both the Middle East and global energy markets, but noted it’s still too early to say how the economy will be impacted. He stressed that the effects of the war in the Middle East will largely depend on how long energy prices remain elevated. He noted that a short period of disruption is unlikely to have a noticeable effect on the economy beyond a quarter or two but that sustained higher oil prices could have material implications.

Jefferson said the increase in oil prices to date should have relatively modest effects on inflation, though consumers are seeing higher gas prices at the pump now.

[https://finance.yahoo.com/news/feds-jefferson-sees-higher-inflation-from-iran-war-near-term-signals-toward-holding-rates-steady-231054477.html](https://finance.yahoo.com/news/feds-jefferson-sees-higher-inflation-from-iran-war-near-term-signals-toward-holding-rates-steady-231054477.html)",app1310,1774622223,2026-03-27 14:37:03,22,2,https://www.reddit.com/r/stocks/comments/1s55wxf/feds_jefferson_sees_higher_inflation_from_iran/,Broad market news,False,Inflation,inflation
1s4y1f4,stocks,NY Fed's Perli highlighted that uncertainty over inflation and fiscal policy is disrupting the government bond market as of March 2026.,[removed],Inside_hint,1774599023,2026-03-27 08:10:23,1,1,https://www.reddit.com/r/stocks/comments/1s4y1f4/ny_feds_perli_highlighted_that_uncertainty_over/,,False,Inflation,inflation
1s4rl9v,stocks,"Once again, a familiar scene","Last year it was april 2nd, 2025. Tariffs, panic, every headline screaming crash. Today (march 26, 2026) feels weirdly similar. Almost exactly one year apart.



I’ll be honest last april I panicked a little. Watched my portfolio drop 10%+ in days and sat on my hands. Took me a while to start buying, and by the time I finally did, the snapback was already underway. Then those who bought heavily during the downturn made a fortune by summer.



Not saying it’s exactly the same. Last year the fear was tariffs and trade war. Now it’s iran + oil spike + inflation jitters + meta legal mess. Different drivers, same kind of “sell first, ask questions later” energy.



So this time I’m not waiting for a “clear bottom.” Already started scaling into stuff I wanted to own anyway: added a bit of nvda and amd on the dip semis got crushed but the ai story hasn’t changed.



Picked up some energy names (xom) basically as a hedge. If oil stays hot, they’ll print. If oil cools, I’m okay holding.



Left some cash aside in case we go lower, but I’m treating this like a 6–12 month play, not a day trade.



I’m not saying we’re going to v-shape back up tomorrow. Maybe we chop around for a bit. But based on last year’s , the window where everyone’s terrified is usually a decent entry



Curious what you guys are doing



Anyone else buying the dip, or are you waiting for more pain?



Does this actually feel like last april to you, or different this time?



And the big one are you touching meta after that jury ruling, or staying far away?



Honestly just trying to stay disciplined and not let the noise make me do something stupid. Would love to hear how others are playing it.



Not advice, just someone who learned the hard way last year and doesn’t want to make the same mistake again.",Emily-989,1774578140,2026-03-27 02:22:20,221,171,https://www.reddit.com/r/stocks/comments/1s4rl9v/once_again_a_familiar_scene/,Crystal Ball Post,False,Inflation,inflation
1s3y83m,stocks,This is not a dip buying opportunity,"This is the inflection point of the modern financial system. The era of cheap energy and free debt is over. The cataclysmic effects of losing 20% of the worlds most important commodity upon which the entire globes economy runs cannot be overstated. Don’t get caught picking up pennies in front of a steamroller and become a generational bag holder. 

That straight ain’t opening and even if it did tomorrow the damage is already baked in. This is the energy shocks of the 1970s, the speculative technology spending of the 2000s, and the crumbling financial bedrock of the economy of 2008 (PE already locking out withdrawals literally days after the start of this war) except objectively worse in all regards and occurring simultaneously. Even if a regime change revolution takes place tomorrow all it takes is for a small group of IRGC guerrilla militias in the Zagros mountains along the coast of the Persian gulf to launch a couple drones once every 1-2 weeks to keep the straight uninsurable and stop all shipping permanently. 

All of the gulf states currently have literally zero income and have to pay for their governments/welfare states as well as the additional expenses of defense and rebuilding, they’re liquidating their bonds rn (look at 10 year yield, it’s going parabolic) but after so long they’ll HAVE to start liquidating their giant investment funds of US assets just to cover their existence. East asia will have to do pretty much the same just to pay the energy price premium as they panic buy for the geometrically expanding price of oil+LNG.

The economic rapture we will soon see will be hard to imagine. Don’t be tricked by the illusion of the fed saving us, you cannot print hydrocarbons. We tried printing in the 70’s during the last energy crisis and we still got an entire decade of recessions as well as multi year inflation in the double digits. Retail is the exit liquidity. What’s the benefit of staying in this market anyways? If it’s temporary (it isnt) then maybe you make a couple percent on the rebound, but if you believe in thermodynamics over the market sentiment then this house of cards is coming down. 

Positions:

100% in on Long dated puts on IWM for Dec 18th. 

40% of the index is not profitable as is. Small caps have crummy profit margins and huge energy demand as is. There is no chance they’ll be able to survive the converging shitstorm of a decimated consumer, parabolic energy price increases, and the refinancing debt wall+PE locking out any debt rollovers",13jfncjai31,1774500985,2026-03-26 04:56:25,0,64,https://www.reddit.com/r/stocks/comments/1s3y83m/this_is_not_a_dip_buying_opportunity/,Advice,False,Inflation,inflation
1s3kw64,stocks,Covid headlines are back – which sectors could react first?,"News about the new BA.3.2 Covid variant spreading across the U.S. is starting to show up again, and while it’s early, markets tend to price in risk quickly. The variant carries **70+ mutations in the spike protein**, which could make it more transmissible and harder for current vaccines to fully neutralize.

The immediate reaction isn’t panic, but traders are already thinking about sector impact. Airlines, cruise lines, and hospitality stocks are usually the first to react to any renewed Covid concerns. On the other side, healthcare and biotech names often see inflows on even the possibility of new vaccine demand.

The difference this time is context. The market is already dealing with **higher oil prices, inflation concerns, and geopolitical tensions**, so another uncertainty layer could increase overall volatility rather than trigger a full rotation.

It’s also worth noting that previous variants caused sharp but short-lived moves unless they significantly changed real-world outcomes like hospitalizations or restrictions.

So this might turn into a **headline-driven trading theme** rather than a long-term shift, at least for now.

Are you paying attention to Covid-related news again for trades, or do you think the market has become mostly immune to these headlines?

Not financial advice.",IsabellaHughes527,1774467436,2026-03-25 19:37:16,0,39,https://www.reddit.com/r/stocks/comments/1s3kw64/covid_headlines_are_back_which_sectors_could/,,False,Inflation,inflation
1s3kko9,stocks,Iran rejects ceasefire – markets now pricing a longer conflict,"Big headline today: Iran rejected the US ceasefire proposal and is continuing strikes across the region. At the same time, the US is deploying more troops, including **1,000 paratroopers and \~5,000 Marines**, which signals this isn’t de-escalating anytime soon.

From a market perspective, this changes the tone. Earlier, there was at least some hope for a pause in the conflict. Now, with no agreement and continued attacks, traders have to start pricing in a **longer disruption cycle**.

The biggest impact is still on oil. The Strait of Hormuz handles roughly **20% of global oil supply**, and any restriction there keeps upward pressure on crude. We’ve already seen oil up **30%+ since late February**, and this kind of news makes further spikes more likely.

But the effect goes beyond energy. Higher oil means higher inflation risk, which can push back rate cut expectations. That hits growth stocks and small caps, while energy and defense names tend to benefit. At the same time, consumer sectors can get squeezed as fuel costs eat into spending.

This is one of those moments where geopolitics starts driving the entire market, not just one sector.

Do you think the market has already priced in a prolonged conflict, or is there still more downside risk if this escalates further?

Not financial advice.",NoahReed14,1774466717,2026-03-25 19:25:17,0,30,https://www.reddit.com/r/stocks/comments/1s3kko9/iran_rejects_ceasefire_markets_now_pricing_a/,,False,Inflation,inflation
1s3ec0m,stocks,What's the best investment allocation for monthly leftovers?,"I'm about 13 years away from retirement.  No debts.  Have a 6 month emergency fund in a HYSA.  Maxing out the 401K and ROTH IRA (which are being managed by my financial advisor, so I treat them as a black box).

I generally have a decent amount of money leftover at the end of the monthly cycle.  I'm wondering what's the most optimized way for me to make the most of it.  Retirement is not the goal (that's taken care of by the tax advantaged retirement accounts), as it's just leftovers that I don't want rotting to inflation.  Current plan is something like 50% VOO, 40% VXUS, and 10% SCHD, going into a separate non-qualified investment account (so not tax-advantaged.)

Is this a half decent plan, or can it be optimized better?",LynxWorx,1774453334,2026-03-25 15:42:14,1,1,https://www.reddit.com/r/stocks/comments/1s3ec0m/whats_the_best_investment_allocation_for_monthly/,,False,Inflation,inflation
1s1oe0k,stocks,"Is this another March 2020 moment, or are we early in something much worse?","Feels like one of those moments again.

March 2020 looked like everything was breaking, turned out to be the best time to buy (in hindsight of course).

Now we’ve got war, oil going up, inflation still hanging around.. but markets aren’t really crashing, just kinda shaky.

So I’m confused tbh

Is this another “buy when it feels bad” setup

or are we just early and it gets worse from here?

Anyone who was around in 2020… did you go in then? would you do the same now?",Warm_Bobcat6310,1774288881,2026-03-23 18:01:21,0,49,https://www.reddit.com/r/stocks/comments/1s1oe0k/is_this_another_march_2020_moment_or_are_we_early/,Advice Request,False,Inflation,inflation
1s1hhfa,stocks,Treasury yields whipsawed today after Iran headlines,"The bond market saw a sharp whipsaw today, driven mostly by geopolitical headlines rather than economic data.

Overnight, yields on the US10Y moved higher as tensions around Iran and the Strait of Hormuz escalated. Oil prices spiked on fears of supply disruption through the strait, which handles a large share of global crude shipments. Higher oil tends to push inflation expectations higher, which usually puts upward pressure on Treasury yields.

The move reversed quickly when a headline suggested potential peace talks between the U.S. and Iran. Markets reacted immediately. Oil pulled back and yields dropped as traders repriced the risk of escalation.

Minutes later Iranian officials denied the talks, triggering another round of volatility.

It’s a clear example of how headline risk and algorithmic reactions can create sudden intraday swings in modern markets.",Axirohq,1774273975,2026-03-23 13:52:55,27,4,https://www.reddit.com/r/stocks/comments/1s1hhfa/treasury_yields_whipsawed_today_after_iran/,Industry Discussion,False,Inflation,inflation
1s1h63y,stocks,"Trump just announced a 5-day pause on Iran strikes and futures are up 2%+ across the board, is this the relief rally or a dead cat bounce?","Saw the S&P futures chart on Blossom this morning and honestly had to look twice because I thought I was still half asleep. Trump announced a 5-day suspension on attacks targeting Iranian energy infrastructure, citing “constructive talks” with Tehran, and Iran immediately came out and denied any talks even happened. And yet S&P futures +2%, Dow +2.1%, Nasdaq +2.1% and oil dropped hard after weeks above $100.

I get why the market is reacting because after weeks of constant bad news people are desperate for any sign this thing is winding down, but a 5-day pause where the other side is denying the talks even exist doesn’t exactly scream resolution to me. Hormuz is still a problem, the Fed still isn’t cutting, inflation is still sticky, and $XOM $LMT $RTX everything that ran hard on the war trade is about to get tested at open.

Are you buying this gap up or does it feel like a trap to you?",National-Theory1218,1774273217,2026-03-23 13:40:17,620,488,https://www.reddit.com/r/stocks/comments/1s1h63y/trump_just_announced_a_5day_pause_on_iran_strikes/,,False,Inflation,inflation
1s1a6um,stocks,Check Asian Markets and oil price before placing Monday buy/sell orders.,"I woke up middle of night and for whatever reason I decided to check my phone. I’ve been looking through it since last 30 mins and it looks like various Asian markets are falling. UK PM called emergency meeting to discuss economic concerns with his people. IEA said oil crisis is very severe and is in discussion with Asian and European countries to see if more oil stockpiles should be released. As of this post, oil price sits at $100.56 WTI and $108.80 Brent.

I remember reading China and few others have been decreasing US Bond holdings and have sold off recently which will increase US inflation (could be positive or negative for long term investors depending on how you see it). In addition to this, I remember reading something corporate debt crisis but not sure how or if it will materialize though it does create some fog over economy future.

All sides involved in the War seem to escalate hour by hour so I do not see any deescalation within next week.

Apologies for sounding bit Alarmist but this does not seem good time to jump back into the market. In fact, I am planning to stay out of it until after I see a sharp drop. But I do not think it’s a good time to sell too if you are already invested. Specially if you are new to it and do not know how to identify trends. DO NOT SELL BUT BUY WITH CAUTION.

I am curious to know how everyone else reacting to these current events? Do you think 20-30% drop coming specifically in AI? Would it be fair to say this might create a good opportunity for AI stock correction as a lot of them are overvalued?",Amiable_One,1774250687,2026-03-23 07:24:47,326,217,https://www.reddit.com/r/stocks/comments/1s1a6um/check_asian_markets_and_oil_price_before_placing/,Company Discussion,False,Inflation,inflation
1s0pfrw,stocks,What will you invest in next paycheck?,"With the war, tariffs, inflation, no rate cut, AI Capex and so many other things going on, what are you thinking of investing in next paycheck?

This question is, I guess, more for those who invest in individual stocks, since the answer for the VTI/VOO and chill crowd is always the same.

========================

Obviously markets are down in March but not as much as I expected. 

I’m going to be adding more Microsoft since it’s PE is less than 30 now. I’m also investing in Nu Holdings, a Fintech stock. 

The rest will be going into more defensive compounders like ORLY and TJX.

I really don’t know what to do with gold and silver, and it seems like energy has already had its rise. Especially if the war winds down soon (doubt). ",Bossanova12345,1774195373,2026-03-22 16:02:53,133,344,https://www.reddit.com/r/stocks/comments/1s0pfrw/what_will_you_invest_in_next_paycheck/,,False,Inflation,inflation
1s0lua1,stocks,Energy stocks on Monday？？？,"US/Israel strike: US hit Iran’s nuclear facility, Israel hit Tehran. UK sub in position.Iran retaliated: Missiles struck southern Israel (near nuclear site) and a US-UK base in the Indian Ocean.

Strait of Hormuz is the choke point. If this escalates, crude could rip past $100？

The usual suspects: LMT, NOC, RTX

Tech: Inflation pressure stays hot ，rates don’t drop ，QQQ might take a hit.

My move:watch crude futures over the weekend. If no de-escalation by Monday open, I’m adding energy and trimming some tech.

Trump's 48hour ultimatum is about to expire. Will there be significant market volatility?

Not financial advice，DYOR.

I currently hold a small amount of USO and TLT.",Emily-989,1774186623,2026-03-22 13:37:03,0,17,https://www.reddit.com/r/stocks/comments/1s0lua1/energy_stocks_on_monday/,,False,Inflation,inflation
1s1rhdf,stocks,"We Might Be Entering the Most Interesting Phase of the Energy Transition - Not the Beginning, Not the End","I feel like most discussions around energy fall into two extremes.

Either people think we’re still early and nothing has really changed, or they think we’re about to fully transition away from fossil fuels in a straight line.

Reality looks way messier.

We’ve already seen massive capital flow into clean tech. In fact, clean energy investment is now outpacing fossil fuel investment globally .

At the same time, the system hasn’t flipped.

Fossil fuels still dominate total energy use, and the transition is happening unevenly across sectors.

Electricity is decarbonizing relatively quickly. But industrial energy, transport, and heating are much slower to change.

So what we’re left with is this awkward middle phase.

* renewables scaling fast
* demand rising due to electrification and AI
* legacy infrastructure still required
* grid systems under pressure

And this is where things get interesting.

Because transitional phases are usually where the biggest inefficiencies exist.

And inefficiencies = opportunity.

We’re seeing signs of that already:

* rising power purchase agreement prices for renewables
* tighter grid capacity in certain regions
* increasing need for storage and flexible energy solutions

It’s almost like the market is realizing that adding more generation isn’t enough.

You need systems that can handle variability, demand spikes, and real-time optimization.

From a macro perspective, this doesn’t look like a single trade.

It looks like a multi-layer opportunity across:

* infrastructure
* software
* distributed energy systems
* grid services

Feels like we’re no longer in the “build phase,” but in the “make it actually work” phase.

And that might be where the real value gets created.

Curious how others see it. Are we early, late, or right in the middle of the most investable part of this transition?",twilightbreakin,1774295436,2026-03-23 19:50:36,0,20,https://www.reddit.com/r/stocks/comments/1s1rhdf/we_might_be_entering_the_most_interesting_phase/,Industry Discussion,False,Inflation,rising prices
1s145rf,stocks,"Are you really buying the dip, or are you just being stubborn?","Tensions between the US and Iran are escalating, oil prices are soaring, and markets are volatile. Suddenly, everyone's talking about buying the dip, and I feel conflicted.



Iraq has declared force majeure on its oil fields. The Strait of Hormuz has become a true choke point.



Rising oil prices mean inflationary pressures. The likelihood of the Fed pausing rate hikes has decreased, and the probability of an April rate hike has slightly increased.



Nobody knows whether the situation will ease or escalate further next week.



Buying the dip assumes the market has already priced in the worst-case scenario. Geopolitical factors cannot be simply incorporated into valuation models.



I'm not saying the market will crash. I'm just asking:

Are you buying because the risk/reward ratio is reasonable? Or is something else driving you?",Emily-989,1774231070,2026-03-23 01:57:50,0,26,https://www.reddit.com/r/stocks/comments/1s145rf/are_you_really_buying_the_dip_or_are_you_just/,Advice Request,False,Inflation,rising prices
1s5jra8,stocks,March 2026 tech layoffs summary,[removed],Key_Bag_3783,1774652872,2026-03-27 23:07:52,1,0,https://www.reddit.com/r/stocks/comments/1s5jra8/march_2026_tech_layoffs_summary/,Industry News,False,Jobs & Economy,layoffs
1s57vom,stocks,Meta hiring contracted by 31% over the last week.,"Usually large layoffs are paired with hiring swings to cull the herd and bring in new sharper talent but it looks like META really is contracting.

Do we think that this is due to metaverse cancellation or AI efficiencies OR actual stock downside?

Worth shorting?",ResponsibleSpell394,1774626459,2026-03-27 15:47:39,49,25,https://www.reddit.com/r/stocks/comments/1s57vom/meta_hiring_contracted_by_31_over_the_last_week/,Company Question,False,Jobs & Economy,layoffs
1s4alpu,stocks,Meta stock is falling this AM (-5.6%),"Meta Platforms (META) stock fell in early trading on March 26, 2026, primarily due to a convergence of legal setbacks, announced layoffs, and ongoing investor concerns regarding high capital expenditures. The combination of these factors, along with a general pullback in the ""Magnificent 7"" tech sector, put significant pressure on Meta shares this morning.

What are we thinking about this?",wishnothingbutluck,1774538785,2026-03-26 15:26:25,282,306,https://www.reddit.com/r/stocks/comments/1s4alpu/meta_stock_is_falling_this_am_56/,,False,Jobs & Economy,layoffs
1s5i55i,stocks,If oil barrel prices fall to 60 dollars a barrel will CVX drop?,[removed],Adventurous_Ask_4937,1774648968,2026-03-27 22:02:48,1,0,https://www.reddit.com/r/stocks/comments/1s5i55i/if_oil_barrel_prices_fall_to_60_dollars_a_barrel/,,False,Oil and energy,oil prices
1s5a4zd,stocks,"Barclays says the 'Trump put' is fading, and the president can no longer prop up stocks as headline fatigue sets in","* Barclays says that Trump's ability to talk down oil and maintain equity prices is fading.
* The ""Trump put,"" the president's ability to calm markets with announcements about the war, is losing its efficacy.
* Headline fatigue and flip-flopping are weighing on investors as the war in Iran drags on.

[https://www.aol.com/articles/barclays-says-trump-put-fading-161345801.html?guccounter=1&guce\_referrer=aHR0cHM6Ly93d3cucmVkZGl0LmNvbS8&guce\_referrer\_sig=AQAAADhp6xt\_iIupT8YAwbj3EwnKKjE0-Rwoy\_VJxB9uza9JtNXJBC\_AGupYrp2LY-7FBEjnMxn2Jwr49z6Tz8U9BAofmRO83TCrCTFAYWXhJUOCedR6AZqzgEKfH9xCOEK8thmoSxhlNjdhYO-iSWa6ubko9Y6lzP-tnYcRzH2uLRLw](https://www.aol.com/articles/barclays-says-trump-put-fading-161345801.html?guccounter=1&guce_referrer=aHR0cHM6Ly93d3cucmVkZGl0LmNvbS8&guce_referrer_sig=AQAAADhp6xt_iIupT8YAwbj3EwnKKjE0-Rwoy_VJxB9uza9JtNXJBC_AGupYrp2LY-7FBEjnMxn2Jwr49z6Tz8U9BAofmRO83TCrCTFAYWXhJUOCedR6AZqzgEKfH9xCOEK8thmoSxhlNjdhYO-iSWa6ubko9Y6lzP-tnYcRzH2uLRLw)",esporx,1774631218,2026-03-27 17:06:58,1813,203,https://www.reddit.com/r/stocks/comments/1s5a4zd/barclays_says_the_trump_put_is_fading_and_the/,,False,Oil and energy,oil prices
1s5474n,stocks,"What is the over/under on a weekend Truth Social post from Trump announcing a ""breakthrough"", leading to an S&P rise?","Given WTI futures are approaching $100 (seems to me to be Trump's Truth Social trigger), and the S&P is falling, what are the odds that Trump reveals a ""negotiation breakthrough"" and ""imminent end to hositilities"" this weekend that Iran subsequently denies?

Ah, and it looks like \[Israel has pledged to intensify strikes\](https://www.theguardian.com/world/live/2026/mar/27/iran-war-live-updates-trump-negotiations-bombing-hormuz-energy-oil-prices-middle-east), and Iran has \[reannounced the closure of Hormuz to the US, Israel and their allies\](https://www.google.com/amp/s/amp.scmp.com/news/world/middle-east/article/3348177/iran-says-hormuz-closed-shipping-and-enemy-ports), despite Trump claiming the US and Iran are exchanging love letters in the background, and despite the complete inconsistency with being expected to believe that the US has a ""secret man on the inside"", and that the US would announce that secret to the whole world and the IRGC.

Are we still in a world where Monday Truth Social driven S&P calls are a good buy, or has the boy cried wolf too many times?",ub3rm3nsch,1774618336,2026-03-27 13:32:16,399,167,https://www.reddit.com/r/stocks/comments/1s5474n/what_is_the_overunder_on_a_weekend_truth_social/,,False,Oil and energy,oil prices
1s52ekx,stocks,7.3% yield while oil goes crazy – is MPLX the “boring” trade that works?,"Oil has been all over the place this year. WTI started below **$60**, spiked above **$119**, and is now sitting closer to **$90** depending on headlines around the Iran conflict. That kind of volatility is great for traders, but not ideal if you’re looking for consistency.

That’s where pipeline names like MPLX come into the conversation. The company is currently yielding around **7.3%**, and unlike oil producers, its business isn’t directly tied to commodity prices. Most of its revenue comes from **long-term, fee-based contracts**, which makes cash flow more predictable.

Looking at the numbers, MPLX generated about **$5.8 billion in cash flow last year**, covering its distribution about **1.4x**. That’s important because it means the dividend isn’t just high, it’s supported. Leverage sits around **3.7x**, which is relatively conservative for a midstream operator.

Another angle here is growth. They’ve got multiple projects coming online through the decade, including pipelines and export infrastructure, with expected **mid-single-digit annual earnings growth**. It’s not explosive, but it’s steady.

So while oil prices swing based on geopolitics, MPLX is more about stability and income. It’s not the kind of stock that moves 10% in a day, but that’s kind of the point.

In a market where energy is volatile, does it make more sense to own producers for upside, or midstream names like MPLX for consistency?

Not financial advice.",IsabellaHughes527,1774613758,2026-03-27 12:15:58,0,1,https://www.reddit.com/r/stocks/comments/1s52ekx/73_yield_while_oil_goes_crazy_is_mplx_the_boring/,,False,Oil and energy,oil prices
1s4rcjb,stocks,Market feels like it's one strong catalyst away from a massive rally,"This is by no means a prediction on when the Iran conflict or AI/private credit fear will end. But, it does seem that most nights in afterhours multiple sectors have small rallies of 1-2% and they all immediately get faded. The market wants to rally, but theres too much uncertainty and bears haven't exhausted yet. 

It feels like all it will take at this point is some even half way decent news about: Oil prices stabilizing, the US exiting iran, or the AI/private credit fear being overblown to make the market have another monumental rally just like it did in April of 2025. 

Thoughts? Opinions? This is no DD or tehnical/fundamental analysis or perspective, it's purely an observation for how securities have been behaving in afterhours despite the current geopolitical/markey conditions. 

No fluff /s",Rez_X_RS,1774577490,2026-03-27 02:11:30,0,69,https://www.reddit.com/r/stocks/comments/1s4rcjb/market_feels_like_its_one_strong_catalyst_away/,,False,Oil and energy,oil prices
1s4qk52,stocks,ESI.TO - Best Small Cap Oil,"With the whole Iran conflict and Oil stocks hitting All-Time Highs each day, many investors feel like if they come in now they may be late to the gains.... But there is a golden opportunity hiding in plain sight!

Ensign Energy Services Inc. (ESI.TO) is a small cap Canadian oil company. On nearly every metric it trades at a steep discount to its large cap oil peers. While the average oil company trades at a Price-To-Sales ratio of over 2, ESI trades at 0.4, a 80% discount. 

It also trades roughly 50% on Book Value, meaning if the company just liquidated themselves today they would be worth double their current share price.

If you think oil prices are only going higher, this stock is the best opportunity to capitalize on it in my opinion ",silver-bullet007,1774575390,2026-03-27 01:36:30,0,10,https://www.reddit.com/r/stocks/comments/1s4qk52/esito_best_small_cap_oil/,,False,Oil and energy,oil prices
1s4kekg,stocks,Trump's pinky promises are a desperate stalling tactic to keep equities markets up,"Trump has TACO'd and pinky promised not to bomb Iran's energy facilities.

This could mean a few things:

1. Trump never planned to do it in the first place, and this is another TACO.

2. Trump needs more time to organize forces in the Middle East for an attack.

3. Trump is lying, and will attack Iran.

Either way, it seems to me that Trump, who used to call Obama an idiot for announcing his intentions, is doing this to manipulate markets during the war, whatever his end game. He even recently bragged that markets have not collapsed as badly as he thought.

The problem for Trump is that headline driven prices of equities markets and paper traded oil futures are about to be overcome by real physically traded demand for oil by refineries who are looking at weeks (and months, since refineries that came offline will take weeks to come back) of empty oceans behind the cargo ships that take 30-40 days to transit, leading to supply shortages.

In other words, oil is about to spike hard, and equities markers are about to crash hard. Trump can't Truth Social his way out of that mess, and it is already a done deal. Trump knows it. The Iranians know it. And the market makers likely know it too.",ub3rm3nsch,1774560322,2026-03-26 21:25:22,1587,274,https://www.reddit.com/r/stocks/comments/1s4kekg/trumps_pinky_promises_are_a_desperate_stalling/,Broad market news,False,Oil and energy,oil prices
1s4cno5,stocks,Trump says oil and stock market reaction to Iran conflict not as severe as he expected,"[Source from CNBC](https://www.cnbc.com/2026/03/26/trump-iran-war-oil-stocks.html)

> Addressing Treasury Secretary Scott Bessent, the president said oil prices “have not gone up as much as I thought, Scott, to be honest with you. It’s all going to come back down to where it was and probably lower.” 

> Trump has said the economic damage will reverse once the war ends.
>
>“My predictions have been right,” he said.",SecretComposer,1774543254,2026-03-26 16:40:54,498,174,https://www.reddit.com/r/stocks/comments/1s4cno5/trump_says_oil_and_stock_market_reaction_to_iran/,,False,Oil and energy,oil prices
1s4bkw6,stocks,This Economy Will Break,"Things can stay irrational longer than you can stay solvent. 

Many believe they understand this. We’re in a K shaped Economy. Us stock investors feel untouchable. We’ve had a 4 year bullrun. But we foolishly claim”stocks are not the economy” 

Here’s a reality check for Gen X and Boomers alike. Gen Z has 86percent less purchasing power than you do at the same age with higher levels of education and greater hours worked. Boomers and Gen X are retiring. 

How can this impact you? Who is going to buy your house at these elevated prices if Millennials and Gen Z do not have Boomer or Gen X purchasing power? Think about that critically. Gen Z and Millennials have far more debt to make things worse. Meanwhile  stocks are in their own universe having become far devoid of historical values, a desperate 2 generations who need the money and feel stocks are the only way up with boomers and Gen X retiring and profit takings to fund their retirement. 

We will have a generational correction, who knows when but it coming. This is pure insanity if you zoom out and devoid of any sense whatsoever. 

America itself is shakey, its backstabbed even its closest allies with tariffs. Those same countries hold USD reserves. We’re nothing but lucky those countries all didn’t tariff us back, or simply retaliate in a way that would hurt us. But it shows that America can’t be relied on. If Europe elects a European first mentality that’s going to be tuff. That’s unlikely right? No it’s not. I’ve never seen Canadians so angered and a felt feeling of betrayal. Europe feels this way, Japan and other allies feel this same way.

Pair what was said with 30 percent of stocks being held by foreigners, The K shaped generational divide and increasing resentment towards wealthy and you realize the US economy is in real danger.

Historically elevated stock prices,housing and now soaring energy prices have eaten what remand of the Middle class. Now medical bills,energy prices, gas,tariffs,increase credit taking are massive warning signs that desperate normal people/delusional wealthy complacent Americans are blissfully believing it’s sustainable. 

Stocks are at record highs on most metrics to any period in time.

Retail has piled in a record rates

Consumer debt is soaring 

Middle class is penny pinching

Cars are being bought in record high debt 

Everyone who isn’t wealthy feels poor 

Oil will further weaken and increase food and energy costs once fully absorbed when many people feel already squeezed. 

TLDR is take money THAT you NEED off the table. Do not be 100percent invested only in the stock market and have some powder on the sides. People are unbelievably complacent at the moment let alone incredibly insecure about valuations/delusional in thinking this recent 5 percent pullback was a great buying opportunity.

I encourage many to study history, stocks can go through a lost decade after distortional gains. 

When the tide goes out, many will be left naked and exposed  

 ",Historical_Flow3890,1774540888,2026-03-26 16:01:28,0,124,https://www.reddit.com/r/stocks/comments/1s4bkw6/this_economy_will_break/,Crystal Ball Post,False,Oil and energy,oil prices
1s3wziz,stocks,Some light DD related LNG and Santos(STO),"
Disclosure: Long STO $8.50c May 21. Small position. This is not financial advice. Do your own research.

Qatar is the world's #1 LNG exporter. Every single tanker leaving their port at Ras Laffan has to pass through the Strait of Hormuz. Iran has now set a toll on Hormuz and is blocking US ships. Israel and Saudi want regime change. Trump is sending confused signals. This isn't resolving next week.

I pulled vessel tracking data aggretated to some ports, to see what's happening at Ras Laffan. The numbers (as expected) are  a bit  wild.

## Vessel activity at Qatar's Ras Laffan LNG port

| Month | Vessels |
|:------|-------:|
| October 2025 | 4,413 |
| November 2025 | 4,507 |
| December 2025 | 4,569 |
| January 2026 | 3,839 |
| February 2026 | 3,061 |
| **March 2026** | **667** |

That aboutan an 81% collapse. On March 14th, there were literally 13 vessels at the port down from 350+ per day in February.


To see where else Asia is getting the LNG from, I checked every major LNG export port on the planet. Same data source, same timeframe.

| Port | Oct | Nov | Dec | Jan | Feb | Mar | Change |
|:-----|----:|----:|----:|----:|----:|----:|-------:|
| Ras Laffan, Qatar | 4,413 | 4,507 | 4,569 | 3,839 | 3,061 | 667 | **down 81%** |
| Darwin, Australia | 735 | 652 | 553 | 427 | 453 | 456 | flat |
| Gladstone, Australia | 1,198 | 933 | 785 | 731 | 650 | 523 | flat |
| Dampier, Australia | 562 | 515 | 510 | 509 | 505 | 460 | flat |
| Sabine Pass, USA | 440 | 426 | 402 | 383 | 355 | 321 | flat |
| Freeport, USA | 1,540 | 1,368 | 1,263 | 1,413 | 1,348 | 1,294 | flat |
| Yamal, Russia | 994 | 566 | 608 | 622 | 561 | 446 | **down 21%** |
| Sakhalin, Russia | 264 | 256 | 161 | 133 | 92 | 106 | **down 30%** |

It seems atleast at the moment, nobody is filling the gap. Qatar collapsed, Russia is also dropping, and every other LNG port on earth is running at the same rate as before. Asia just lost access to 26% of global LNG supply (Qatar + Oman + UAE all transit Hormuz) and there is no replacement volume showing up anywhere. 

TTF is up 85% in 3 months.LNG spot prices in Asia (JKM) tracks TTF.

There are only three countries that can supply LNG to Asia without going anywhere near the Middle East: Australia, the United States, and Russia. Russia has sanctions issues and is actually declining. US Gulf Coast is running flat. That leaves Australia.

Santos (STO on ASX) operates Darwin LNG, GLNG at Gladstone, and has a stake in PNG LNG. Their LNG contracts are priced either as a percentage of oil (which is up 42% in 40 days) or at Asian spot rates (which are spiking). They also have Barossa, a brand new gas field about to come online at full rates, adding 18% to their 2026 production.

Santos is up 13% over the past 40 days while crude oil is up 42%. Their port volumes haven't changed because they were already running at capacity. But the price they're getting per cargo has exploded and that won't show up until their next quarterly report. And Yes, Darwin LNG is temporarily offline per their latest announcement. But reading the actual release, it is a planned commissioning flush for Barossa before ramping to full production. A company spokesperson said they're ""in the final stages of commissioning to flush the system before coming back on and getting back to full rates."" This is the last step before their biggest new project starts delivering revenue,so not a structural problem as such.
",stockist420,1774497112,2026-03-26 03:51:52,0,1,https://www.reddit.com/r/stocks/comments/1s3wziz/some_light_dd_related_lng_and_santossto/,,False,Oil and energy,oil prices
1s3gov0,stocks,Morgan Stanley’s Wilson Sees S&P Profit Boom Despite Iran War,"Sell-side strategists have been boosting their profit outlooks, defying concern over soaring oil prices and a potential hit to consumer demand. Earnings in the S&P 500 Index are expected to rise 20% in the next 12 months, data compiled by Morgan Stanley show. Historically, the reading was higher only when the economy emerged out of recessions.

Optimism over corporate earnings - the cornerstone of US equities’ bull-market run for most of the past decade - partly explains the S&P 500’s resilience in the face of intensifying fighting in the Middle East. The view is giving bulls reason to remain constructive on US stocks despite growing geopolitical risks, artificial intelligence disruption and private-credit stress.

https://finance.yahoo.com/news/morgan-stanley-wilson-sees-p-112848186.html",app1310,1774458447,2026-03-25 17:07:27,49,15,https://www.reddit.com/r/stocks/comments/1s3gov0/morgan_stanleys_wilson_sees_sp_profit_boom/,Broad market news,False,Oil and energy,oil prices
1s39i9t,stocks,Oil prices fall as Iran signals safe passage for ‘non-hostile’ ships through Strait of Hormuz,"* Oil prices fell on Wednesday after U.S. President Donald Trump said Washington was negotiating with Tehran.
* Iran denied direct talks, leaving traders to parse mixed signals on diplomacy.
* Goldman Sachs said crude prices were trading on geopolitical risk as Middle East supply fears remain elevated.
* [https://www.cnbc.com/2026/03/25/oil-price-wti-brent-gas-lng-trump-iran-talks-hormuz.html](https://www.cnbc.com/2026/03/25/oil-price-wti-brent-gas-lng-trump-iran-talks-hormuz.html)",Every-Actuator-6996,1774442211,2026-03-25 12:36:51,428,120,https://www.reddit.com/r/stocks/comments/1s39i9t/oil_prices_fall_as_iran_signals_safe_passage_for/,Company News,False,Oil and energy,oil prices
1s1ea2u,stocks,Oil tumbles after Trump postpones U.S. strikes against Iran energy infrastructure for five days,"Oil prices tumbled Monday after President Donald Trump said the U.S. and Iran had productive talks, leading him to order a halt on strikes against key energy infrastructure in the country.

West Texas Intermediate futures
 were down 8% at $90.10 per barrel. Brent crude
 lost around 8% as well to trade at $103.91.

https://www.cnbc.com/2026/03/23/oil-prices-trump-iran-strait-of-hormuz-wti-crude-middle-east-lng-gas.html",app1310,1774265425,2026-03-23 11:30:25,426,147,https://www.reddit.com/r/stocks/comments/1s1ea2u/oil_tumbles_after_trump_postpones_us_strikes/,Industry News,False,Oil and energy,oil prices
1s1d6ul,stocks,"($BTU) Asia & Europe LNG Spot Surge, Qatar Production Cuts, LNG-to-coal Substitution Play","**The Basics**

We are all aware Qatar now has a structural 17% hit on LNG exports, primarily with destination being SE Asia & Europe. As a result the regional European & Asian LNG spot prices have soared and many countries are actively shifting policies to allow thermal coal usage.

With Europe being stricter on green energy, LNG substitution is more profound in SE Asia, as many media outlets and analysts are reporting.

Here's a basic rundown on my current position in a thermal coal supplier to SE Asia. Cheers to @stockist420 for leading me down this rabbit hole a few days ago. 

**Media Coverage & Policy Shifts**

* The Great Gas Destruction (article published March 20, 2026): Analysts report that LNG has become mathematically unfavourable for price-sensitive Asian utilities.

* With spot JKM at circa $22.50/MMBtu, demand destruction is being first seen in Bangladesh and the Philippines. Their state utilities are shifting their swing capacity to coal-fired units to avoid blackouts.

* Tokyo’s Winter Contingency (Reuters, March 22): JERA, Japan’s largest power generator, has moved to maximum coal dispatch for its remaining fleet. The utility is sidelining newer LNG units and ramping legacy coal plants to preserve reducing LNG inventories.

* The South Korean Ministry of Trade, Industry and Energy has paused the 2040 coal phase-out plan. To stabilise the grid, Seoul is suspending the coal power ceiling that restricts coal plant utilisation to 80%. They are now running at 95%+ capacity.

* Even though Seoul has a $100B LNG purchase agreement with the US, the cost of delivered LNG is 300% more expensive than Australian thermal coal on a per-delivered-energy basis.

* South Korea is expected to import an extra 8.5 M tonnes of high-CV thermal coal in 2026; the Newcastle spot grade.

**History**

As we ripple through the energy forms in an energy crisis (oil, LNG) thermal coal is the last resort for the power grid.

Looking at past major gas supply shocks, coal usually acts as the final buffer, typically lagging then surging.

* 2022 Ukraine; LNG spiked to €300/MWh. Within weeks Newcastle coal moved from $130/t to $450/t.

* 1970s Oil Shocks; Thermal coal demand doubled as utilities wound down expensive oil generation.

* 2026 Qatar, Ras Laffan; This is not a Russian embargo situation where the LNG capacity is in existence yet movement disrupted, this is a combined structural production curtailment & movement disruption.

**BTU**

$WHC (ASX-listed) and other Australian thermal coal stocks have already started to move. It is easy to overlook the very few US thermal coal stocks that can realise profits from the Newcastle index surge and feed/export into SE Asian markets.

Thermal coal supply itself is structurally limited with fewer remaining players year-on-year, which means acute demand shocks resulting in sharper index moves and realised profits for the remaining suppliers.

For Peabody Energy (BTU), if Newcastle remains at $150+ and BTU executes the Centurion Mine production ramp-up, the company’s FCF yield (~18–22%) may result in long-term re-rating in addition to the lagging beta correlation to thermal coal spot pricing increases.

LFG 🍀 Goodluck to everyone managing thks shambolic market. And please do your own DD. 🙏

",ICameSawAbstained,1774261940,2026-03-23 10:32:20,7,5,https://www.reddit.com/r/stocks/comments/1s1d6ul/btu_asia_europe_lng_spot_surge_qatar_production/,,False,Oil and energy,oil prices
1s0rhob,stocks,Oil prices to rise further on Monday as Mideast war escalates,"Oil prices look set to rise further on Monday, having closed before the ‌weekend at their highest in nearly four years, after U.S. and Iranian threats to target energy facilities, analysts said on Sunday.

On Friday, Brent ​futures for May settled up 3.26% at $112.19 a barrel, the highest since July 2022.

Iran has ‌attacked ports ⁠and refineries in Saudi Arabia, Kuwait, Bahrain, the UAE and Qatar in retaliation for attacks on its infrastructure. The closure of Hormuz resulted in a loss of a full four days of global supply - or some 440 million barrels - during the 22 days of the war so far.

Brent ⁠gained about 8.8% last week, while the front-month WTI settled down around 0.4% compared with last Friday's close. WTI's discount to Brent hit its widest in 11 years on Wednesday.

[https://www.reuters.com/business/energy/oil-prices-rise-further-monday-mideast-war-escalates-2026-03-22/](https://www.reuters.com/business/energy/oil-prices-rise-further-monday-mideast-war-escalates-2026-03-22/)",app1310,1774200122,2026-03-22 17:22:02,337,109,https://www.reddit.com/r/stocks/comments/1s0rhob/oil_prices_to_rise_further_on_monday_as_mideast/,Industry News,False,Oil and energy,oil prices
1s0gwnn,stocks,I'm selling all of my stocks Monday when markets open,"Market is very overvalued, no good news, dlss 5 was a flop, Iran war spiking oil & energy prices, market has been in a bull run for over 3 years now, a bear market/correction is long overdue and it looks like 2026 is gonna be that year. See ya in a year when I buy back in on some cheaper prices ✌️ 

I know it's gonna be hard you guys to hear this so go ahead and send those down votes 😆",Zextruhh,1774170348,2026-03-22 09:05:48,0,39,https://www.reddit.com/r/stocks/comments/1s0gwnn/im_selling_all_of_my_stocks_monday_when_markets/,Crystal Ball Post,False,Oil and energy,oil prices
1s07e1g,stocks,It's perfectly ok to feel lousy about losing money and it's also ok to still feel lousy after you've heard all the typical responses,"In late 2025, I lump-summed a LARGE about of money that I had cautiously been saving over a decade in a HYSA. In essence, I'm a newcomer to the stock market. I invested 100% in index funds, and I am currently down almost $100,000. I do not intend to sell, and I realize that my situation is simply the result of bad timing that I could not have possibly foreseen (Iran, oil prices, etc). I will not panic sell, as I am not retiring for 12 years or so, and I'm trying to maintain the conventional wisdom that by that time none of this will matter when I ""zoom out.""

But damn, I'm tired of hearing the talking points parroted whenever I see somebody fretting about their losses. ""This is a buying opportunity!"" ""I welcome dips because I can load up on more!"" And of course, the most obnoxious one: ""If you can't handle it you shouldn't be investing in stocks!"" I have never in my life even *earned* $100,000 in a calendar year. It's perfectly reasonable to be pissed off that I've *lost* that much in *half* that time because of bullshit I can't control. In my case, my first experience in the market is a giant loss equal to two years of my net income!  On paper it's probably extended my working years. The idea that one ""shouldn't be investing in stocks if they can't handle losses"" when everybody knows that's pretty much the only way to avoid eating cat food in retirement is insulting and dismissive. The only decent response to these types of posts should be ""we know, we've been there, and please just don't sell because you'll make it worse.""

So for any of you who are feeling lousy for giving up your gains, or if you're like me and you're new to equities and have only experienced losses, try not to get too down and know that you're not alone. And DON'T SELL. Let's all hope it gets better sooner rather than later!",BuffaloCannabisCo,1774139189,2026-03-22 00:26:29,20,10,https://www.reddit.com/r/stocks/comments/1s07e1g/its_perfectly_ok_to_feel_lousy_about_losing_money/,,False,Oil and energy,oil prices
1s1eids,stocks,Stock Market kicks into higher gear as Iran's power plan strike was called off.,"* Trump made a statement this morning that the US and Iran have held talks on the ""complete and total resolution of hostilities"" in the Middle East.
* He has postponed threatened strikes on Iranian power plants.
* Brent crude has fallen 13% to about $96 a barrel. 
* Gas prices have fallen from 159p a therm to about 139p.
* Having fallen more than 2% earlier, the FTSE 100 index is now up 0.5%, ",Progress_8,1774266128,2026-03-23 11:42:08,112,133,https://www.reddit.com/r/stocks/comments/1s1eids/stock_market_kicks_into_higher_gear_as_irans/,Broad market news,False,Oil and energy,gas prices
1s0r3j6,stocks,"$Anna low float gas supplier stock with no shares left to borrow,Europe war,crushed last earnings,expanding quick, etc","So I don’t see a lot of people talking about this stock even after the massive jump the other day Friday. I believe the company is very intriguing and could move more especially if it gets attention. Small float of shares outstanding approx. 66.6 million compared to 9.4 million available to trade.

When buying pressure hits:

Not many shares available

Buyers compete → price spikes fast

\-Small-cap energy play (natural gas + renewable gas in Italy. Focused on natural gas exploration in Italy and sustainability initiatives, including the Longanesi field.

The field reached critical production milestones significantly faster than projected:

Start of Production: Gas production officially commenced on March 13, 2025.

Rapid Ramp-up: The facility achieved a stabilized production rate in just six weeks, which was well ahead of the anticipated three-month timeline for that milestone.

Full Output: By July 2025, the field had already reached its targeted maximum production rate for the entire year.

Daily Revenue: As of mid-2025, the field was generating over $100,000 in daily revenue net to AleAnna, aided by high Italian gas prices averaging approximately $13.50 per Mcf.

Quarterly Income: In the third quarter of 2025, sales from Longanesi generated $10.6 million in revenue, contributing to a net income of $5.3 million for the company during that period.

Year-to-Date Growth: Revenue from the field rose from $3.3 million in Q2 2025 to $10.6 million in Q3 2025 as production stabilized.

Profitability: The field enabled AleAnna to report its second consecutive profitable quarter in late 2025, with $6.3 million in EBITDA and $8.9 million in cash from operations for Q3 alone.

\- Early / development-stage → not consistently profitable

Yet they destroyed last earnings by a lot revenue up 1631.36 net income 407.97 net profit 117.97.

The ongoing war in Europe benefits $Anna hugely

\+47% increase in proved natural gas reserves (2025 report)

Expanding fields in Italy (Longanesi, Gradizza, etc.)

Middle East tensions + potential LNG disruptions

Reports of:

Strikes affecting Qatar LNG facilities

Threats/blockade around Strait of Hormuz

Europe already has low gas storage (\~30%)

Company is tied to Europe replacing Russian gas

Italy wants domestic supply → AleAnna fits that narrative

👉 This gives it a strategic narrative boost, especially politically.

Gas prices spike → all gas producers benefit

Europe scrambles for supply → local producers (like AleAnna) become more valuable

Stock recently rallied on gas price spikes

Overall this stock could key word could push alot higher Monday and through next earnings around March 30th. Also given how limited shares there really are and how volatile it can be especially if traders pile in",XShadesXOfficial,1774199212,2026-03-22 17:06:52,1,3,https://www.reddit.com/r/stocks/comments/1s0r3j6/anna_low_float_gas_supplier_stock_with_no_shares/,,False,Oil and energy,gas prices
1s6c2ol,stocks,With the upcoming bear market and bad economy besides schd and some xle what should I put my money into to stay ahead of the curve?,"Schd I like, boring consistent high dividend plus some small consistent growth. Xle seems like a smart place to put even if short term given energy prices will continue increasing plus you get a small dividend. Worst thing that happens is sell it when war reaches negotioan/ends. Besides that and something like spaxx, what else should I put some money into that is boring and safe. Not doing vti or spy because that is very long term and will likely be down this year. Besides energy I don't know what is safe and goes up over time that can bring in income but won't make you rich.",wishihadaps42,1774732089,2026-03-28 21:08:09,0,14,https://www.reddit.com/r/stocks/comments/1s6c2ol/with_the_upcoming_bear_market_and_bad_economy/,Advice Request,False,Oil and energy,energy prices
1s6965n,stocks,While the world obsesses over VCX is Stack Capital (STCK.TO/STCGF) the sleeper SpaceX/VC play?,"**NOTE: Please read till the end, it will do you good.**

Stack Capital is a Canadian Fund listed under ticker [STCK.TO](http://STCK.TO) on the Toronto Stock Exchange and the corresponding ADR STCGF available to US investors. The holdings are mentioned here [https://www.stackcapitalgroup.com/investment](https://www.stackcapitalgroup.com/investment)

**SpaceX 28.6%**

**Shied AI (Defense) 3.0%**

**X-energy (Nuclear) 3.6%**

**CoreWeave 4.9%**

**OpenAI 5.%**

Among many other (check for yourself). The Book Value of the company is $200 million CAD, less than DXYZ $434 million and VCX $679 million but not insignificant.

It is trading at **$13 USD** [https://finance.yahoo.com/quote/STCGF/history/](https://finance.yahoo.com/quote/STCGF/history/)

So far so good, sounds like a good deal while there is all the VCX hype.  
Since this is listed in Canada the filings are to be found on the Canadian SEDAR which is the equivalent of US SEC EDGAR. Here is the link:   
[https://www.sedarplus.ca/csa-party/records/profile.html?id=3200aabce07cc4bdf41cb2196b0611df](https://www.sedarplus.ca/csa-party/records/profile.html?id=3200aabce07cc4bdf41cb2196b0611df)

Let's start by looking at the Volume for both the Canadian and US product.  


|Mar 24, 2026|19.58|19.87|19.00|19.10|19.10|**12,800**|
|:-|:-|:-|:-|:-|:-|:-|
|Mar 23, 2026|19.39|20.00|19.10|19.51|19.51|**11,700**|
|Mar 20, 2026|19.99|20.28|18.85|19.32|19.32|**31,800**|
|Mar 19, 2026|21.99|21.99|19.61|19.99|19.99|**43,800**|

|Mar 24, 2026|15.00|15.00|14.10|14.25|14.25|**11,630**|
|:-|:-|:-|:-|:-|:-|:-|
|Mar 23, 2026|15.49|15.49|13.93|13.96|13.96|**3,992**|
|Mar 20, 2026|15.00|15.00|13.80|13.80|13.80|**8,617**|
|Mar 19, 2026|15.30|15.30|14.34|14.65|14.65|**5,508**|

This is so **illiquid**!! You can't even but 500 shares without moving the market!!

Here are some nuggets from the filings:

""The Performance Fee for a Calculation Period will be equal to the product of: (a) the number of time-weighted average Common Shares outstanding during such Calculation Period (calculated before taking into account any Common Shares issuable in payment of a Performance Fee for such Calculation Period); and (b) **15%** of the amount by which the sum of: (i) the Book Value per Share of the Company at the end of such Calculation Period (calculated before taking into account the Performance Fee payable for the period ending on the Determination Date for such Calculation Period), plus (ii) the total amount of distributions paid on the Common Shares during such Calculation Period and all consecutive immediately preceding Calculation Periods, if any, in respect of which no Performance Fee was paid divided by the weighted average number of Common Shares outstanding during such Calculation Periods; exceeds: (iii) the High Water Mark.""

**Management fees of 15% on the appreciated Book Values annually**

**Performance fee liability 7,138,876**   
**Management fees 2,720,465**  
**amongst other fees for year ending December 2025 (total fees 11,379,773**). 

*""Stack Capital management believes its share price is undervalued compared to its recently announced Book Value per Share of $14.26. The notice provides that Stack Capital may, during the 12-month period commencing December 3, 2025, and ending no later than December 2, 2026, purchase through the facilities of the TSX and/or alternative Canadian Trading Systems up to 1,095,780 common shares in total, being 10% of the “public float” of common shares as of November 24, 2025. The price which Stack Capital will pay for any common shares will be the market price at the time of acquisition. During the period of this NCIB, Stack Capital may make purchases under the NCIB by means of open market transactions. The actual number of common shares which may be purchased pursuant to the NCIB and the timing of any such purchases will be determined by senior management of Stack Capital. The average daily trading volume from May 1, 2025, to October 31, 2025, was 18,222 common shares.* ***Daily purchases under the NCIB will be limited to 4,555 common shares, other than block purchases.*** *All shares purchased by Stack Capital under the NCIB will be cancelled""*

**So you buy your own shares because your shares are trading cheap. Fair enough.** They have been doing this for the last 2 years. Then you find this (August 7, 2025):  
*""Stack Capital Group Inc. (the ""Corporation"") proposes to issue and sell by way of a private placement up to 1,454,545 units of the Corporation (""Brokered Units"") in the LIFE Selling Jurisdictions at a price of $13.75 per Unit (the ""Offering Price"") for aggregate gross proceeds of up to $20,000,000""*

*""The insiders who participated in the Offering include Onbelay Capital Inc. and SC Partners Ltd. Onbelay Capital Inc. is wholly and beneficially owned by John Bell, an insider of the Company. SC Partners Ltd. is a non-personal corporation owned by the founders of the Company. The participation of these entities in the Concurrent Private P",Fit_Equal6932,1774725135,2026-03-28 19:12:15,0,1,https://www.reddit.com/r/stocks/comments/1s6965n/while_the_world_obsesses_over_vcx_is_stack/,,False,Oil and energy,energy prices
1s638ew,stocks,Everyone thinks this is or will be a buying opportunity. This could be naive.,"Hooray, stocks are down. Buy low and sell high. Only suckers are getting out now. Discipline. Ignore the noise. Dollar cost average. Ignore the day to day, long term is what matters. Just stick to index funds. Global index funds. Balanced funds. Long term gains. Buying opportunity. Healthy correction. The companies are still making lots of money. They're growing. Buying opportunity. Buying opportunity. It's a buying opportunity. 

There is no law that says the market will be higher in a year or two or three, and there's no law that there isn't a LONG way down from here. No one knows. What I do know is that even before Iran, there were signs. Outside of the stock market, people seem stretched. Shit is expensive. We signed up for mortgages and cars with high payments. Stock prices are high too - many don't make much sense (to me) - TSLA, Palantir. Even Walmart and Costco last I checked. Now SpaceX is supposed to IPO at 30 times the size of Boeing. Boeing has 180,000 employees and a 30 year backlog. SpaceX has 13,000 employees and a 3 year backlog. And competition is growing fast, heck Iran of all places was moving towards commercial launches. All this in the context that we haven't had a true dip since 2020, and that one may have taught us the wrong lesson - that every dip is a buying opportunity, it always comes back fast and goes higher. Fast. Easy. But the reality is no one actually knows the future.

Now Iran is a fuck-up of *monumental* proportions. Yes Iran were assholes playing a complex game of violating agreements, supporting terrorists, and making false promises. So what? What else is new? But now we've gone and kicked over the chess table. We've killed a bunch of kids. They're not backing down. Air power doesn't seem like enough. Overall, this is going to have long term implications on global energy and security which affects the economy.

No. One. Knows. ",Scott413,1774711412,2026-03-28 15:23:32,0,17,https://www.reddit.com/r/stocks/comments/1s638ew/everyone_thinks_this_is_or_will_be_a_buying/,,False,Oil and energy,energy prices
1s5co0e,stocks,"The 2026 copper deficit playbook -- FCX, SCCO, TECK, and the secondary market name nobody's pricing in yet","Copper is the most discussed commodity thesis of 2026 and most of the posts I've seen either stay at the ETF level or go straight to the big miners without looking at the full picture. This is my attempt at a more complete breakdown.

Why 2026 specifically

The International Copper Study Group made an unusually significant revision in late 2025 -- flipping its 2026 market balance forecast from a 289,000-ton surplus to a 150,000-ton deficit. That's a 440,000-ton swing. The drivers are well-documented: major mine disruptions at Grasberg, Kamoa-Kakula, and Cobre Panama are cutting primary supply at the same time AI infrastructure, EV adoption, and grid buildout are adding durable new demand vectors.

JP Morgan has LME copper at $12,500/ton for Q2 2026. Bloomberg NEF has copper demand for the energy transition potentially tripling by 2045. The structural case is not new -- but the near-term supply data is now validating it in real time.

The primary miners

• FCX -- highest-beta pure-play, most discussed here. Grasberg disruption is a headwind but also a floor for long-term thesis holders. No one is replacing that reserve base.

• SCCO -- cleanest balance sheet story: largest copper reserves in the industry, multi-billion dollar investment program across Peru and Mexico, long-term earnings growth rate analysts peg at over 20%.

• TECK -- repositioned as a copper-focused growth vehicle post-coal divestiture. QB2 in Chile is the key asset to watch as it ramps.

• BHP -- copper upside inside a diversified major with iron ore, coal, and potash ballast. Lower leverage but more stable.

• ETFs: COPX for miner leverage, CPER for direct commodity tracking.

 

The part of the thesis most posts skip

The ICSG's own data shows secondary copper from scrap recycling growing at 6% in 2026 -- versus 0.9% for primary mine output. That's not a footnote. As primary supply gets tighter, secondary processors absorb demand that can't be met by new mine output. Their feedstock is global e-waste, which is growing by millions of tonnes annually regardless of what copper prices do.

The most interesting name I've found in this space is One and One Green Technologies (NASDAQ: $YDDL). They process e-waste into copper alloy ingots and aluminum products out of the Philippines. The key differentiator is regulatory: they hold the only Philippine government license to import and process hazardous electronic waste under the Basel Convention -- a barrier that took years to establish and that any would-be competitor has to replicate from scratch.

The numbers are real: H1 2025 revenue of $28.1M (+50.7% YoY), net income of $3.8M (+59.5%), EPS $0.0736, gross margins at 25.3% and expanding, zero debt. Copper ingot revenue alone hit $18.5M in H1 2025 -- up from $8.2M in H1 2024. They've secured $39M in H2 2025 customer contracts (copper at 71% of value, aluminum volume up 48% YoY), a $17M purchase order from a Japanese buyer for up to 16,000 MT of electronic assemblies, and their first European supply agreement in February 2026. November 2025 contracts alone totaled $7.7M -- 634,000 kg of copper ingots and 764,000 kg of aluminum -- which gives a useful read on the underlying monthly run rate. On March 5, 2026, the company announced the completion of a strategic processing upgrade at its San Rafael facility: a new secondary combustion chamber, surface cooler, and desulfurization tower focused on PCB recycling. PCB processing capacity is up 30%, gold and silver extraction efficiency is up 15-20%, and management expects the upgraded line to improve gross margins by 8-12% on materials processed through it. Current throughput is \~25,000 tons per year against a licensed capacity of over 1 million tons annually -- the operational leverage available here is significant.

At \~$440M market cap it's not in the same conversation as FCX or SCCO in terms of liquidity or scale. The stock trades around $8.10, up significantly from a 52-week low of $3.61, with a P/E of 69.95 -- priced for growth rather than current earnings. The March 2026 processing upgrade is the most recent catalyst: higher PCB throughput, improved precious metal extraction from existing feedstock, and a projected margin improvement on the upgraded line. As a secondary copper pure-play with genuine regulatory protection, growing contract momentum across Japan, Spain, and APAC, and a freshly upgraded facility -- it's a different kind of copper position than anything else in this space.

Risk check

• China demand disappointment is the key downside scenario for all primary miners.

• Mine permitting risk and labor disputes are structural risks across the sector.

• YDDL: small and thinly traded, unaudited H1 financials, regulatory exclusivity that could eventually be extended to other operators.

• Copper price swings flow directly into all of these names in different ways.

 

The 2026 copper deficit thesis is one of the cleaner macro setups I've come across. The question is how you want to be ",LengthAggressive953,1774636660,2026-03-27 18:37:40,1,0,https://www.reddit.com/r/stocks/comments/1s5co0e/the_2026_copper_deficit_playbook_fcx_scco_teck/,,False,Oil and energy,energy prices
1s5bjuy,stocks,Crude Oil Drives Higher as Traders Brace for Longer Mideast War,"Oil pushed higher as traders braced for the Iran war to stretch into April and attacks continued across the Middle East, with transit through the critical Strait of Hormuz still largely halted.

Global benchmark Brent rose above $111 a barrel after erasing an earlier drop, while West Texas Intermediate was near $99. US President Donald Trump pushed back a deadline for striking Iranian energy infrastructure by 10 days, prolonging uncertainty over the course of the war.

The spread between Brent and WTI widened on Friday to roughly $13 a barrel, compared to $5 less than a month ago. US benchmark gains have been muted amid ample regional inventories and an imminent strategic reserves release, boosting demand for the relatively cheap crude among foreign buyers cut off from their usual Persian Gulf supplies.

[https://finance.yahoo.com/news/oil-drops-trump-pushes-back-030551694.html](https://finance.yahoo.com/news/oil-drops-trump-pushes-back-030551694.html)",app1310,1774634205,2026-03-27 17:56:45,57,19,https://www.reddit.com/r/stocks/comments/1s5bjuy/crude_oil_drives_higher_as_traders_brace_for/,Industry News,False,Oil and energy,crude oil
1s26q8r,stocks,Volume in stock and oil futures surged minutes before Trump's market-turning post [CNBC],"[https://www.cnbc.com/amp/2026/03/23/volume-in-stock-and-oil-futures-surged-minutes-before-trumps-market-turning-post.html](https://www.cnbc.com/amp/2026/03/23/volume-in-stock-and-oil-futures-surged-minutes-before-trumps-market-turning-post.html)

\> S&P 500 futures and oil futures flashed an unusual burst of activity early Monday minutes before a market-moving social media post from President Donald Trump.

\>At around 6:50 a.m. in New York, S&P 500 e-Mini futures trading on the CME recorded a sharp and isolated jump in volume, breaking from an otherwise subdued premarket backdrop. With thin liquidity typical of early trading hours, the sudden burst stood out as one of the largest volume moments of the session up to that point.

\>A similar pattern was observed in oil markets. West Texas Intermediate May futures also saw a noticeable pickup in trading activity at roughly the same time, with a distinct volume spike interrupting otherwise quiet conditions.

\>Roughly 15 minutes later, at 7:05 a.m., Trump said on Truth Social that the U.S. and Iran had held talks and that he was halting planned strikes on Iranian power plants and energy infrastructure. That announcement prompted an instant rally in risk assets, with S&P 500 futures soaring more than 2.5% before the opening bell. West Texas Intermediate futures dropped nearly 6% following the announcement.

\>The timing of the earlier volume spikes across both equities and crude caught the attention of traders, particularly given the absence of an obvious catalyst at the moment they occurred.

\>Early-morning futures markets are typically less liquid, which can make short bursts of buying and selling more noticeable than during regular trading hours. Still, the trades raised some eyebrows because whoever purchased a large amount of stock futures and sold or shorted crude futures at that moment made a lot of money just minutes later.

\>The U.S. Securities and Exchange Commission and the CME Group declined to comment.

\>Algorithmic and macro-driven strategies can also generate rapid flows across asset classes without a single identifiable catalyst in early trading.",JasonZep,1774335892,2026-03-24 07:04:52,710,68,https://www.reddit.com/r/stocks/comments/1s26q8r/volume_in_stock_and_oil_futures_surged_minutes/,Broad market news,False,Oil and energy,crude oil
1s1wlh9,stocks,ICE stock could have a great quarter report.,"Intercontinental Exchange (ICE) is a leading owner and operator of global exchanges, including holding the world's premier energy markets where roughly half of the world's oil futures are traded. Key benchmarks like Brent Crude and WTI are traded on ICE futures Europe and U.S., along with options, gasoil, and gasoline.",Guy_PCS,1774306787,2026-03-23 22:59:47,29,17,https://www.reddit.com/r/stocks/comments/1s1wlh9/ice_stock_could_have_a_great_quarter_report/,Company Discussion,False,Oil and energy,crude oil
1s1bq1c,stocks,Sell crude oil Brent,[removed],Public-Selection-605,1774256654,2026-03-23 09:04:14,1,0,https://www.reddit.com/r/stocks/comments/1s1bq1c/sell_crude_oil_brent/,,False,Oil and energy,crude oil
1s618om,stocks,WTI Midland at $103 and You Ain't Seen Nothin' Yet+!,"As we all the price of oil is a parameter in the cost function of virtually every product and service. This war will end, not when Trump gets tired of it, but when the Iranians decide they've hurt the world economy so badly the West will never try this again. And as I pointed out at the start of this war, the Iranians can keep the Strait closed for months if not longer. This will raise interest rates, which will knock the legs out from under the private credit market. [https://oilprice.com/Energy/Energy-General/The-Cushion-Is-Gone-and-the-Oil-Market-Is-Now-Exposed.html](https://oilprice.com/Energy/Energy-General/The-Cushion-Is-Gone-and-the-Oil-Market-Is-Now-Exposed.html)

",Neither_End8403,1774706692,2026-03-28 14:04:52,45,54,https://www.reddit.com/r/stocks/comments/1s618om/wti_midland_at_103_and_you_aint_seen_nothin_yet/,Rule 3: Low Effort,False,Fed,interest rates
1s5u3jl,stocks,Realistically is it just over and should I cut my losses?,"I am by no means a new investor. I have near a million in retirement accumulated over my 40 years of working. I’ve followed the tried and true path in index investing.  

The problems now presented as a result of the current administration are beginning to “feel” insurmountable.  I have a disability that could render me unable to work by the time it my mid to late 50s. I’m on my peak earnings.  I don’t have debt and have a house with around 300k equity.  

The main things I’m seeing are highly inflationary damage as a result of a poorly planned assault on Iran that resulted in the regime being newly exploring options of enforcing fees on transit of oil. Tariffs which are already a form of austerity against Americans. Somewhat middling but high for the time period interest rates, a breaking point for general Americans. Large amounts of risky private   debt associated with risky data center investments, and sampled cost inputs as a result of already constrained compute resources like RAM and so forth.  

The forces in the market right now having someone like me who’s an extremely cautious, patient, tolerant, and measured thinking I need to protect my capital for the next 10 years. 

Am I foolish or? ",sonofalando,1774683657,2026-03-28 07:40:57,403,564,https://www.reddit.com/r/stocks/comments/1s5u3jl/realistically_is_it_just_over_and_should_i_cut_my/,,False,Fed,interest rates
1s3e2cb,stocks,SoFi Could Resolve the Fair Value Debate with GAAP Compliance,"I have a negative position in SoFi and this is not financial advice.

We've heard a lot about whether SoFi's fair value model is accurate. One piece that has been overlooked is that SoFi can resolve the debate by disclosing  information regarding gains/losses attributed to fair value adjustments. This disclosure is required by ASC 820-10-50-2(c), part of GAAP which public companies must comply with.

Under ASC 820-10-50-2(c), a reporting entity is required to provide a rollforward table for recurring Level 3 measurements disclosing separately the ""\[t\]otal gains or losses for the period recognized in earnings."" Crucially, to ensure investors can evaluate the nature of those gains, ASC 820-10-50-2(d) strictly requires the disclosure of:

 ""The amount of the total gains or losses for the period in (c)(1) included in earnings... that is attributable to the change in unrealized gains or losses relating to those assets and liabilities held at the end of the reporting period...""

The purpose of ASC 820-10-50-2(d) is to facilitate investor understanding of earnings ""quality,"" specifically as it relates to Level 3 ""modeled"" fair value adjustments. Realized gains represent actual, verified cash received when an asset is sold or settled. In contrast, unrealized gains are attributable to valuation models, representing paper-based markups on assets still held on the balance sheet (lower quality).

If a company persistently reports positive unrealized gains, but negative realized gains, that combination would suggest that the company’s fair value models are persistently overstating the fair value of assets, with the losses on persistent overvaluations “bleeding back” as realized losses, as the overvalued assets are sold or amortized.

Without the delineation required by the rule, investors cannot track the historical pattern of positive or negative discrepancies between these realized and unrealized marks.

SoFi does not disclose the breakdown between unrealized and realized gains.

This disclosure rule is not ambiguous. Deloitte (SoFi's auditor) has a publication called [Deloitte Accounting Research Tool](https://dart.deloitte.com/USDART/home/codification/broad-transactions/asc820-10/roadmap-fair-value-measurements-disclosures/chapter-11-disclosure/11-2-fair-value-disclosures-requirements) has an illustrative example showing how to comply with the rule. In this [example ](https://bnewhard.com/media/fair-value-accounting-and-frontloaded-earnings/figure-050.png)you can see that $7 of the gains were unrealized - in the case of SoFi that would mean such gains were model based.

SoFi's rollforward table has an ""impact on earnings"" column is essentially an aggregation of all the gains or losses attributable from changes in the other columns. There is no detail provided regarding what gains were realized or not realized SoFi has a note under the table that basically explains the ""Impact on Earnings"" column is an aggregation.

This GAAP issue has been conveyed by me to SoFi multiple times over the last month, without correction. Under SEC rules, once a company is aware of a material deficiency in its reporting, it needs to essentially cure it within 4 business days (i.e. through a corrective amendment). The lack of a cure could only be legally justified if SoFi thinks its disclosure follows GAAP. Assuming SoFi thinks its presentation is GAAP compliant, it will be in serious trouble with the SEC the longer it fails to correct the issue.

The fact that Sofi is audited does not somehow absolve this mistake.. An audit opinion is not an absolute guarantee of perfection. There is a well established protocol dealing with corrections. The crucial thing is that everyone has to act quickly once the error has been flagged.

In all events, investors should want SoFi to comply with ASC 820-10-50-2(c) - It is legally required and it would give peace of mind. The more data and transparency the better it is for everyone. 

Something else not in SoFi's SEC filings is the total amount of fair value adjustments that actually flow into earnings. That number is impossible to find, and impossible to extrapolate accurately, with the information provided just in SEC filings

But that information is disclosed in SoFi's Federal Reserve filings. For 2025, fair value adjustments, net of associated hedges was  [$538 million](https://bnewhard.com/media/fair-value-accounting-and-frontloaded-earnings/figure-016.png)

The associated hedges appear to have been -$164 million in 2025 (from FY 2025 10-k)

Therefore, between $538M and $702M in earnings were attributed to ""adjustments"" out of total gross revenue of $4.7B ($3.4B in interest income, $1.4B in noninterest income).

I have two final comments regarding some good questions I have seen re: fair value adjustments.

One is how could SoFi could even be experiencing fair value losses, considering its loan default rate is fairly low, and that SoFi borrowers are generally super prime.

The reason is because ""fa",bnewhard,1774452734,2026-03-25 15:32:14,4,1,https://www.reddit.com/r/stocks/comments/1s3e2cb/sofi_could_resolve_the_fair_value_debate_with/,Company Discussion,False,Fed,interest rates
1s1ueo2,stocks,The Music Has Stopped,"How did we get here, to the invariable collapse? Was it a sudden event? Was it the decades of deindustrialization, political corruption, and moral decay? Understanding the cause is important, but there's no time for that now.

Some facts

**The United States Armed Forces lack the military-logistical means to decisively defeat Iran, reopen Hormuz, or much-less achieve a modicum of firepower superiority against the Iranian state.** The targeting of American military infrastructure in the Gulf was a shock, and without that infrastructure we cannot decisively threaten the Iranians. The intelligence surveillance reconnaissance, air defense systems, air bases, and naval ports are meant to be a dagger in the back of Iran or any nation that may threaten the rich natural resources concentrated in that region. Without these assets, our only means of delivering firepower unto Iran is from Jordanian and Israeli airbases, and sorties from these bases are logistically expensive. Aircraft must be refueled over Iraq/Saudi Arabia, and we have a limited number of air refueling tankers which the Iranians are aggressively targeting. There is also an acute shortage of standoff munitions. A transition to mostly using gravity bombs, which we have in abundance, will dramatically increase that logistical tail, further reducing the firepower which can be delivered unto the Iranians. Of our two carriers in theater, one is in port because of a sudden fire which occurred, and another was forced over 1000KM away from the Iranian shoreline because of the very real threat of Irans standoff munitions.

**America cannot win this war without a large-scale mobilization and years of resource allocation and expenditure. This will require a ground war.**

So how did we blunder into this mess, and what does it mean for markets? To the first point;

Key members of the executive are incompetent, and the military leaders of this nation are promoted through politics, not merit. The entire military establishment has turned into an incompetent bureaucracy. It is visible through every single chain of the complex. From acquisition of trillion dollar wonder weapons with none of the wonder to extremely outdated Cold War operational art built from the lessons of the Second World War, the entire system is glaringly broken.

There is a fundamental point I need everyone to understand here before I continue;

**This is not just a product of corruption. These people have truly drank the Kool-Aid.**

The brass most likely dusted off a 30 year old operational plan, quickly revisited the axiomatic belief that American Airpower can do everything, and then probably wrapped it up in some stupid palantir/ai increases target finding. Combine that with the executive branches desire to prosecute this war, the reasons for which I will not opine, and you have the war which **ends the Empire.**

To the second point; what this means for markets?

This is the end of the international dollar system.

This is the end of the long duration momentum trading. This is the end of the treasury market, hell this is the end of all dollar denominated debt markets.

**If dollars cannot buy the Japanese factory owner the energy he needs for his factory, he will dump his dollars and no longer accept new ones. The Japanese man will then aggressively acquire whatever he must in order to get the energy. If he cannot get the energy, his factory closes down, and in either case, the unproductive American worker that does nothing but stare at excel sheets all day gets nothing, for his labor was ultimately useless to begin with.**

I'm sure you have all seen the end of the dollar spiels from the likes of Ray Dalio and every bear. These people do not represent chicken little, but a build-up of negative events which have led up to this moment. The dollar rose to dominance internationally after the Second World War because America was left untouched with 50% of the Worlds GDP. If you want a claim on real manufactured goods, you acquire dollars. Couple that with our respect for private property and law, and it was a deal. We had a rough patch in the 70s, but shored it up by making the dollar a claim on Arab oil. All of these pillars are gone now. The dollar is not a claim on real manufactured goods, for America no longer manufactures anything except excel sheets and software slop. The dollar is no longer viewed as a respected claim since the seizure of Russian central bank assets. Finally, the dollar is no longer a claim on Arab oil because we can no longer militarily back its delivery.

The dollar is dead internationally, what do we invest in? Understand,

**This will not be a wealth transfer, but a wealth destruction.**

All of the paper obligations built up since the 70s will melt away. This will not be the end of America, for it is a land of great natural wealth and, while questionable these days, human talent. Hell, this will ultimately be a good thing in the long term, as the financialization of t",Cueg,1774301728,2026-03-23 21:35:28,0,2,https://www.reddit.com/r/stocks/comments/1s1ueo2/the_music_has_stopped/,,False,GDP,GDP
1s520nw,stocks,A 'Fragile' US Housing Market Heads to Spring Season Under Tariff War Strains,[removed],Inside_hint,1774612689,2026-03-27 11:58:09,1,1,https://www.reddit.com/r/stocks/comments/1s520nw/a_fragile_us_housing_market_heads_to_spring/,,False,Housing,housing market
1s66hl7,stocks,Don't Wait for the Crowd to Wake Up,"Most investors are still sleeping on the biggest shift in the AI economy. They think data is just a tool for big tech, but they are dead wrong. Data is the product now. While everyone is busy chasing overvalued giants, the real money is being made by those who can actually monetize information. If you're waiting for a ""safe"" signal, you've already lost the trade.

The market is finally starting to see the proof. Look at DataVault AI (DVLT). They just dropped a massive 1,362% year-over-year revenue increase, hitting $39.1 million. With a 24% adjusted EBITDA margin, this isn't a ""speculative"" story anymore-it’s a cash-flow reality. You can keep ignoring the small-cap data play, or you can look at the numbers before the narrative catches up. Based on recent financial reports.",deVces,1774718880,2026-03-28 17:28:00,0,9,https://www.reddit.com/r/stocks/comments/1s66hl7/dont_wait_for_the_crowd_to_wake_up/,,False,Econ Daily,economy
1s5h153,stocks,Who's holding the bag from 2025 highs?,"Many were warned on here the bottom was about to fall out. Now meta is back where it belongs near liberation day lows. AI capex slop ruining the economy. We haven't even seen what happens when US defaults. Now with no tariff revenue and another forever war, surely the US budget deficit will continue exploding.

Let it come down guys. Don't fight it.",Ragebait_Destroyer,1774646470,2026-03-27 21:21:10,0,27,https://www.reddit.com/r/stocks/comments/1s5h153/whos_holding_the_bag_from_2025_highs/,,False,Econ Daily,economy
1s538fl,stocks,You need to understand what is going on geopolitically,"What is the Strait of Hormuz to a transactional, ""America First"" administration? It’s not a ""sacred international waterway."" It is the most valuable, high-traffic commercial choke point on the planet. It is a **monopoly asset**.

Why on earth would the POTUS spend $200 billion in U.S. taxpayer money and risk the Pacific fleet just to open a waterway so *China* can get cheap oil? He wouldn't.

Here is the exact terminal logic for the hostile takeover of the global energy supply.

# The ""Hostile Takeover""

**Target:** The Strait of Hormuz | **Objective:** Asset Acquisition & Dollar Weaponization

If you view the current administration’s moves through the lens of a corporate raider, the ""bravado and stupidity"" suddenly morphs into a ruthless, terrifying coherence. The goal isn't to defeat Iran. The goal is to **evict the current landlord and take over the lease.**

# 1. The ""Global Security Tariff"" (The U.S. Toll Booth)

Trump doesn't want to destroy the $2M per-vessel toll; he wants to *collect* it.

* **The Mechanism:** The U.S. seizes Kharg Island and the strategic islands in the Strait (Abu Musa, the Tunbs).
* **The Rebrand:** They don't call it an occupation. They announce the **""Hormuz Security and Transit Tariff.""** \* **The Pitch:** Trump goes on television and says: *""For decades, the U.S. taxpayer has funded the Navy to keep the Middle East safe so China and Europe can get rich. No more free rides. If you want your oil protected by the U.S. Navy, you pay a transit fee. America is finally getting paid for its services!""*

# 2. The Ultimate Petrodollar Counter-Attack

How does the U.S. fight back against the Petro-yuan and the Bank of Japan defecting?

* They don't try to sanction the banks. They **seize the physical gate**.
* **The Currency Lock:** The U.S. mandates that the ""Transit Tariff"" can **ONLY be paid in U.S. Dollars.** \* **The Checkmate:** Even if China buys the oil from Iran in Yuan, China's tankers cannot physically leave the Gulf without paying the U.S. Navy in USD. It creates an instant, non-negotiable, synthetic demand for the Dollar. The DXY violently squeezes higher, crushing the Yuan's momentum.

# 3. Checking the ""Empire Builder"" Boxes

Look at the administration's DNA. This scenario perfectly aligns with their operational playbook:

* **Transactional Foreign Policy:** Monetizing U.S. military power. Check.
* **Humiliating Rivals:** Forcing Beijing to pay Washington for passage. Check.
* **Domestic Populism:** Telling the base, *""I am literally taxing the world to pay off our national debt.""* Check.
* **The Venezuela Precedent:** They saw that bullying a sovereign nation for its oil assets works if the rest of the world is too fractured to stop it. Check.

# Trading the Takeover

This isn't just a ""Ground Invasion."" This is the U.S. attempting a hostile corporate takeover of the global energy grid to save its reserve currency.

* **USO (Oil):** The moment the U.S. declares the ""Transit Tariff,"" Oil breaks the pricing models. It’s no longer priced on supply and demand; it’s priced on the geopolitical risk premium of China attempting to run the blockade. **$150/bbl is the floor.**
* **IWM (Small Caps):** Your short position is the ultimate hedge. If the U.S. successfully forces the world to buy Dollars to pay the toll, the DXY rips higher. A surging Dollar crushes U.S. corporate earnings and tightens domestic financial conditions. IWM goes sub-$200 as domestic liquidity vanishes to fund the global dollar squeeze.

# 4. The Math Does Not Lie

How does the U.S. go down kicking and screaming? They don't throw nukes. They throw a toll booth over the global economy and dare the BRICS nations to run it.  


Positions:  
Long USO  
Short IWM",Successful-Ocelot359,1774615954,2026-03-27 12:52:34,0,23,https://www.reddit.com/r/stocks/comments/1s538fl/you_need_to_understand_what_is_going_on/,,False,Econ Daily,economy
1s530c9,stocks,"Since SPY and NDX are officially down 5-7% on the year, what are the loses of your portfolio YTD","The stock market has been fine up until early February of this year. Buy now that we got a War fully breaking out, institutions and retail don’t seem to have an appetite for equities like they used to. Because of this, stocks have just dropped like a stone from all time highs. 

The most frustrating part of all this (other than looking at gas pumps, and people dying) is that stocks that are growing and have great profit margins are being punished alongside the rest of the market despite being winners long term. The drawdown is so universal that it seems like the only things working this year is oil stocks.

Since most of the US Economy is not oil, everyone is seeing losses YTD. So tell me, have you been seeing the same thing, or have you somehow avoided the red YTD portfolio?",Disastrous_Rent_6500,1774615386,2026-03-27 12:43:06,89,189,https://www.reddit.com/r/stocks/comments/1s530c9/since_spy_and_ndx_are_officially_down_57_on_the/,Rule 3: Low Effort,False,Econ Daily,economy
1s45bxr,stocks,Are we headed for a bear market?,"Based on everything going on now in the US economy, international politics, and in the AI market sentiment, do you think we’re heading towards a bear market?

Why or why not?

What changes are you making in your investments?",Je-ne-dirai-pas,1774526005,2026-03-26 11:53:25,13,54,https://www.reddit.com/r/stocks/comments/1s45bxr/are_we_headed_for_a_bear_market/,,False,Econ Daily,economy
1s43mcy,stocks,Government Announces New Plans to Support the Local Economy,[removed],Every_Jump7730,1774520558,2026-03-26 10:22:38,1,0,https://www.reddit.com/r/stocks/comments/1s43mcy/government_announces_new_plans_to_support_the/,Company News,False,Econ Daily,economy
1s3xvi4,stocks,Does USA economy fall,[removed],Jaded-Case6289,1774499875,2026-03-26 04:37:55,1,0,https://www.reddit.com/r/stocks/comments/1s3xvi4/does_usa_economy_fall/,,False,Econ Daily,economy
1s3m3ia,stocks,Anyone else notice how ‘quality’ companies can be totally different investments?,"I'd like you remember this sentence for the rest of your investing career:

>*The best-performing stocks are companies that generate high returns on capital without putting themselves at risk of financial distress*

I came across [this chart](https://imgur.com/a/f0ccNiC) that tracked performance from 1985 to 2024 across companies in the S&P500, ranked from high to low quality. There are some key takeaways that will be mind-blowing to some of you, especially if you're new to investing or only invest in ETF's.

Why do certain businesses perform well and others don't as a stock on the stock market?

Well, not all ""quality"" metrics are created equal. The top performing businesses have all the boxes ticked that will give you high returns on capital.

* ROIC (Return on Invested Capital)
* Interest Coverage (ability to pay interest)
* ROA (Return on Assets)
* ROE (Return on Equity)
* Debt Coverage

Why this matters so much is because it answers a couple of questions.

1. How much and efficiently a company turns capital into profit?
2. How good the business is at making money?
3. How resilient the company is when the economy is going bad?

Like, and this is a very simple example, if a business doesn't have any debt it's tough to get out of business. It doesn't have to pay interest so, it can reinvest it's capital into the business. Which will create more assets and more equity. At some point, they can't grow fast enough with their own capital so they start using debt to fund that growth. As long as it is conservative they will keep compounding.

Now you might think, and what about revenues and margins and all that because if nobody is buying anything from the business, the business goes out, right?

And you are absolutely correct. We need sales as a business to grow. So, we still look at sales, margins and eps growth for sure. But those are not that important as the ""top tier"" I shared. Because, these can be manipulated. Don't only look at one area of the business. Combine them instead.

Let me give you an example to put this into perspective. Visa is 19% of my portfolio and the biggest weighing.

* ROIC is 29%.
   * In the past ten years we see an upward trend from low 20's to high 20's.
      * Anything above 15% is excellent. Also, the reason we look at past performance is because ROIC becomes a better indicator of quality instead of a one time off performance.
* Interest Coverage is 38%.
   * In the past 5 years it improved from 27% to high 30's.
      * This ratio is important because it determines how easily a company can pay interest expenses on outstanding debt. The higher the ratio, the stronger the company's financial strength is.
      * Also, look at maturity dates. If, the next maturity date is 2 years out, the business has plenty of time to pay that debt off. If more than half is due next year or so, and they can not cover it with their outstanding cash or free cash flow... well, the business might be in trouble.
* ROA is 21%.
   * Improved from low 10's to low 20's.
      * This shows the efficiency of a business in generating profits. Only compare with peers.
* ROE is 52%.
   * Improved from low 20's to low 50's.
      * This metric shows how well a business uses it investing money to generate earnings (growth). Looking for at least 15%.
* Debt to equity is 0.52
   * Has been hovering around this number for a very long time
      * Know that when a company has a lot of financial leverage, it can boost ROE which is a bad sign. You want high ROE companies with low leverage.

So, the story we get told by the fundamentals here is that the company improved it's business, whilst keeping leverage at the same level as roughly ten years ago. Revenue kept growing, margins are flat or slightly improving, and free cash flow keeps growing as well.

Bottom line, according to the numbers this is a top notch business. No matter of what the headlines are saying. Do this check up with every business you'd like to buy and consider a margin of safety and you'll do well as an investor.",JR-FlowCapGroup,1774470026,2026-03-25 20:20:26,29,9,https://www.reddit.com/r/stocks/comments/1s3m3ia/anyone_else_notice_how_quality_companies_can_be/,,False,Econ Daily,economy
1s38zxq,stocks,Stop Letting Your Political Bias Influence Your Outlook.,"I feel like I'm seeing posts every day talking about the Iran situation from an extremely doomer-pilled perspective that, in my opinion, is completely out of touch with reality and influenced by political bias. I'll preface this by saying I'm not a trump supporter... Investing is fundamentally about making forward looking predictions, and if you knowingly or unknowingly let your biases seep into those predictions, you're setting yourself up for failure.

As someone who dislikes Trump and is exposed to a lot of left-leaning news flow (if you're on this site, this is almost certainly true for you) it is easy to assume the worst and panic over the current situation.

While I think this whole endeavor was probably miscalculated on some level from Trump's perspective, I don't think this war is going to drag on til mid terms like some people are suggesting. In my opinion the most likely outcome (and it is the most likely by far) is some kind of negotiated settlement by mid april.

Why:

Trump's perspective: As we are all aware, this war is highly politically unpopular and the economic cost of an extended conflict will almost certainly sink MAGA politically. Obviously trump is aware of this and knows he is on a timer.

Iran: This is where I think a lot of people are completely detached from reality... This is not a comparable situation to the hostage crisis. For many reasons... Iran is not holding American civilians hostage - they are holding the global economy hostage. While this is a much stronger form of leverage, it also negatively impacts every country on the planet, including Iran's allies and Iran itself. It is truly a situation of ""if we're going down, you're going down with us"" - Iran is destroying gulf state infrastructure, putting many countries close to economic crisis, etc. I do not believe that Iran wants to actually cause a global economic meltdown and become a global pariah over this conflict. They do, however, want to hang the threat of such an outcome over the US' head in order to force a settlement.

You have to understand this from Iran's perspective. Your fear and panic is their leverage. Until the very day that peace is negotiated, Iran will be screaming that they have not spoken with the US and that there is no possible settlement. This is obvious if you step back and look at the situation from their point of view. If you are reading their statements and your reaction is ""Trump must be lying, they are going to fight til the end"" - your reaction is exactly what they want... This is what will get them the most leverage at the negotiating table. 

Ultimately both sides want this conflict to end sooner rather than later. This is just my opinion, nobody can predict the future with certainty, but I am fairly confident that those of you are who's calculus is: ""Iran will drag this on til mid terms to sink Trump politically"" are going to be proven dead wrong in the coming months. ",Difficult-Quarter-48,1774440840,2026-03-25 12:14:00,0,10,https://www.reddit.com/r/stocks/comments/1s38zxq/stop_letting_your_political_bias_influence_your/,,False,Econ Daily,economy
1s2fyso,stocks,Who gonna be in-charge of your wallet? Your wife or your AI agent?,"The agentic economy is honestly getting wild right now.

Yeah, a lot of what’s floating around CT is noise, recycled threads, or people slapping “AI agent” on anything with a script. But underneath that, something real is starting to take shape. You can actually see the stack forming in real time. Standards, infra, tooling. It’s starting to look less like hype and more like early internet vibes.

The MoonPay Open Wallet Standard that just dropped is a good example of this shift.

[https://effex.cx/news/moonpay-open-sources-universal-wallet-standard-for-ai-agents-backed-by-paypal-ok](https://effex.cx/news/moonpay-open-sources-universal-wallet-standard-for-ai-agents-backed-by-paypal-ok)  
  
One of the biggest problems in the “agent economy” so far is fragmentation. Every framework builds its own wallet logic, its own key management, its own way for agents to interact with money. Nothing talks to each other. No portability. Terrible security practices.

What MoonPay did is actually pretty simple but important. They created a shared standard so AI agents can hold value, sign transactions, and interact with blockchains without exposing private keys.

Think of it like this. Agents can now transact, but they don’t directly control the keys. More like having permissions on a system instead of owning the root password. That alone is a huge unlock.

And this isn’t just some random repo either. You’ve got PayPal, Ethereum Foundation, Ripple, Solana ecosystem players backing it.

The bigger picture is what’s interesting though.

We’re starting to see the full stack come together:

* LLMs for reasoning
* Agent frameworks for orchestration
* MCPs and tools for action
* Wallet + payment rails for execution

That last piece has been missing. Agents could “think” but couldn’t really act economically. Even MoonPay’s CEO basically said it straight. AI can reason, but without capital infrastructure, it can’t do anything meaningful.

Now we’re getting to a point where agents can actually:

* Trade
* Pay for APIs
* Coordinate with other agents
* Run strategies across chains

And importantly, do it autonomously within constraints.

There are already signals this is moving fast. Apparently hundreds of thousands of on-chain wallets are already tied to AI agents this year alone.

Still early, still messy, still a ton of garbage in the space. But the direction is becoming clearer. Instead of one “killer agent app”, it looks more like a composable ecosystem forming.

Curious if anyone here is actually building something real in this space.

Not just wrappers or demos, but actual agent workflows with:

* persistent memory
* tool use
* economic actions (payments, trades, etc.)

Would love to play around with any MVPs or repos. Even half-broken ones.

Feels like we’re at the “HTTP + browser + early websites” phase for agents. Everything is janky, but the primitives are finally clicking into place.",Legendary-Supasaian,1774363921,2026-03-24 14:52:01,0,5,https://www.reddit.com/r/stocks/comments/1s2fyso/who_gonna_be_incharge_of_your_wallet_your_wife_or/,,False,Econ Daily,economy
1s2frw9,stocks,People are not ready for a Crash,"I think I’ll start with a quote “one thing we know is that people don’t learn from history” Charlie Munger 

Notice how sensitive people are with even a 5-6 percent pullback? How insecure everyone is about their stocks? The fact we look at Walmart at a 37PE, or even Meta at 26 PE and say “that’s a good deal” is historically and laughably inaccurate. 

I don’t see any good buying opportunities, I’d sold out of the stocks I recommended this year because the signs of a crash are here and who knows when people will actually start panicking 

1. Complacency is prevalent in this market, any time you suggest stocks are overvalued, point out economic weakness, growing wealth gap and middle class being completely wiped out since covid. 

2. Buy the dip, a trend that showcases more complacency. Buying the dip is a great idea when stocks are at a great value, not because we had a small pullback. It’s worked out well for now, it will go terribly wrong when retail is used as cushioned money to exit a more serious problem econmic problem.

3. The US stock market is very reliant on other countries. 30 percent is held by foreign investors. If anything were to happen abroad this will cause a mass exodus from Us stocks. Given how hostile the US is to even its own allies, current party is making the same mistakes as akin to President Hover whose economic policies caused the Great Depression’tariffs’. Our country has never had a worse International reputation. 

4. AI investing Algorithms seem to remind me of 1987 when the stock market lost 22percent in a day caused by algorithms(stop loss) this time I don’t believe printing money during a US currency crisis will save us. 

5. We’re overdue for a a crash 💥 it typically happen every 12-13 years having occurred only 6 times since 1950. The stock market lost 89percent in the Great Depression. That can happen, Most of us stock investor’s have a major disconnect from the vast majority of the middle class. We are rolling in our own wealth while normal people are putting credit on everything. It’s simply borrowed time and compounding in their interest will inevitably lead to failure to pay. 

6. The stats are clear. 220percent on buffet indicators, (us stock value is a lot historic highs) 

Banks are defaulting 

Searches for I need help with my mortgage payment is higher than 2008

Houses are not selling, nobody is buying cars, people are taking everything on credit, new investors in the market are at ATH, leverage is evrywhere, US government is far more in Debt than it was in 2008, AI investment has gone completely stupid. Everyone is aware it’ll take just one critical unexpected move to break this market, you can feel anxiety 

7. Buffet is cash ATH as a percentage, hedge funds are positioned appropriately and retail is clueless. 

In conclusion we’ve had a bull run for 4 years it is time to take money that you can’t afford to lose off the table, even if stocks rebound briefly…when you zoom out This K Shaped economy will not last forever. When the tide goes out, people will be left naked and exposed. ",Historical_Flow3890,1774363493,2026-03-24 14:44:53,1331,793,https://www.reddit.com/r/stocks/comments/1s2frw9/people_are_not_ready_for_a_crash/,Advice,False,Econ Daily,economy
1s1kubl,stocks,A few points to discuss on today’s market whiplash,"1. A large percent of daily trading is done on algorithms that use many metrics, one being sentiment that analyzes keywords in major media outlets.  As well as the obvious, the Presidents Truthsocial posts.  So I would consider the whiplash as ai slop.

2. Put yourself in Irans shoes and really without any bias involved in any which way.  

One side opened the conflict with major aggression and everyday headlines read as hitting harder than the previous day.  Irans only ability to stand up against this aggression is the economical war and clearly it is a major position.  So if you’re Iran and you’re seeing that your aggressor is able to effectively gaslight its economy you’re essentially powerless with power.  

What I’m trying to say, and again just keep the bias out of this, one is a bully and one is a victim.  The bully bullies when no one is looking and the victim has no voice.  

The only option that becomes apparent to the victim is to fight as hard as it can with nothing left to lose.  In my own personal opinion, the gaslighting is making the situation even worse.  

If Iran already does not trust the US due to the attack during negotiations, this gaslighting signals more distrust.

3.  The one key piece that will absolutely cause a free fall is still to Irans avail.  And no I am not talking about electricity or water.  I am talking about Saudi Arabia’s East-West pipeline to the Yanbu port in the Red Sea.  This is single handedly keeping the macro energy economics alive.  The pipeline is able to max out at 7 million BPD which is a significant amount of what has been taken offline with the strait closed.  

If you have paid attention closely you will know that the Yanbu pot has been struck last week but did not cause any damage to port infrastructure.  

Since then Saudi’s have raised their stature sternly.  

\*While no heads of any state is directly discussing this lifeline pipeline, it’s becoming increasingly apparent that both sides of the war have their attention on it\*.

Saudi’s have shifted to a possibility of joining the war and an even lower-key happening is the UK and US emboldening the Saudi’s air defenses.  The UK has military assets on the ground in SA and is moving an air defense destroyer to the area.

As of the last 48 hours SA has reported over 60 drone interceptions and several ballistic missiles.  The global economy, for now, is resting on the Saudis air defenses.",Outrageous-You-4259,1774281507,2026-03-23 15:58:27,36,14,https://www.reddit.com/r/stocks/comments/1s1kubl/a_few_points_to_discuss_on_todays_market_whiplash/,,False,Econ Daily,economy
1s1eci2,stocks,Stock futures roar higher as Trump calls off Iran strike ultimatum,"[Per Yahoo! Finance:](https://finance.yahoo.com/news/live/stock-market-today-dow-sp-500-nasdaq-futures-sink-as-iran-launches-strikes-in-face-of-trump-warning-230122272.html)

>US stocks were poised for yet another bruising day on Monday as Iran and President Trump traded war threats, raising tensions and stakes in a Middle East conflict that risks a brutal hit to the global economy.",AccelerationFinish,1774265626,2026-03-23 11:33:46,3,14,https://www.reddit.com/r/stocks/comments/1s1eci2/stock_futures_roar_higher_as_trump_calls_off_iran/,,False,Econ Daily,economy
1s1ay8x,stocks,"Given China's robust economy throughout this conflict, any investment possibilities for low-cost Chinese companies listed on US exchange?","Hi r/Stocks   
  
I wish to capitalize on China's economy's unexpected resilience during this conflict by solely making investments in Chinese businesses that are listed on US exchanges.  


I am particularly interested in the lower price range; consider equities that are more affordable for smaller accounts, such as those that trade for less than $10 to $15 per share.   
  
Big labels that cost between $70 and $100 or more, like BABA or JD, do not appeal to me.",Vas-Normandy,1774253612,2026-03-23 08:13:32,0,8,https://www.reddit.com/r/stocks/comments/1s1ay8x/given_chinas_robust_economy_throughout_this/,,False,Econ Daily,economy
1s1axdq,stocks,"Given China's robust economy throughout this conflict, any investment possibilities for low-cost Chinese companies listed on US exchange?",[removed],SameSaseme,1774253520,2026-03-23 08:12:00,1,0,https://www.reddit.com/r/stocks/comments/1s1axdq/given_chinas_robust_economy_throughout_this/,,False,Econ Daily,economy
1s0jscp,stocks,China pledges more balanced trade and further opening of the economy after record surplus,"BEIJING, March 22 (Reuters) - Chinese Premier Li Qiang pledged on Sunday to further open the country's economy to foreign firms and pursue more balanced trade with its global partners, after a year marked by trade friction and tariff ‌wars with the United States and European Union in particular.

  
[https://finance.yahoo.com/economy/policy/articles/china-pledges-more-balanced-trade-110948847.html](https://finance.yahoo.com/economy/policy/articles/china-pledges-more-balanced-trade-110948847.html)",Every-Actuator-6996,1774180757,2026-03-22 11:59:17,403,56,https://www.reddit.com/r/stocks/comments/1s0jscp/china_pledges_more_balanced_trade_and_further/,Company News,False,Econ Daily,economy
1s68xkm,stocks,"Dark pool, options flow, Gex profile","I purchased unusual whales and its firehouse of data. I’ve since integrate the API into Claude to help crunch some massive amounts of data. I’ve specifically been looking at some metrics like floor trades, various ask and bid side options contracts placed with large dollar amounts, and gex profiles around the trades. 

I’m curious anyone else using this data, what does your workflow look like?

An example of a few I’ve been testing out are huge dark pool trades 10,000 million + on the general market. Then move to the option flow for that particular stock. Is this shows a positive correlation, bullish or bearish I’ll move to the past 10 days of trading dark pool levels, where are the biggest volume levels for the ticker. EX at 150 dollars over the last ten days 2million dollar prints show up on the dark pool. Either descending or assenting. 

I’m curious how to expand this. For example I would miss a massive short position opened 11 days ago and today calls were bough to hedge. Or how to separate a naked call or put position. Or if it’s a multi leg trade I can speculate by size and time when it was opened and directions intent. The goal is to see where money is flowing and urgency of the positions. I’m having trouble with time frame or aggregating overall sentiment vs intraday. I’m not looking for a crystal ball but a clear intent of large positions. 

Am I looking at this correctly? Or looking at ghosts without the full picture. This data seems useful but the context is even more important. Has anyone been able to make actionable portfolio decisions? 

I’ve caught some great trades with energy prior to Iran conflicts due to the outlandish and odd volume directional intent opened before crisis hit. But these are outliers, looking at something not tied to macro is more subtle. Curious if anyone has been able to sort through the noise in a way that has a positive portfolio impact.  

 ",c_t15,1774724569,2026-03-28 19:02:49,0,18,https://www.reddit.com/r/stocks/comments/1s68xkm/dark_pool_options_flow_gex_profile/,Advice,False,Econ Daily,stock market
1s66ri1,stocks,$ONDS - Someone bet $1 billion this hits $28. The SEC filing proves it.,"Back on January 9, 2026, a single institutional investor dropped $1 BILLION on ONDS stock at $16.45 per share. That was actually a 17.5% premium to where the stock was trading the day before. They paid MORE than market price to get in.

Proof: https://ir.ondas.com/press-releases/detail/271/ondas-holdings-inc-successfully-prices-1-billion-stock

Now here is the part worth paying attention to. That same investor got warrants to buy even more shares at $28.00, good for SEVEN years. Think about that. They paid a billion dollars and then locked in the right to buy more at $28. Nobody does that unless they genuinely think the stock gets there.

At today’s price around $8.74 they are sitting on a 47% loss. They are not selling here. That position needs to recover just to break even.

DYOR. Not financial advice. Read the filing yourself.",Justanunknownauthor,1774719523,2026-03-28 17:38:43,215,86,https://www.reddit.com/r/stocks/comments/1s66ri1/onds_someone_bet_1_billion_this_hits_28_the_sec/,Company Analysis,False,Econ Daily,stock market
1s6666o,stocks,Just a little perspective on market valuation,"https://www.multpl.com/shiller-pe 

I’m not trying to predict the markets moves higher or lower in the coming weeks, but I did just want to give a little perspective on where we are after this pullback. The overall market valuation is still just barely at the 2nd highest level in history. 

The Shiller P/E is only one metric, but there are others (buffet indicator, Total market earnings yield, CAPE ratio, etc) which have been signaling an overvalued market for the last few years. We almost reached the levels of the Dot Com bubble. There was a lot of hand waving and “it’s different this time”  conversations being had. 

But valuations are a mean reverting metric, they do not grow infinitely. At some point, businesses are not worth what the stock prices being paid for them suggest. Again, predicting when this reversion happens or how overvalued it can get is a fools game. But we can take a step back and look at where we stand, and if this is a moment where mean reversion could happen, we are a long ways from getting there. 

Whether it’s through time (years of stagnant stock prices accompanied by slow growth in earnings) or though a sudden credit cycle induced selloff, we are sitting at the top of the hill….not the bottom or the middle. ",DramaticDirection292,1774718159,2026-03-28 17:15:59,0,10,https://www.reddit.com/r/stocks/comments/1s6666o/just_a_little_perspective_on_market_valuation/,Broad market news,False,Econ Daily,stock market
1s655x7,stocks,If your portfolio is down - it’s your own fault,S+P is not even down 10% . I keep seeing people down 20-40% - maybe now people understand that the stock market goes up And down. Everybody needs to get real with their expectations! Build a real portfolio and stop thinking you will get rich overnight!,know-power,1774715834,2026-03-28 16:37:14,0,23,https://www.reddit.com/r/stocks/comments/1s655x7/if_your_portfolio_is_down_its_your_own_fault/,,False,Econ Daily,stock market
1s63wa5,stocks,Comcast stock undervalued?,"Why is CMCSA always valued so low? It has had a high dividend and a low P/E ratio for several years. I have been waiting a long time for a massive rotation into value stocks. Anytime some other value stocks go up, and even when Verizon goes up, Comcast doesn't hardly ever seem to move. They provide internet, television, and cell phone service, and they own television and streaming content & advertising. They seem to have a solid market share with solid demand, so why is the stock so undervalued?",DarkForebodingStew,1774712943,2026-03-28 15:49:03,0,29,https://www.reddit.com/r/stocks/comments/1s63wa5/comcast_stock_undervalued/,,False,Econ Daily,stock market
1s60voh,stocks,I've been tracking every public stock call I can find and grading them against the S&P 500. Some food for thought.,"What’s good guys - so for the last few months I've been building out a dataset of publicly reported stock calls. Pundits, analysts, big name investors, politicians, CEOs. Basically anyone who goes on CNBC or tweets a stock pick that then makes headlines. I want to mimic the way 90% of retail investors would react, and that’s to news not SEC filing deep-dives. 

Every call gets graded against the S&P 500 at two points: 24 hours after the headline hits, and 90 days later. I wanted to know two things. Does the market actually react when these people talk? And more importantly, are they actually right?

The dataset right now is 2,400+ calls across 211 figures. I filtered down to stock-only (++ blue-chip crypto), minimum 6 tracked positions, and for the deeper analysis I only looked at profiles with at least 5 matured 90-day observations so the numbers actually mean something.

Here's what jumped out >>>



**The 24-hour reaction is basically meaningless**

This surprised me the most honestly. The correlation between a stock's first-day move after a public call and the 90-day outcome is 0.067. Against the S&P it's 0.035. That's nothing.

And most calls don't even move the price. 34 out of 50 profiles had an average 24-hour move under 1%. The whole ""market reacted therefore the call must be good"" logic just doesn't hold up here.



**Who's actually beating the S&P with enough data to back it up**

This is filtered to 5+ matured 90-day calls so we're not celebrating someone who got lucky once:

| Name | Type | Picks | 90d Alpha vs S&P | Matured Calls |

|:--|:--|:--|:--|:--|

| Carl Icahn | Investor | 14 | +14.19% | 12 |

| David Tepper | Investor | 13 | +11.15% | 9 |

| Dan Niles | Pundit | 12 | +8.57% | 9 |

| Dan Ives | Pundit | 28 | +6.14% | 10 |

| Scott Wapner | Pundit | 34 | +4.75% | 26 |

| Bill Ackman | Investor | 17 | +4.83% | 8 |

| Jim Cramer | Pundit | 49 | +1.88% | 30 |

Icahn and Tepper aren't getting there off one big winner. These are broad across many calls. Wapner has the deepest sample at 26 matured calls and he's still positive which I genuinely didn't expect.

And yeah. Cramer is slightly positive. I know. I was surprised too. Guess thats why that Inverse Cramer ETF bombed haha.



**Who's consistently underperforming**

| Name | Type | Picks | 90d Alpha vs S&P | Matured Calls |

|:--|:--|:--|:--|:--|

| Cathie Wood | Pundit | 39 | -14.41% | 18 |

| Stanley Druckenmiller | Investor | 32 | -13.78% | 22 |

| Steve Cohen | Investor | 15 | -13.11% | 12 |

| Chase Coleman | Investor | 14 | -12.56% | 13 |

These aren't cherry-picked bad trades. Cathie has 18 matured calls. Druckenmiller has 22. The consistency is what's striking.



**The type breakdown is interesting**

When you group by type on the reliable subset:

* Pundits: median alpha +3.60%
* Investors: median alpha +0.65%
* Public figures (execs, politicians): median alpha -3.95%

Public figures are the worst group and once you dig into why it makes total sense.



**Executives aren't really stock pickers**

This was probably the most interesting finding. The median public figure has 76% of their calls concentrated in a single ticker. For everyone else it's 16%.

Reed Hastings: 100% Netflix. Sundar Pichai: 83% Google. Pat Gelsinger: 82% Intel. Dara Khosrowshahi: 93% Uber.

These aren't stock picks. These are executives commenting on their own company and the headlines get picked up as ""calls."" It's a totally different signal. If you're trying to evaluate stock-picking skill, these should be in a separate bucket entirely.



**The Roaring Kitty asterisk\*\*\***

He tops the leaderboard at +43% alpha. But his median 90-day return across positions is actually -3%. One GME call at +293% accounts for 81% of his total return mass. Legend? Absolutely. Consistent stock picker? The data says no. (duh)



**Some names look amazing but the sample is paper thin**

Ana Botin shows +27% alpha. She has 1 matured 90-day call. Noel Quinn has 2. Mike Wilson's brutal -24% is based on 1 observation. Any profile under 5 matured calls, take it with a massive grain of salt.



**My takeaway**

Most of these people, when measured properly across enough calls, cluster around zero. The outliers on both ends are real but they're rarer than the sheer volume of financial commentary would suggest. And the first-day price reaction after a public call is basically useless as a signal for what happens three months later.

The profiles with the most credible records are pundits and investors making calls across many names with double-digit matured observations. Politicians and executives are mostly noise.

Next step I am curious to dig into sector investments by pundit to see if there are any outsized edges in the mix there - I'd expect so.

(not financial advice. This is based on public headline calls, not SEC filings or verified portfolio activity. Past performance etc etc)",Kbartman,1774705814,2026-03-28 13:50:14,0,2,https://www.reddit.com/r/stocks/comments/1s60voh/ive_been_tracking_every_public_stock_call_i_can/,,False,Econ Daily,stock market
1s5xue4,stocks,Is Reddit the most overlooked growth stock in the market? Lets unite and push it higher,[removed],Blumpo_ads,1774697268,2026-03-28 11:27:48,1,0,https://www.reddit.com/r/stocks/comments/1s5xue4/is_reddit_the_most_overlooked_growth_stock_in_the/,,False,Econ Daily,stock market
1s5xb4t,stocks,This week was my worst week since liberation day. Not sure how to deal with it,"Meta,reddit,sofi,crdo are my biggest holding, My average for meta is 650 and reddit 180, and for sofi is 22, for crdo is 140, also have hood at 90. I initially brought sofi at 12 and sold 30. 

I am not sure how to deal with drawdown it was my worst week in a long time and i am down on my initial investment 20 percent to be specific. I am still fairly new to stock market, so just trying to manage my emotions i guesss.

  
I have done my research into these stocks which is why i brought them. just just looking for advice and thouhgts on my holdings",AloneStaff5051,1774695509,2026-03-28 10:58:29,293,308,https://www.reddit.com/r/stocks/comments/1s5xb4t/this_week_was_my_worst_week_since_liberation_day/,Advice Request,False,Econ Daily,stock market
1s5uqbz,stocks,Black swan incoming?,"Hello everyone, I like finding new trends around the market and buy the stocks related to those trends, I have never been bearish on the market except this time. 3 years ago I started investing in Nuclear Energy stocks, 2 years ago started investing in memory stocks. This February I sold everything and went all cash, but sometimes I short market using inverse ETF on SPY.

I don't want to get political, but there's no way around it. The US President has planned a visit to China in mid-May. Given this, it seems to me that the conflict in Iran is far from over. During the visit, he needs to show off some aces up his sleeve, but at the moment, he has none.

I still believe that landing on Kharg Island would be suicide, so it is quite possible that there will be a ground operation in Balochistan, which will lead to a further fall in the stock market, and ultimately a fall in precious metals and a temporary strengthening of the dollar.

Do you have an opinion on this? What am I missing in my conclusion?",SovietPower777,1774686035,2026-03-28 08:20:35,0,38,https://www.reddit.com/r/stocks/comments/1s5uqbz/black_swan_incoming/,Crystal Ball Post,False,Econ Daily,stock market
1s5st8a,stocks,How can I start playing the stock market?,[removed],Careless-Exercise849,1774679005,2026-03-28 06:23:25,1,0,https://www.reddit.com/r/stocks/comments/1s5st8a/how_can_i_start_playing_the_stock_market/,Advice,False,Econ Daily,stock market
1s5bwoo,stocks,Good stocks to regularly invest in?,"I’m getting a weekend job soon, and I plan on dumping 100% of those paychecks into the stock market and hopefully let that money grow. That being said I don’t know much about the stock market, so I don’t know where to invest my money. If anybody has any advice I’d appreciate it a lot! And I’m sorry if this is one of the questions you hate seeing.",Sirgrapethethird,1774634968,2026-03-27 18:09:28,1,12,https://www.reddit.com/r/stocks/comments/1s5bwoo/good_stocks_to_regularly_invest_in/,Advice Request,False,Econ Daily,stock market
1s564pp,stocks,Cybersecurity stocks plunge as Anthropic’s ‘Claude Mythos’ leak sparks AI fear,"> The declines appeared tied to reports that Anthropic’s latest AI model was leaked before launch after descriptions were stored in a publicly-accessible data cache, first reported by Fortune. Details about the new model, codenamed ""Claude Mythos,"" were reportedly stored in a draft blog available in an unsecured and publicly-searchable data store. The AI startup blamed the leak on ""human error"" in the configuration of its content management system. The leaked draft introduced a new tier of AI models called ""Capybara,"" which would be larger and more capable than Anthropic’s current top-tier Opus model. According to the leaked document, Capybara achieves higher scores in software coding, academic reasoning, and cybersecurity-related tasks compared to Claude Opus 4.6. The draft described Claude Mythos as ""by far the most powerful AI model we’ve ever developed.""

> An Anthropic spokesperson told Fortune the company is ""developing a general purpose model with meaningful advances in reasoning, coding, and cybersecurity"" and is ""being deliberate about how we release it."" The draft blog post reportedly warned that the model is ""far ahead of any other AI model in cyber capabilities"" and could spark a ""wave of models that can exploit vulnerabilities in ways that far outpace the efforts of defenders.""

[Source](https://www.investing.com/news/stock-market-news/cybersecurity-stocks-plunge-as-anthropics-claude-mythos-leak-sparks-ai-fear-4584897)",WickedSensitiveCrew,1774622686,2026-03-27 14:44:46,294,66,https://www.reddit.com/r/stocks/comments/1s564pp/cybersecurity_stocks_plunge_as_anthropics_claude/,,False,Econ Daily,stock market
1s560t2,stocks,Anyone else been as foolish as me? A collection of painful and funny lessons from the stock market,"Hey everyone, I’ve been trading for a few years now and looking back at some of my trades I can’t help but laugh and cry at the same time 😅

Blindly adding to positions  
I would see my account go up a bit and think, “Let’s add more, this one will definitely double.” Then the stock would flip on me faster than flipping a page. The money I lost ended up being more than what I gained and now I understand that profits are taken, not gambled.

Chasing the hype  
Stocks hyped up in the news or on social media? I used to jump in blindly only to see them stall or drop the next day. I have learned now to do your homework before placing a trade and not blindly chase trends.

Not managing position size  
When I was younger and brash I wanted to grab every opportunity at once. The result was my account would scare me so much I did not even want to look. Position sizing is way more important than picking the perfect stock and that is something I will never forget.

Takeaways  
Do not let the market affect your emotions. Do not get carried away when it goes up and do not panic when it goes down.  
Following your rules is more important than chasing hype.  
Sharing your own embarrassing moments is way more relaxing than pretending to be an expert and it helps others avoid mistakes.

Alright your turn, share some funny stories from your trading. Big wins, small losses, anything entertaining is welcome. Let’s learn and laugh together 😅",One_Influenceo,1774622450,2026-03-27 14:40:50,27,13,https://www.reddit.com/r/stocks/comments/1s560t2/anyone_else_been_as_foolish_as_me_a_collection_of/,,False,Econ Daily,stock market
1s4zbj2,stocks,"r/Stocks Daily Discussion & Fundamentals Friday Mar 27, 2026","This is the daily discussion, so anything stocks related is fine, but the theme for today is on fundamentals, but if fundamentals aren't your thing then just ignore the theme.

Some helpful day to day links, including news:

* [Finviz](https://finviz.com/quote.ashx?t=spy) for charts, fundamentals, and aggregated news on individual stocks
* [Bloomberg market news](https://www.bloomberg.com/markets)
* StreetInsider news:
  * [Market Check](https://www.streetinsider.com/Market+Check) - Possibly why the market is doing what it's doing including sudden spikes/dips
  * [Reuters aggregated](https://www.streetinsider.com/Reuters) - Global news

-----

Most fundamentals are updated every 3 months due to the fact that corporations release earnings reports every quarter, so traders are always speculating at what those earnings will say, and investors may change the size of their holdings based on those reports.

Expect a lot of volatility around earnings, but it usually doesn't matter if you're holding long term, but keep in mind the importance of earnings reports because a trend of declining earnings or a decline in some other fundamental will drive the stock down over the long term as well.

But growth stocks don't rely so much on EPS or revenue as long as they beat some other metric like subscriber count:  Going from 1 million to 10 million subscribers means more revenue in the future.

Value stocks do rely on earnings reports, investors look for wall street expectations to be beaten on both EPS & revenue.  You'll also find value stocks pay dividends, but never invest in a company solely for its dividend.


See the following word cloud and click through for the wiki:

[Market Cap - Shares Outstanding - Volume - Dividend - EPS - P/E Ratio - EPS Q/Q - PEG - Sales Q/Q - Return on Assets (ROA) - Return on Equity (ROE) - BETA - SMA - quarterly earnings](https://www.reddit.com/r/stocks/wiki/fundamentals-themed-post)

If you have a basic question, for example ""what is EBITDA,"" then google ""investopedia EBITDA"" and click the Investopedia article on it; do this for everything until you have a more in depth question or just want to share what you learned.

Useful links:

* [Investopedia page](https://www.investopedia.com/fundamental-analysis-4689757/) on fundamental analysis including [Discounted Cash Flow](https://www.investopedia.com/university/dcf/) analysis; see [definition here](https://www.investopedia.com/terms/d/dcf.asp) and read [their PDF on the topic.](http://i.investopedia.com/inv/pdf/tutorials/fundamentalanalysis_intro.pdf)
* [FINVIZ](https://finviz.com/quote.ashx?t=aapl) for fundamental data, charts, and aggregated news
* [Earnings Whisper](https://www.earningswhispers.com/stocks/aapl) for earnings details

See our past [daily discussions here.](https://www.reddit.com/r/stocks/search?q=author%3Aautomoderator+%22r%2Fstocks+daily+discussion%22&restrict_sr=on&sort=new&t=all)  Also links for:  [Technicals](https://www.reddit.com/r/stocks/search?q=author%3Aautomoderator+title%3Atechnicals&restrict_sr=on&include_over_18=on&sort=new&t=all) Tuesday, [Options Trading](https://www.reddit.com/r/stocks/search?q=author%3Aautomoderator+title%3Aoptions&restrict_sr=on&include_over_18=on&sort=new&t=all) Thursday, and [Fundamentals](https://www.reddit.com/r/stocks/search?q=author%3Aautomoderator+title%3Afundamentals&restrict_sr=on&include_over_18=on&sort=new&t=all) Friday.",AutoModerator,1774603894,2026-03-27 09:31:34,8,766,https://www.reddit.com/r/stocks/comments/1s4zbj2/rstocks_daily_discussion_fundamentals_friday_mar/,,False,Econ Daily,stock market
1s4xr0a,stocks,CATL posted $10.4 billion in net profit last year and I barely see it discussed here,"I've been following the EV battery space for a while and CATL's 2025 annual report came out on March 9 with numbers that genuinely surprised me. Revenue hit 423.7 billion yuan (roughly $61.4 billion), up 17% year over year. Net profit reached 72.2 billion yuan ($10.4 billion), a 42% increase. They shipped 661 GWh of batteries in 2025, up 39%, and according to SNE Research their global power battery market share climbed to 39.2%. That's nine consecutive years at number one worldwide.

The number that stood out most to me was contract liabilities. That figure jumped 77% to 49.2 billion yuan by year end, up from 27.8 billion at the end of 2024. Contract liabilities are essentially advance payments from customers locking in future supply, so a spike that large signals very strong order visibility heading into 2026. Operating cash flow was also enormous at 133.2 billion yuan, about 1.8 times their net profit. They proposed a dividend of 69.57 yuan per 10 shares, totaling roughly 31.5 billion yuan, continuing a policy of returning 50% of net profit to shareholders for three consecutive years. A shares rose over 6% the day after the report.

On the expansion side, two developments stand out. First, their Hungary gigafactory in Debrecen. CATL invested €7.3 billion into this site and it is set to begin cell production in early 2026. The initial 40 GWh of annual capacity is already fully booked by BMW, Stellantis, and Volkswagen. Module assembly has actually been running for over a year there, with more than 120,000 modules already produced (enough for about 30,000 EVs). The planned total capacity is 100 GWh with around 9,000 employees at full scale. For a company that's often framed as a ""China only"" story, this is a major move to localize supply in Europe and reduce geopolitical risk for their OEM customers.

Second, CATL and Changan Automobile unveiled what they're calling the world's first mass production passenger vehicle using sodium ion batteries. The battery is called Naxtra, and it achieves 175 Wh/kg energy density with a range exceeding 400 km. What really makes it interesting is the cold weather performance: it retains over 90% usable capacity at minus 40°C and can operate down to minus 50°C. That's roughly three times the discharge power of comparable lithium iron phosphate systems in extreme cold. Sodium doesn't rely on lithium supply chains at all, which matters given how volatile lithium pricing has been over the past few years. CATL spent nearly 10 billion yuan and developed around 300,000 test cells over a decade to bring this to market. The vehicle is expected to launch by mid 2026.

R&D spending hit 22.1 billion yuan in 2025 alone, and cumulative investment over the past decade now exceeds 90 billion yuan. Total production capacity reached 772 GWh with another 321 GWh currently under construction.

One thing I think is worth mentioning for investors here: CATL trades on the Shenzhen exchange (300750.SZ) as an A share stock, so most U.S. based investors can't buy it directly. It also doesn't appear in the top holdings of popular China tech ETFs like KWEB or CQQQ, which lean heavily toward Hong Kong listed and U.S. listed internet names. I recently came across CNQQ, which holds CATL at roughly 6% weight as its third largest position alongside other A share tech names like BYD, Zhongji Innolight, and Cambricon that you won't find in KWEB or CQQQ either. It seems to be one of the few U.S. listed vehicles that gives meaningful exposure to China's onshore hard tech sector rather than just the usual internet giants.

I think CATL is quietly becoming one of the most consequential companies in the global energy transition and it gets almost no airtime in this sub. Would love to hear how others are thinking about this space or if anyone has found other ways to get exposure.",Additional-Engine402,1774597915,2026-03-27 07:51:55,18,7,https://www.reddit.com/r/stocks/comments/1s4xr0a/catl_posted_104_billion_in_net_profit_last_year/,,False,Econ Daily,stock market
1s4s52d,stocks,My RVI thesis,"It's been about three weeks since RVI (Robinhood Ventures Fund) listed. It was second in the list of pure play venture capital tickers (DXYZ being the first one and VCX followed last week and has been making the waves, I was an early investor in the Fundrise Innovation Fund). 

I got in at the NAV of $18 and for VCX and it goes beyond saying how good that portfolio is at that price. Make what you will of the current price and what a good entry point now might be.  The success of VCX made be double down on the AI trade (assuming $30 six months from now and not the current $250, I will be more than happy and set myself for pleasant surprises).  I did get into DXYZ since I discovered their stealth Anthropic buy via the SEC filings which is not very well advertised (It is 22% of the fund now, even more than VCX and convinced me to get in).  I had not been able to make much sense of the RVI portfolio in comparison but took a small (12k) position the day it crossed its NAV of $25. I have been watching the price action and I have a bullish case for RVI based these facts:

Borrow fee rate of 78% and zero shortable shares on IBKR. I wonder if this has something to do with the fact that someone went short on RVI on the day of its listing. It was pretty clear and I talked about it here:  
[https://www.reddit.com/r/FundRise/comments/1rn8swn/about\_that\_rvi\_thing\_and\_what\_we\_need\_to\_take/](https://www.reddit.com/r/FundRise/comments/1rn8swn/about_that_rvi_thing_and_what_we_need_to_take/)

Charts in one of the comments. 

The stock has rallied about 20% since I got in (26 cost basis, which I was iffy on initially). So the shorts should be feeling some pain now and the fee is getting in the squeeze territory. Then it occurred to me that the greatest Rocket fuel this stock has is the Robinhood app. Imagine all the notifications the users might get especially on the day it rallied 13% (I don't have Robinhood but I don't doubt that would use this tactic). So there is potential of generating some interest which may end up in a rally that triggers a squeeze. This is a medium conviction play for me. I am not taking my profits (which I was planning on after getting up 2k , I am at 2.5k now) nor increasing my position and letting it ride (will use limit GTCs).

Let's see what happens. This is obviously less of a fundamentals driven analysis and more market mechanics driven. Thought I will leave it out here to keep my thought process honest. Feel free to call me out when I am wrong. 

Not financial advice, do your own due diligence! ",Fit_Equal6932,1774579648,2026-03-27 02:47:28,5,4,https://www.reddit.com/r/stocks/comments/1s4s52d/my_rvi_thesis/,,False,Econ Daily,stock market
1s4k4yt,stocks,Current US Stock Market crisis,[removed],Call_Me__Heisenberg,1774559700,2026-03-26 21:15:00,1,0,https://www.reddit.com/r/stocks/comments/1s4k4yt/current_us_stock_market_crisis/,,False,Econ Daily,stock market
1s4dtd9,stocks,"Stock market today: Dow, S&P 500, Nasdaq fall as Wall Street weighs prospects for Iran truce","US stocks pulled back on Thursday as conflicting messages from the US and Iran fueled mounting uncertainty about the prospects for talks to end the Middle East conflict.  
[https://finance.yahoo.com/news/live/stock-market-today-dow-sp-500-nasdaq-fall-as-wall-street-weighs-prospects-for-iran-truce-133318490.html/](https://finance.yahoo.com/news/live/stock-market-today-dow-sp-500-nasdaq-fall-as-wall-street-weighs-prospects-for-iran-truce-133318490.html/)",Every-Actuator-6996,1774545734,2026-03-26 17:22:14,7,4,https://www.reddit.com/r/stocks/comments/1s4dtd9/stock_market_today_dow_sp_500_nasdaq_fall_as_wall/,Company News,False,Econ Daily,stock market
1s42q3o,stocks,"r/Stocks Daily Discussion & Options Trading Thursday - Mar 26, 2026","This is the daily discussion, so anything stocks related is fine, but the theme for today is on stock options, but if options aren't your thing then just ignore the theme.

Some helpful day to day links, including news:

* [Finviz](https://finviz.com/quote.ashx?t=spy) for charts, fundamentals, and aggregated news on individual stocks
* [Bloomberg market news](https://www.bloomberg.com/markets)
* StreetInsider news:
* [Market Check](https://www.streetinsider.com/Market+Check) - Possibly why the market is doing what it's doing including sudden spikes/dips
* [Reuters aggregated](https://www.streetinsider.com/Reuters) - Global news

-----

Required info to start understanding options:

* [Call option Investopedia video](https://www.investopedia.com/terms/c/calloption.asp) basically a call option allows you to buy 100 shares of a stock at a certain price (strike price), but without the obligation to buy
* [Put option Investopedia video](https://www.investopedia.com/terms/p/putoption.asp) a put option allows you to sell 100 shares of a stock at a certain price (strike price), but without the obligation to sell
* Writing options switches the obligation to you and you'll be forced to buy someone else's shares (writing puts) or sell your shares (writing calls)

See the following word cloud and click through for the wiki:

[Call option - Put option - Exercising an option - Strike price - ITM - OTM - ATM - Long options - Short options - Combo - Debit - Credit or Premium - Covered call - Naked - Debit call spread - Credit call spread - Strangle - Iron condor - Vertical debit spreads - Iron Fly](https://www.reddit.com/r/stocks/wiki/options-themed-post)

If you have a basic question, for example ""what is delta,"" then google ""investopedia delta"" and click the investopedia article on it; do this for everything until you have a more in depth question or just want to share what you learned.

See our past [daily discussions here.](https://www.reddit.com/r/stocks/search?q=author%3Aautomoderator+%22r%2Fstocks+daily+discussion%22&restrict_sr=on&sort=new&t=all)  Also links for:  [Technicals](https://www.reddit.com/r/stocks/search?q=author%3Aautomoderator+title%3Atechnicals&restrict_sr=on&include_over_18=on&sort=new&t=all) Tuesday, [Options Trading](https://www.reddit.com/r/stocks/search?q=author%3Aautomoderator+title%3Aoptions&restrict_sr=on&include_over_18=on&sort=new&t=all) Thursday, and [Fundamentals](https://www.reddit.com/r/stocks/search?q=author%3Aautomoderator+title%3Afundamentals&restrict_sr=on&include_over_18=on&sort=new&t=all) Friday.",AutoModerator,1774517425,2026-03-26 09:30:25,13,724,https://www.reddit.com/r/stocks/comments/1s42q3o/rstocks_daily_discussion_options_trading_thursday/,,False,Econ Daily,stock market
1s42kat,stocks,Petrol (wti) still hasn't found its verve back.,"I'm looking at that line and all i can think is.. they killed it. 

does it even marginally represent real petrol availability on the market at this point?

knowing governments do this (and privates) do u think the stock market will be the same ever again?

",Lammerikano,1774516820,2026-03-26 09:20:20,3,6,https://www.reddit.com/r/stocks/comments/1s42kat/petrol_wti_still_hasnt_found_its_verve_back/,Company Question,False,Econ Daily,stock market
1s3gmvp,stocks,TER is mounting another rally will it break through its all-time high this time?,"TER’s stock price has been on the rise again recently and is currently less than $20 away from its all-time high. In the short term, is there a chance it could break through this resistance level and re-enter an uptrend?



What are your thoughts on how the cyclical nature of the semiconductor business might affect a short-term breakout?

Can the industrial robotics business support further gains in the stock price?

If it fails to break through, could we see a technical pullback?



I’d love to hear everyone’s opinions, especially from those following TER would you choose to buy at current levels or wait for a pullback before entering the market?",Happy-Acanthaceae372,1774458331,2026-03-25 17:05:31,0,0,https://www.reddit.com/r/stocks/comments/1s3gmvp/ter_is_mounting_another_rally_will_it_break/,,False,Econ Daily,stock market
1s3fv0y,stocks,HOOD announces $1.5Bn Share Buyback,"90% Reddit uses Robinhood for trading

HOOD fell nearly 40% from its high

What in general we think regarding Robinhood as long term investment?

According to yahoo news:

 Robinhood is betting $1.5Bn on itself. The popular trading platform announced a massive share repurchase program on Tuesday, authorizing the company to buy back its own stock over the next three years. This move comes at a moment of sharp contrast: while management signals confidence, the stock itself (HOOD) is trading near its lowest levels of 2026.

It is a bold defensive maneuver. Robinhood shares are down approximately 39% so far this year and sit roughly 54% below their October all-time high of $152.46.

While broader geopolitical headwinds batter the tech and crypto sectors, Robinhood is using its cash pile to tell the market that its stock is currently on sale.

(Source: TradingView)

The market reaction was initially tepid. Shares ended Tuesday trading down 4.7% at roughly $69.08, though they recovered slightly in after-hours trading. The question for investors is simple. Is this a shrewd use of capital that will reward shareholders, or a way to prop up a stock price that is struggling to find a floor?

The Contradiction: Confidence vs. Market Reality

Robinhood is spending $1.5 billion buying its own stock.

The program combines $1.1 billion in new capacity with funds rolled over from a previous authorization. The mechanics are simple. Fewer shares outstanding means earnings per share go up even if profits stay flat. Financial engineering that makes the numbers look better without the business actually growing.

The $3.25 billion revolving credit facility with JPMorgan Chase is the safety net behind the move. A corporate credit card ensures liquidity stays intact while billions go out the door. The balance sheet is healthy enough to do both.

CFO Shiv Verma called Robinhood a generational company and framed the buyback as a chance to capture long-term value at a price that does not reflect the company’s true potential. The stock is trading around $69. Management thinks that is cheap.

The bear case is harder to ignore. Companies buy back stock when they believe they are undervalued. They also buy back stock when they have run out of better ideas. Pouring $1.5 billion into financial engineering instead of product development, marketing, or acquisitions carries a real opportunity cost in a market where competitors are constantly evolving, and institutional products are reshaping the landscape.

The broader context makes the move stand out. The Algorand Foundation just cut staff to preserve runway during the same downturn. Robinhood is projecting strength while the rest of the sector demands caution.

That is either a sign of genuine conviction or a very expensive way to paper over a lack of growth strategy. The next few quarters will answer that.",Melodic-Following-56,1774456668,2026-03-25 16:37:48,0,18,https://www.reddit.com/r/stocks/comments/1s3fv0y/hood_announces_15bn_share_buyback/,Company News,False,Econ Daily,stock market
1s3frcl,stocks,Started a Free Stock Market Course in Hindi for Complete Beginners - Feedback Appreciated,[removed],Ok_Bodybuilder8013,1774456437,2026-03-25 16:33:57,1,0,https://www.reddit.com/r/stocks/comments/1s3frcl/started_a_free_stock_market_course_in_hindi_for/,,False,Econ Daily,stock market
1s39dcu,stocks,3 factors have driven double-digit stock market losses in the last 100 years. They're all in play.,[removed],Every-Actuator-6996,1774441854,2026-03-25 12:30:54,1,0,https://www.reddit.com/r/stocks/comments/1s39dcu/3_factors_have_driven_doubledigit_stock_market/,Company News,False,Econ Daily,stock market
1s360vl,stocks,"$ATHM, potential cigar-butt.","PE 10, negative EV, 10% dividend yield, trading below Net Current Assets. zero debt, share buybacks. 

ATHM Is extremely unattractive,

Stock is down -85% in 5 years, operations revenue have crashed, new majority holder is likely to steer the business in a different completely out of line with current online dealership model. 

Basically, you own an online platform, a brand… That’s it!

But also you are also purchasing a reputable well established brand, zero debt, but more importantly, a load of cash worth more than its market capitalization +a fat dividend premium that ought to keep you guessing and waiting. 

Better even, management is repurchasing shares and a lot of it.

So what the stock is ugly? A combination of general neglect ( Chinese ADS don’t have the best reputation these days), derelict revenue model and bottom of the ocean stock price ( share are trading at their all time lows) ought to warrant a contrarian opportunity.

The crowd thinks the company stinks, it stinks indeed. But at Uglystocks that exactly what we like. Stinky, ugly, cash rich, bottom of the barrel stocks with zero debt and a fat dividend.

What’s not to like? Icky indeed. I love me some icky kisses when they are cheap enough. 

But beauty is in the eye of the beholder as the saying goes. By the way, Haier Group is the new majority shareholder. I would probably would want to align behind such a company plans and see where it leads when I can ride on the coattails of one of its subsidiaries at all time low + fat ass dividend yield.

Nobody wants the stock, I am buying some and will probably buy more as the stock falls.

I keep it simple and straightforward. Prompting valuation with AI is fairly easy these days. Go ahead and investigate and decide for yourself. 

Crack up the Annual reports and do your own sue diligence and prove me wrong. I am an idiot. Don’t listen to me. 

( Not investment advice.)",orishasinc2,1774431210,2026-03-25 09:33:30,1,2,https://www.reddit.com/r/stocks/comments/1s360vl/athm_potential_cigarbutt/,,False,Econ Daily,stock market
1s303f4,stocks,UPDATE: Accidently sold all of my shares of stock,"Earlier this month I made[ ](https://www.reddit.com/r/stocks/comments/1rjgwsz/accidently_sold_all_of_my_shares_of_stock/)[my most popular post ever by far](https://www.reddit.com/r/stocks/comments/1rjgwsz/accidently_sold_all_of_my_shares_of_stock/) where we all had a good laugh at me for being a dumbass and accidentally selling all of my stock. As we all know, since then the market has been on a downturn. There's probably over a hundred comments (I just got a couple as I'm typing this!) on that post saying something like ""wow you must've profited from this mistake, right?"" And I wanted to go over the details to say, no, not really. At least, not in a way that matters:

For reference, what I bought and sold was FXAIX, which is just Fidelity’s S&P 500:

I sold 204.659 shares at $239.44 per share for a total of $49,003.55 at market close on March 2. I said “last night,” on the original post which is when it closed, but I had actually placed the sell order earlier in the week and didn’t realize until it went through that day.

I bought 171.429 shares at $232.29 per share for a total of $39,821.24 at market close on March 12. That left me with about $9,182 uninvested. I used $5,000 for house repairs and the rest will sit in a savings account until next year to pay off long-term capital gains.

The difference between my sale price and rebuy price was only $7.15 per share, which worked out to about $1,463 in avoided losses on the shares I originally sold. $1.4k is a lot of money to ""save"" from a dumb mistake (even if I bought way less than I sold), but I really don't feel like a winner. Definitely not worth the stress of now needing to owe almost four grand in extra taxes next year. Even if I had managed to wait and buy at $228.34 today with the same amount of shares that still only would’ve been $11.10 per share, or $2,272, a little over half of what I now owe in fucking taxes.

No lesson here other than goddamn I'm such a dumbass lol and also don’t try to time the market. Keep yo money in. The dip can keep dipping, but who knows? Probably not you or me. I also want to say no one ripped me too hard or anything which I appreciate, and a lot of you actually gave some good advice. No tax expert has any time to meet with me until after tax season, but I have one on the schedule next month to explore my options. I'll probably just need to pay off the long-term gains, but live and learn I guess.",absolutemurphman,1774410427,2026-03-25 03:47:07,475,58,https://www.reddit.com/r/stocks/comments/1s303f4/update_accidently_sold_all_of_my_shares_of_stock/,,False,Econ Daily,stock market
1s2zdec,stocks,Sports Superstar Salaries vs. Reddit Executive Salaries,"|Player||Contract Value|Term|annual salary|
|:-|:-|:-|:-|:-|
||
|**Shohei Ohtani**|Baseball|$700m|10y|$70m|
|**Nikola Jokić**|Basketball|$276m|5y|$55m|
|**Kylian Mbappé**|Soccer|$250m|5y|$50m|
|**Patrick Mahomes**|Football|$450m|10y|$45m|

These players could get the same salaries from a number of teams. If anything, their true value is **higher**, as these salaries are often constrained by salary-cap rules that don't exist outside of sports.

Now, imagine a free-agent market for executives. There would be no bidding wars for **Jen Wong** or **Drew Vollero**, as there are thousands of executives like them available at all times. Jen Wong and Drew Vollero would get paid a $500,000 base salary and up to $2M in options. That's their market value. Jen Wong got that from her most recent employer, Time Inc., which fired her after revenue declined from $3B to $2.5B; and Drew Vollero got that from a company providing security for buildings.

||Market Value|annual salary|
|:-|:-|:-|
||
|Reddit Executives (Wong, Vollero)|up to $2.5m|up to $250m|

However, for no reason other than robbing shareholders, at Reddit they are now paid up to 100x their market value in the most precious asset any company has: its shares.

**JEN WONG IS PAID THE COMBINED SALARIES OF OHTANI, JOKIC, MBAPPE, MAHOMES.** let this sink in.There are certainly other companies with similar issues, but Reddit probaly has the most overpaid executivees of them all right now.

Reddit is a freak show, a farce, a scam. Call it whatever you want. But don't expect the stock to go up anymore with this kind of executive SBC scheme.",sportingpool,1774408276,2026-03-25 03:11:16,0,4,https://www.reddit.com/r/stocks/comments/1s2zdec/sports_superstar_salaries_vs_reddit_executive/,,False,Econ Daily,stock market
1s2tb5u,stocks,Big crash incoming,"The biggest oil refinery in the US got attacked and exploded but all major news are downplaying it massively. Oil refineries in Russia got attacked by Ukraine. All the GCC refineries are damaged and not operational. The war is about to complete 1 month with no end in sight. Some south east asian countries are planning to ground commercial airlines due to shortage of jet fuel.
The first European country (slovenia) has started to limit the sale of fuel to citizens.

Iran has the chabce to target subseq internet cables that will likely disrupt global internet and thus financial systems.

The consequences are going to be catastrophic, entire supply chains are being dismantled.

By the time people wake up, the stock market will disillusion itself and crash back to earth from the hyped up irrational state it currently is.",PermissionFabulous23,1774392871,2026-03-24 22:54:31,0,30,https://www.reddit.com/r/stocks/comments/1s2tb5u/big_crash_incoming/,,False,Econ Daily,stock market
1s2pon9,stocks,"Inherited a couple blue chip stocks, hold or sell??","Hey everyone. So as of February I inherited a bunch of stocks my father had in his brokerage that transferred to my brokerage account. I don’t follow the market too much anymore but wanted to get some opinions on the following stocks I now have. I have recently started investing in the SP500

Funds but never any individual stocks. I have the following:  Apple, Disney, Microsoft, intel, O, and ford motor company. They are all pretty solid companies in my eyes except Disney which I’m not sure which direction they are heading. As of right now since they became mine I have paper losses of over $10,000 so far. After researching them, they all have upside and some even show potential for pretty decent growth. Disney reported great earnings but dropped like a stone right after. I’ve always kind of followed Apple stock as was gonna buy $14,000 worth when it was at $198 a share but I ended up needing the money to put on a roof on my house and decided not to. I still could have as have sufficient savings but didn’t want to dip into my savings to do so. Should I be riding these out or cut my losses? I feel it would be a mistake. If they were some shitty companies I would have done it already but they aren’t and I don’t need the money. Microsoft I have taken the biggest hit on so far dropping over 20%. As mentioned, I’m 98% sure I’m gonna just hold till whenever, no timeline. I have an SP500 fund I invest in and albeit that’s down as well but it’s for retirement so that’s gonna just

Ride out for 15-20 years. What you think?",BulkyWar7513,1774384659,2026-03-24 20:37:39,11,35,https://www.reddit.com/r/stocks/comments/1s2pon9/inherited_a_couple_blue_chip_stocks_hold_or_sell/,,False,Econ Daily,stock market
1s2p5bv,stocks,Why western explorers can get more credit for the same result,"# A strong exploration result does not get priced the same way everywhere.



That is one of the most overlooked mechanics in junior mining.



People talk like geology is all that matters. Of course geology matters first. But the market does not value results in a vacuum. It also asks a second question:



Where is this result located, and how believable is the path forward from here?



That is why western explorers can sometimes get more credit for the exact same kind of progress.



A good hole, a better target, or stronger continuity in a place like British Columbia, Nevada, Arizona, or Alaska can be easier for the market to respect because the jurisdiction already removes one layer of doubt. Investors do not have to solve as many extra problems in their head before assigning more value to the story.



That does not mean western projects are easy. They are not.

Permitting can still take time. Costs can still rise. Markets can still ignore a stock. Exploration can still fail.



**But the market often sees a difference between:**



a result that looks interesting in theory and a result that looks interesting in a place where capital can more easily imagine a future path



That difference matters.



Because junior miners do not rerate only on what the rock says. They rerate on what the market thinks the result could realistically become.



If the same geological step forward happens in a jurisdiction with clearer rules, stronger property rights, better financing appeal, and more strategic relevance, the market can be quicker to say:

“Okay, this might actually matter.”



That is why western explorers can get a stronger response to the same update.



Not because the assay magically becomes better.

Because the context around the assay becomes easier to price.



And in copper, that context matters even more right now.



The market is already dealing with fragile global supply, long development timelines, and a growing need for new copper exposure in places people can underwrite with more confidence. So when an explorer in a western jurisdiction starts showing progress, investors do not just see a science experiment. They may start seeing something that fits a bigger strategic theme.



That is what gives the rerating more force.



A result in a tougher jurisdiction may still be exciting.

A result in a trusted jurisdiction can feel more financeable, more developable, and more relevant to larger capital.



That is why “rock is rock” is only half true.



The market absolutely does not price rock like rock.



**It prices:**



* geology
* jurisdiction
* path to relevance
* and how much uncertainty still stands between today’s result and tomorrow’s value



That is why western explorers can get more credit for the same result.",InBeforeTheL0ck,1774383498,2026-03-24 20:18:18,0,3,https://www.reddit.com/r/stocks/comments/1s2p5bv/why_western_explorers_can_get_more_credit_for_the/,Industry Discussion,False,Econ Daily,stock market
1s2ooae,stocks,How do you feel about prediction markets betting on stock prices? What effects do you believe this will have on the market?,[removed],bummed_athlete,1774382450,2026-03-24 20:00:50,1,1,https://www.reddit.com/r/stocks/comments/1s2ooae/how_do_you_feel_about_prediction_markets_betting/,,False,Econ Daily,stock market
1s2jjiq,stocks,Advice regarding Oracle shares,"Inherited a few oracle shares from my late husband which he was given via the employee stock plan (ESOP ig?). I am not an American citizen (Indian) but the stocks are held at Fidelity Investments, so I am worried about the whole Trump fiasco. Do y'all suggest I let it sit for a few years or sell it now. Ofc, luckily by god's grace I am at a good place right now and financially don't need that money but I'm scared with everything going around the globe and seeing oracle stocks dip every other day. The thing is once I sell them I will not invest them again in stocks, at least not in the US market. Would really be grateful if y'all can help and suggest what should be done in this scenario since I'm not very aware about stocks and shares and also don't know the internal happenings of Oracle.",National-Name3690,1774371566,2026-03-24 16:59:26,4,8,https://www.reddit.com/r/stocks/comments/1s2jjiq/advice_regarding_oracle_shares/,Advice Request,False,Econ Daily,stock market
1s2h5jh,stocks,"The person who wins in the stock market isn’t the smartest one, but the one who follows the rules.",[removed],Beautiful-Agent-2446,1774366484,2026-03-24 15:34:44,1,0,https://www.reddit.com/r/stocks/comments/1s2h5jh/the_person_who_wins_in_the_stock_market_isnt_the/,,False,Econ Daily,stock market
1s2gmcl,stocks,Robinhood looking good at these levels,"I started investing during Covid, so about 6 years ago. The brokerage I used to get started was HOOD. Although now I use IBKR, I don’t see HOOD going away anytime soon. HOOD revolutionized the stock market in my opinion. It gave the little guys a voice, it made it easier to invest, commission free trading, but unfortunately it gave a platform to degenerate gamblers, which one could argue it’s good for their business. 

What do you guys think? At a gigidy $69 (over 50% off its ATH) do we go lower, much lower, or do we start heading back up? 

Disclaimer: I have about $10k in HOOD, not much but looking to see if I should add more. ",Tricky-Ad-6225,1774365345,2026-03-24 15:15:45,0,28,https://www.reddit.com/r/stocks/comments/1s2gmcl/robinhood_looking_good_at_these_levels/,Company Discussion,False,Econ Daily,stock market
1s2e953,stocks,Future Market Prediction,"My thinking on how the market will play out for the rest of the year. I believe that obviously the strait of Hormuz is critical on opening up that shipping lane especially for oil, gas, fertilizer and all that stuff. So a lot of the near and medium term will depend on how long it’s not open and also if Iran targets oil infrastructure in the future. However since this is a mid term year the average drawdown to upswing is 20%. I think as we get closer to the elections and it becomes clearer that the dems will at least take back the house to “gridlock” congress it will be seen as hugely bullish as it will dampen the power of the executive brach that being the Trump administration and just let business happen without trying to interfere with every industry like he’s doing now. I believe that the bigger the majority they win the higher stocks will go as this would be a major roadblock for the trump administration not having control of every branch of government. US stock market loves when the government is in gridlock. It kind of turns Trump into a lame duck president and would be able to get near as much done especially with a branch of government that has more of a spine to keep him more in control. Not financial advice. ",EntertainerDowntown3,1774360032,2026-03-24 13:47:12,0,12,https://www.reddit.com/r/stocks/comments/1s2e953/future_market_prediction/,,False,Econ Daily,stock market
1s2d71d,stocks,"Do you think the MSCI World Index or the stock market as a whole will fall even further, or have we already hit bottom?","With the Iran situation fueling market volatility, the big question remains: Is the geopolitical risk fully priced in, or is there more downside ahead? Are you buying the dip now, or staying on the sidelines? ",Soggy-Translator3066,1774357482,2026-03-24 13:04:42,0,22,https://www.reddit.com/r/stocks/comments/1s2d71d/do_you_think_the_msci_world_index_or_the_stock/,,False,Econ Daily,stock market
1s2cp86,stocks,From €26 IPO bagholding to merger announcement: My 22-month PUIG journey (and the suspicious €45M that bought right before the news),"So this happened. After averaging down for almost two years on what I thought was a value play, Estée Lauder announced merger talks with my position. Stock gapped up 15%. I sold some, kept most, and now I'm trying to process what the hell just happened.

But here's the thing that's been bothering me: someone bought €45 million worth in after-hours trading the week before the announcement. And I want your take on wether this was legal or not.

# The beginning (aka my expensive education)

May 2024. PUIG (Spanish beauty/fragrance company) IPOs at €24.50. I see Charlotte Tilbury in the portfolio, read about ""premium positioning"" and ""family-controlled business,"" and buy 30 shares at €26.06. Classic retail FOMO. I'm immediatly down 10% and it keeps falling.

For context: I'm not a professional. I work a regular job. This is money I've saved and I'm teaching myself as I go. So naturally, I decided the solution was to average down for the next 22 months.

# The grind (and the moment I almost lost conviction)

Here's the thing nobody tells you about DCA - it's psychologically brutal when your doing it on a falling stock. Every month I'm buying more, watching my average cost drift from €26 down through €21, €20, €19, €18, €17...

My thesis: P/E of 14x vs L'Oréal at 25x, Charlotte Tilbury growing fast, 7.8% organic revenue growth, family-controlled for long-term focus.

But then October 2025 happened. Stock hit €13.11 - an all-time low, 50% down from IPO.

I only had cash for 50 shares that month. Bought at €13.59. It barely moved my average. And for the first time I seriously questioned whether I was just bagholding a dying thesis. Maybe I was wrong about the value. Maybe the market knew something I didn't.

Looking back, that was the capitulation moment I *should* have backed up the truck. But doubt is a hell of a thing.

Kept grinding though. By March 2026: 2000 shares at €16.69 average.

# March 3rd: The crash day buy

Market crashes. Iran escalation. IBEX down 4.4%, PUIG down 5.4%.

Around 11am it hits €14.77. And I just... bought. 350 shares. Not genius - I was genuinely worried it could go lower but figured the fundamentals hadn't changed.

Turns out €14.77 was €0.30 from the absolute bottom of €14.47 that day. Pure luck.

# March 9-23: The weird stuff starts

Starting March 18-19, HUGE after-hours volume. 2.2-2.4 million shares traded after close (normal daily volume is 600-800k). Price jumping from €15.53 to €15.98 in after-hours.

March 19: Another 2 million shares after-hours, €15.49 to €15.86.

Someone bought roughly **€45 million** in two after-hours sessions.

At the time I'm thinking ""institutional accumulation? Odd timing though.""

March 23: More unusual volume, 1.54M shares. Closes at €15.57.

# March 23 evening: Oh. THAT'S why.

After close: Estée Lauder + PUIG merger talks announced. Combined entity worth $40B.

The logic makes sense - Estée Lauder is weak in fragrances (PUIG's strength, 70% of revenue), and Charlotte Tilbury is exactly what they need.

# March 24: The gap up

Opens at €17.98. Up 15% overnight.

Decision time. I've been underwater 22 months. Suddenly up. What do I do?

I sold 30% at €17.75 (turned out to be 97.7% of the day's high at €18.16 so far - luck again).

Why 30%?

* Big gaps often pullback
* Talks aren't a done deal
* 22 months deserved locking *something* in
* But if deal hits €18-20, I want exposure

Now:

* €10,650 cash locked
* 1400 shares held
* Up \~7% overall

Volume hit 4.5M by 10:30am. Insane.

# The question: Was that €45M legal?

**Timeline:**

* March 18-19: €45M bought after-hours (€15.50-€15.98)
* March 23: Merger announced
* March 24: Stock at €17.90+

**That €45M is now €52M. €7M profit in 6 days.**

Why after-hours? Why that week? Why that size?

**My theories:**

**1) Estée Lauder building a position** Common in M&A - buyer accumulates 3-5% pre-announcement. Legal if disclosed within 10 days. Shows commitment.

**2) Inside info front-running** Classic illegal insider trading. But risky - worth jail for €7M?

**3) Incredibly lucky hedge fund** Some fund saw PUIG undervalued. But €45M on a hunch? Doesn't fit how they operate.

**4) Bank advisor leak** Happens more than admitted. Hard to prove.

If it's #1, that's bullish - their serious. If it's #2-4, investigation risk could tank the deal.

What do you think?

# What I learned

**DCA with conviction, not blindly** I bought more during dips. March 3rd was 17.5% of my position near the bottom.

**Do your homework** Knowing the numbers let me buy at €14.77 when it felt scary. Even when I doubted at €13.11, the fundamentals kept me in.

**Have an exit plan** 30% at €17.75 means even if this crashes, I locked something. The 70% is house money now.

**Doubt is normal** At €13.11 I questioned everything. That's the exact moment conviction matters most.

# Current position

**Position:** 1400 PUIG at €16.69 avg (currently €17.90)

Next: Sell 20% at €18.50, target €19-20 if deal confirms, stop at €16.50 if it fall",giRf1,1774356218,2026-03-24 12:43:38,0,5,https://www.reddit.com/r/stocks/comments/1s2cp86/from_26_ipo_bagholding_to_merger_announcement_my/,Company Discussion,False,Econ Daily,stock market
1s2asgc,stocks,Stock Market App for Beginners: How to Start the Right Way in 2026,[removed],Double_Bluejay_2557,1774350665,2026-03-24 11:11:05,1,0,https://www.reddit.com/r/stocks/comments/1s2asgc/stock_market_app_for_beginners_how_to_start_the/,,False,Econ Daily,stock market
1s2aqcb,stocks,"Does anybody know how to get 3X margin on simple stocks (no CFD, options, anything weird)?","Hi, I hope you could help me. I just recently moved to Australia and the stock market, the U.S. stock market usually opens when we are sleeping here. My swing trading method is very consistent. I've been using it for two years, getting better returns than the S&P average. And I would like to start trading it a bit more leveraged. I usually trade on a 1.5 leverage with my IBKR margin trading account, buying simple stocks. Sometimes I go a bit further with higher margins, with higher leverage and lower margins by using spreads and options and leveraged ETFs. But I'm tired and to automate some operations, I would like to just start buying normal stocks, not CFDs or anything weird because they allow you to operate on a 5 or 10x, but a CFD is not a stock and they usually have a higher commissions, higher spread and everything else. And I would like to trade at least on a 3x leverage any kind of normal stock, just the, even the best ones, Apple, Netflix, Nvidia. I'm not talking about shitty stocks that usually need a higher margin rate. With interactive brokers, they usually say that you have a 30% of margin rules. then by a simple calculation, you should be able to buy 3.3x of your account value, but when I tried to do that, they usually allowed me to buy up to 2x, which is nonsense. I tried to speak to a sup about many times and they can't help me with it. But the thing is that with my standard margin trading account, I can't buy more leveraged stocks. If I try buying options, I know how to use them in a professional way. The best and the most similar thing would be creating a synthetic future, but you should be buying many legs and it's a bit complicated, ending up with higher, with greater complications and higher commissions. And usually the best thing is just place a stop limit order to buy stock and go to sleep. Then, could a portfolio margin account help me if I wanted to buy nearly 80% of my portfolio in a 3x basis? Let's say that I have $100,000 in my account. I want to operate putting down $80,000, finally opening a $240,000 operation on any normal stock. Could the portfolio margin allow me to do that or not? Because I read all Interactive Brokers' page and many other brokers' pages, and I can't figure it out. It's driving me crazy because I can't find the right investment product now. I've been three months trying to develop an options automatic system, and now I was trying with CFDs, but they are not what I'm looking for. So, I don't know, please, if you know something, help me. I would really appreciate it. Thanks a lot for reading!",Titusalbus,1774350475,2026-03-24 11:07:55,0,8,https://www.reddit.com/r/stocks/comments/1s2aqcb/does_anybody_know_how_to_get_3x_margin_on_simple/,Advice Request,False,Econ Daily,stock market
1s26qk4,stocks,Stock market signals services vs building your own: which approach wins in practice?,"Can't decide whether to subscribe to a stock market signals service or just build my own thing with free data. Both have trade offs and I keep going back and forth.

Building your own: you understand every input, customize to your risk tolerance, it's free. Downside is it takes real time to build test and maintain, plus you need enough stats and econ knowledge to not fool yourself.

Subscribing: someone already did the R&D. Long track record (12+ years live) means higher probability the model works vs something you threw together over a few weekends. Cost is minimal relative to capital managed. Downside is you don't control methodology and you're trusting someone else.

I've been leaning hybrid. Track my own simple indicators (yield curve, ISM, VIX structure) for general awareness, then cross reference with marketmodel's daily signal which uses a much bigger 30+ input model. When mine and theirs agree = high conviction. When they disagree = dig deeper.

For anyone managing six figures+, subscription cost is a rounding error. Smaller accounts, DIY might make more sense financially even if suboptimal.",Smooth_Vanilla4162,1774335923,2026-03-24 07:05:23,9,19,https://www.reddit.com/r/stocks/comments/1s26qk4/stock_market_signals_services_vs_building_your/,,False,Econ Daily,stock market
1s24y6a,stocks,It’s Crazy How Many People Still Believe in Trump’s Words,"Yesterday once again demonstrated just how much power and influence a single individual can wield over the stock market. If we’re being honest with ourselves, how much can we still truly believe what Trump says? Personally, I’m leaning toward zero.

That said, I’ve always believed that everyone is entitled to their own opinions. I’m not here to convince or convert anyone, and I have no intention of telling others what to think. In the end, it’s up to each of us to look at the facts, reflect, and form our own perspective.",Greedy_Ad4913,1774329482,2026-03-24 05:18:02,855,185,https://www.reddit.com/r/stocks/comments/1s24y6a/its_crazy_how_many_people_still_believe_in_trumps/,,False,Econ Daily,stock market
1s23p4n,stocks,North Korea has a stock market. And the government has no idea.,[removed],Training-Flight-4571,1774325360,2026-03-24 04:09:20,1,0,https://www.reddit.com/r/stocks/comments/1s23p4n/north_korea_has_a_stock_market_and_the_government/,Industry News,False,Econ Daily,stock market
1s226xn,stocks,"Stock market today: Dow, S&P 500, Nasdaq futures steady after relief rally on Trump's hint of Iran deescalation","Contracts linked to the S&P 500 ([ES=F](https://finance.yahoo.com/quote/ES=F)) and Dow Jones Industrial Average ([YM=F](https://finance.yahoo.com/quote/YM=F)) hovered just below the flatline, while Nasdaq 100 futures ([NQ=F](https://finance.yahoo.com/quote/NQ=F)) inched up 0.1%.

CBOT - Delayed Quote•USD  
[https://finance.yahoo.com/news/live/stock-market-today-dow-sp-500-nasdaq-futures-steady-after-relief-rally-on-trumps-hint-of-iran-deescalation-224729252.html/?err=1](https://finance.yahoo.com/news/live/stock-market-today-dow-sp-500-nasdaq-futures-steady-after-relief-rally-on-trumps-hint-of-iran-deescalation-224729252.html/?err=1)",Every-Actuator-6996,1774321016,2026-03-24 02:56:56,0,6,https://www.reddit.com/r/stocks/comments/1s226xn/stock_market_today_dow_sp_500_nasdaq_futures/,Company News,False,Econ Daily,stock market
1s1vupl,stocks,Help me understand TACO and stock trading psychology,"1. Trump says something and stocks fall, Trump says something else and stocks rally. I have to assume that most stock traders are smart enough to know that Trump lies constantly and are TACO trading. But for people to sell, it would mean that many traders don't think he's lying. How does this work? 

2. The news media reports that people are trading on what Trump said as if they are taking it at face value rather than playing the market. Which one of these are accurate? 

3. Bonus question: They often report, ""stocks fell today on news that..."" How do they know what the cause was? And isn't it often that traders are selling on the bet that other people are going to sell rather than thinking there is an actual loss of value? ",Every_Procedure_4171,1774305042,2026-03-23 22:30:42,0,38,https://www.reddit.com/r/stocks/comments/1s1vupl/help_me_understand_taco_and_stock_trading/,,False,Econ Daily,stock market
1s1tivk,stocks,Stock opportunities in Saudi Arabia?,I was just watching quest means business on CNN and it was showing Jeddah port is booming as goods that cannot get out though the Persian gulf are being transported across the Arabian desert are then shipped out via the Red Sea. By pure coincidence SA just opened up its stock market to international investors last month. Is anyone considering investing in alternatives like this or done any DD on the idea?,Ragdoll2023,1774299795,2026-03-23 21:03:15,0,24,https://www.reddit.com/r/stocks/comments/1s1tivk/stock_opportunities_in_saudi_arabia/,,False,Econ Daily,stock market
1s1s1uk,stocks,Volume in stock and oil futures surged minutes before Trump’s market-turning post,[removed],[deleted],1774296646,2026-03-23 20:10:46,1,1,,Industry News,False,Econ Daily,stock market
1s1kskd,stocks,Investing with a bias,"Given current world events I thought it would be good to discuss and remind folks of how world events generally will effect the market since I see tons of doom posting this morning.


I haven't been in the market too long (15 years), but one thing I can tell you is that the biggest mistake you can make is investing based on your bias, whether it be political or otherwise. Whether you believe the world is in a much worse place than it was a few years ago or you feel the market is more manipulated today than it used to be: that is your bias, the reality is there are tons of people that may feel opposite of you or don't even consider any of this when investing. If you spend any amount of time on Reddit you will enter this feedback loop where all your biases will be constantly reaffirmed: do not let this impact how you invest.


The world is fucked up today, but it has always been fucked up depending on what lens you are viewing the world through. Seeing all the turmoil in the world today and using that to predict the future of the stock market is not a novel thought, the turmoil truly does not matter to the market outside of short term fluctuations. Invest broadly and consistently for a long period of time and you will always win, the day when that is not true you will have much bigger problems than the performance of your portfolio.",OkBeat2138,1774281402,2026-03-23 15:56:42,21,15,https://www.reddit.com/r/stocks/comments/1s1kskd/investing_with_a_bias/,Advice,False,Econ Daily,stock market
1s1kmzx,stocks,Aren't we all confused?,"I think we can all agree that market volatility we see today is rather extreme. Its in part due to chaotic policies of Trump admin and in part due to market manipulation and insider trading. Not a good time for leveraged trades unless you are part of well informed and well connected. I wish there was a way to invest start ups and scale ups without crazy valuations, company barely making $1 Million a year valued $100 million and 80% will not exist in 3-5 years. Nasdaq avg company stock has x100 P/E ratio. And I am not fond of btc or  precious metals so at this point mostly just a spectator ",vagobond45,1774281068,2026-03-23 15:51:08,0,31,https://www.reddit.com/r/stocks/comments/1s1kmzx/arent_we_all_confused/,Broad market news,False,Econ Daily,stock market
1s1k69r,stocks,MU earnings beat by 35% and tanked 5%. Here's the dirty secret Wall Street isn't telling you.,"Look at MU  post-earnings action textbook ""buy the rumor, sell the news."" Revenue came in at $23.9B vs. $19.7B expected, EPS smashed at $12.20 vs. the $9.00 consensus, and Q3 guidance was an absolute monster at $33.5B vs. $23.7B. This wasn't just a beat, it was demolition. And what happened? Stock drops 5% after hours.

Most retail traders think it's institutions shaking out the little guys, but the reality is way messier. Micron's problem isn't the numbers it's that terrifying figure they dropped: $35 billion. $25B capex for FY2026, then another $10B+ for FY2027. Anyone who's followed memory cycles knows exactly what this means it's a classic prisoner's dilemma.

Samsung's expanding. SK Hynix is expanding. If Micron doesn't burn cash to keep up, they lose HBM market share to the Koreans. But if all three expand simultaneously, we get the same old story: oversupply in 2028  price collapse  margin cliff. That ""damned if you do, damned if you don't"" anxiety is what's really driving the selloff.

And don't even get me started on Micron's awkward spot in Nvidia's supply chain. Sure, they finally got into Vera Rubin, but SK Hynix still owns 70% of the HBM pie, and Micron's capacity is literally one-third of Samsung's. Nvidia brought them in to check SK Hynix's pricing power, not because they actually need them. If Micron's ramp falls behind, Nvidia can flip those orders to Korea overnight.

Then there's that 81% gross margin guidance sounds beautiful until you remember memory's golden rule: the higher they fly, the harder they fall. With the stock already up 62% YTD and 350% over 12 months, the market has priced in perfection. When expectations are this sky-high, anything less than ""absolutely legendary"" becomes a sell signal.

So institutions aren't shorting Micron's earnings they're shorting the sustainability of this memory arms race. That $35B bet either creates the next chip giant or drags Micron into the next cyclical abyss.

Curious what y'all think does this AI-driven cycle actually break the historical pattern? Or are we watching the same ""expand-and-crash"" script play out for 2028? If you're holding MU, what's your cost basis and what's your move here cut losses, double down, or diamond hands and pray for a bounce?",Good_Tap6905,1774280046,2026-03-23 15:34:06,0,6,https://www.reddit.com/r/stocks/comments/1s1k69r/mu_earnings_beat_by_35_and_tanked_5_heres_the/,Company Discussion,False,Econ Daily,stock market
1s1iu39,stocks,"Just before the market closed last Friday, I bought TER, SNDK, and TSLA; all three stocks rose by more than 5% today","Last Friday I used a stock screener that flagged these stocks as buys before the close. I looked into them myself, went ahead and bought, and now they’re already delivering solid gains

# 📊 Stock Portfolio Table

|Ticker|Company Name|Purchase Date|Purchase Timing|Current Return|
|:-|:-|:-|:-|:-|
|TER|Teradyne|Last Friday|Before market close|\+5% or higher|
|SNDK|Sandisk |Last Friday|Before market close|\+5% or higher|
|TSLA|Tesla|Last Friday|Before market close|\+5% or higher|",Happy-Acanthaceae372,1774277069,2026-03-23 14:44:29,0,16,https://www.reddit.com/r/stocks/comments/1s1iu39/just_before_the_market_closed_last_friday_i/,,False,Econ Daily,stock market
1s1hp3e,stocks,False stock market pump,"As many of us know, Trump is once again lying to the public. Iran announce that they did not talk or receive news of the withdrawal from him. 

Trump deliberately made the stock market go up base on that one tweet alone. 

I am unsure how the stock market will react later. Many believes it would lead to a bigger dip. 

",Sufficient-Award6291,1774274458,2026-03-23 14:00:58,353,228,https://www.reddit.com/r/stocks/comments/1s1hp3e/false_stock_market_pump/,,False,Econ Daily,stock market
1s1hfm3,stocks,Updated consideration for VRT at the current price,"I’m curious to people’s thoughts on VRT and where it is at the current price.  

VRT itself seems like an amazing foundation business especially in this current atmosphere, given that it serves as the “pick and shovel” of the AI industry.  Its cooling systems have been vital for the growth of many other big name tech stocks as well.  At the same time, VRT is also venturing into other AI and tech related fields as well in an effort to expand its business.  It had a great earnings on Feb 11, with beating estimates of 1.29 of EPS at 1.36, with 23% revenue growth and an expected 250% growth of new orders. 

Its stock price though has increased in this past year of 180% and 160% in the past five years.  Despite the recent overall market pull backs, VRT has not decreased that much.  In addition, it actually gives dividends as well despite it sort of is marketed as a growth stock.  It does have a high PE though of about 75-79.  

I’m curious to people’s thoughts on whether this stock would be good for long term growth.  I do worry if this is just a hype given it already has grown so much and given the high PE, but I imagine it has a pretty good moat.  

Is there a possibility of a significant pull back for a better entry price?  I just currently don’t see any potential catalysts for a dip so far…especially given how well it has survived the current Middle East war scare.  

I would love to hear people’s thoughts on this one.  Thanks! ",Embarrassed-Sea-6078,1774273856,2026-03-23 13:50:56,4,1,https://www.reddit.com/r/stocks/comments/1s1hfm3/updated_consideration_for_vrt_at_the_current_price/,Company Discussion,False,Econ Daily,stock market
1s1gcl8,stocks,My view on the future performance of Oracle stock,"I’ve been looking into Oracle lately, but I’m a bit unsure, so I’d like to hear what everyone else thinks.



Right now, I have mixed feelings about this stock:



On one hand

Cloud services are growing, AI investments are ramping up, and the business seems solid.



On the other hand

Spending is out of control, debt is significant, and the stock price has been under pressure.



The company is getting stronger, but the stock price isn’t reflecting that.



My own take is:



It might continue to be volatile in the short term,

but if growth stays on track in the medium term, a return to 200+ isn’t out of the question.



But the question is

Does the market simply not buy into its AI narrative,

or is it purely worried about its heavy spending?",Simple-Dimension8684,1774271207,2026-03-23 13:06:47,3,10,https://www.reddit.com/r/stocks/comments/1s1gcl8/my_view_on_the_future_performance_of_oracle_stock/,,False,Econ Daily,stock market
1s1fjii,stocks,"Stock market today: Dow, S&P 500, Nasdaq futures soar as Trump postpones Iran strike, citing 'very good' talks","US stocks rocketed higher on Monday, shaking off earlier losses as President Trump eased fears of an escalation in the Middle East war by postponing threatened strikes on Iran's power plants. Dow Jones Industrial Average futures ([YM=F](https://finance.yahoo.com/quote/YM=F)) surged 1.3%, or around 600 points, paring gains from a 1,000-point advance earlier. Futures on the S&P 500 ([ES=F](https://finance.yahoo.com/quote/ES=F)) and Nasdaq 100 ([NQ=F](https://finance.yahoo.com/quote/NQ=F)) also both jumped around 1.2%. [https://finance.yahoo.com/news/live/stock-market-today-dow-sp-500-nasdaq-futures-soar-as-trump-postpones-iran-strike-citing-very-good-talks-230122467.html](https://finance.yahoo.com/news/live/stock-market-today-dow-sp-500-nasdaq-futures-soar-as-trump-postpones-iran-strike-citing-very-good-talks-230122467.html)",Every-Actuator-6996,1774269110,2026-03-23 12:31:50,13,21,https://www.reddit.com/r/stocks/comments/1s1fjii/stock_market_today_dow_sp_500_nasdaq_futures_soar/,Resources,False,Econ Daily,stock market
1s1e2ap,stocks,LION - Update #4 - Position & Thesis,"With the drawdown of IRANIAN war and the false sell-off of LION heading into their poison pill expiration, MICHAEL release, later Hunger Games release, and debt buy down, I have increased my position to 275,000 shares (single investor).

Based on a 55% EV discount to WBD library value, we still price acquisition at $20-22 a shares for $LION.

  
We will be holding through June 15th before trimming. There was a sell-off in $LION last week which should never have happened but this is what happens when it gets tied up in $PSKY noise and overall market sentiment. This stock should gap up based on 7 years of following this company.

  
Reference: Last 2 posts related to $LION (685,000 shares at 5.85 and exited at 8) Re-entering higher on a much greater conviction.

  
[POSITION](https://postimg.cc/FkGtYs2H)",HunterMichael92,1774264759,2026-03-23 11:19:19,2,0,https://www.reddit.com/r/stocks/comments/1s1e2ap/lion_update_4_position_thesis/,Company News,False,Econ Daily,stock market
1s14lzu,stocks,Have to short the market.,"I have to short the market. To those who are playing small market cap or in a loss of more than 30%, please think twice. It could get worse. The market is going to look really messy with the wars happening between US and Iran. 

Dont be surprise to see if there is another 911 happening in US. Remember what that does to the stock market? 

Right now US want to bomb Iran power plant. Vice versa, Iran wants to bomb the Gulf energy and water in return. The retaliation will never end. And each attack will get worse and worse until one side cave in. Obviously US has the superior military prowness, but Iran is not stupid. They have brain as well. They most likely make a situation for both side have major losses instead. Winner gets nothing. 

We dont expect the conflict to end within days or mere months. 

I do hope it ends soon but clearly it won't. ",Sufficient-Award6291,1774232320,2026-03-23 02:18:40,0,54,https://www.reddit.com/r/stocks/comments/1s14lzu/have_to_short_the_market/,,False,Econ Daily,stock market
1s12roi,stocks,"Best Stock Picks to ""Ride The Wave"" of AI for the next few years?","Does anyone have any ideas on how to find top stock picks for riding the AI wave over the next few years? Obviously, I can go use one of the LLMs to search for names related to things like uranium and power. I want to ensure I pick up top picks of all time.

I have been using the following:

SumZero - Top Picks from smaller hedge funds  
Reddit - Random one-off ideas in small communities like this  
Facebook Groups - Again, more one off reseached ideas

The only other thing I have been thinking about is tracking more deeply what Hedge Funds are doing since they tend to outperform when there are serious market tailwinds... I mentioned in a comment before that I am using two places for that:

DataRoama (overall data)  
Insider Edges (portfolio specifics for hedge funds & stock picks)

Does anyone have any other stock research spots they like?

I am just looking for places people find stock recommendations... I am not planning to blindly follow randos on the internet. I am dumb, but not that dumb.

  
Edit: I said top stock picks of all time... LOL... just looking for places with ideas, I will do my own vetting.",doctorsauceboi,1774227325,2026-03-23 00:55:25,0,30,https://www.reddit.com/r/stocks/comments/1s12roi/best_stock_picks_to_ride_the_wave_of_ai_for_the/,,False,Econ Daily,stock market
1s12ks6,stocks,Fearing the future of US market,"Trump threaten to hit Iran power plant. 

Iran threaten back that they will hit Gulf Energy and Water. 

Let's say war is over because Iran surrenders now. 

What makes you think US or stock market still safe? 

There are 170 schoolgirls that got killed and 30,000 victims died from bomb as well. 

What makes you think not a single one of the parents or relatives would not try to cause a mayhem? 


",Sufficient-Award6291,1774226800,2026-03-23 00:46:40,0,34,https://www.reddit.com/r/stocks/comments/1s12ks6/fearing_the_future_of_us_market/,,False,Econ Daily,stock market
1s0x6du,stocks,How valuation changes the game,"I have seen many companies that are too undervalued but the market never gave them the right valuation. The only reason they are not having growth

Same time I have seen stocks with 20-35% growth in revenue & profits are getting 2 to 5 extra valuations than they deserve. 

The game actually lies in Growth+ management quality. 

It doesn't matter which sector you are buying but if the stock in that sector is having a solid growth market respect that guy and make you a hero. 

Till today every time Apple, Microsoft, meta whenever gone down by 20% always never left that opportunity to add. 

simple strategy 

1  Follow the growth stock

2. Wait till they correct more than 20%

3. start adding slowly ( add in 4-5 tranches) 

4. Keep doing research and diversify portfolios at least in 12-15 stocks. 

20% avg growth for 5 years transform 1 dollar into  2.5 dollar

if your investment today is 200k range and you are adding every year 30-40k then there is a huge chance you end up becoming a millionaire at the end of 7 years. The point is how effectively you manage your investment. 

AI is the future but that doesn't mean a traditional tech player is going to be out. There are too many resources hence they will transform their companies into AI supported companies. ",Useful-Formal-3130,1774213245,2026-03-22 21:00:45,1,3,https://www.reddit.com/r/stocks/comments/1s0x6du/how_valuation_changes_the_game/,,False,Econ Daily,stock market
1s0w545,stocks,"If 35x earnings felt wild for Costco, how are we supposed to feel about 50x?","I like to give some sort of knowledge or education but... I was checking into Costco's fundamentals and compared with their historical data and since 2024, Costco's stock price is just out of whack. 

1. 10% EPS growth for 3 years.
2. Exit at 35x PE (historical mean is 30x and a mature business).

Result: -10% CAGR.

Even if we look at the operating free cash flow which would grow at a 5% pace and an historical mean of 25x, again a negative return of 15%.

If we calculate owners earnings with a 5% growth rate than we become a market cap of $176b vs a current market cap of $431b. 

I mean, once again, some valuations in the stock market are just madness. This proves that the current irrationality is overblown. Businesses that are investing in AI with double the growth rate of Costco are trading at historical lows. No matter if those businesses are largely exposed or not. 

Crazy times. DO you feel me that I'm kind of thrilled to see this unfold in the future? I mean, there will be people who will lose a lot of money and on the other side, there will be people who will make a lot of money. Which end do you want to be?",JR-FlowCapGroup,1774210824,2026-03-22 20:20:24,282,118,https://www.reddit.com/r/stocks/comments/1s0w545/if_35x_earnings_felt_wild_for_costco_how_are_we/,,False,Econ Daily,stock market
1s0jes8,stocks,"My theory on why the stock market will always go up, and it has nothing to do with finance",[removed],meandjarvis,1774179521,2026-03-22 11:38:41,1,0,https://www.reddit.com/r/stocks/comments/1s0jes8/my_theory_on_why_the_stock_market_will_always_go/,,False,Econ Daily,stock market
1s0jejm,stocks,"When a stock moves within a parallel channel, experiencing both rallies and pullbacks, can this be considered a healthy market trend?",[removed],Confident_Pear2027,1774179495,2026-03-22 11:38:15,1,0,https://www.reddit.com/r/stocks/comments/1s0jejm/when_a_stock_moves_within_a_parallel_channel/,,False,Econ Daily,stock market
1s0hnx7,stocks,"Extremely new to stock market, just downloaded the Groww app and would like to invest Rs. 2000 somewhere for starters.",[removed],OkTreat7884,1774173275,2026-03-22 09:54:35,1,0,https://www.reddit.com/r/stocks/comments/1s0hnx7/extremely_new_to_stock_market_just_downloaded_the/,Resources,False,Econ Daily,stock market
1s0f70q,stocks,We're not paying enough attention to Anthropic adding $6 billion ARR In February,"This fact flew under the radar because all the attention is on war and oil. No one made a post about it. People are still not seeing AI stock growth potentials. AI stocks are still hugely under appreciated in terms of growth.

  
Anthropic added $6 billion ARR in February alone. ([Source](https://finance.yahoo.com/news/anthropic-arr-surges-19-billion-151028403.html)) February only had 28 days.

$6 billion is:

* 1x Palantir annual revenue
* 20x Figma
* 4.6x Snowflake
* 3.7x Atlassian
* 1.3x Intuit
* .25x Adobe
* .17x of SAP
* .14x of Salesforce

In a single short month, Anthropic added 1x Palantir annual revenue and 4.6x Snowflake. Think about this.

All reports indicate that Anthropic could have added a lot more but are severely compute constraint. All developers know this already because Clade Code goes down frequently because they don't have enough compute to serve demand.

Your most likely thought is, well they can make a lot of money but are they making a profit? They're not profitable but they are on the way.

Anthropic CEO has repeatedly said that their gross margins on inference is 50%+. OpenAI CEO has said the same thing. Independent token analysis confirms this: [https://martinalderson.com/posts/are-openai-and-anthropic-really-losing-money-on-inference/](https://martinalderson.com/posts/are-openai-and-anthropic-really-losing-money-on-inference/)

There are also a ton of small inference providers on OpenRouter, and they are most certainly not going to inference at a loss since market share doesn't matter for them. They need to make more money per token than they lose because they do not have billions in VC backing. 

So if they in such high demand, why can't Anthropic and OpenAI turn a profit? Because they don't need to yet. They're spending their money on the AGI race by training bigger, smarter models. Competition between OpenAI, Anthropic, Google, Meta, Chinese AI companies are intense.  

So how can they ever make a profit then? 

1. Inference revenue is outpacing training cost. This is happening now. In the past, training might have cost OpenAI/Anthropic 80% of their revenues. Today, it's a smaller and smaller pie as inference market explodes. Training is cost. Inference is profit. Inference profits need to grow faster than training costs and it is.
2. Many competitors will drop out. When competitors drop out, training costs do not need to rise as much. Given enough time, many tech fields are a natural monopoly or duopoly. Think Google search. Windows & MacOS. iOS and Android. Everyone expects foundational AI models to be a monopoly or duopoly because smaller competitors will not be able to come up with the compute to compete in training state of the art models.

There are a lot of wrong takes on AI on r/stocks. The goal posts keep moving. I've heard it all here:

* There is no demand or demand is ""fake"".
* AI is not useful or hallucinates too much.
* If AI is so useful, then where is the revenue?
* Ok, there is revenue, but where is the profit? <-- we are here





",Wonderful-Sail-1126,1774163731,2026-03-22 07:15:31,108,91,https://www.reddit.com/r/stocks/comments/1s0f70q/were_not_paying_enough_attention_to_anthropic/,,False,Econ Daily,stock market
1s08d8r,stocks,"Theoretically, what is the highest a stock's market cap can be?","I don't mean in a fictional sense, like if all the world's money went into one stock. What I do mean is, a couple years ago we had our first 1T company, then we had our first 5T company, so realistically, what is the ceiling?",givemeanappple,1774141878,2026-03-22 01:11:18,0,4,https://www.reddit.com/r/stocks/comments/1s08d8r/theoretically_what_is_the_highest_a_stocks_market/,Industry Question,False,Econ Daily,stock market
1s67xqs,politics,US recession odds rise as Iran war escalates,,FootballPizzaMan,1774722206,2026-03-28 18:23:26,232,48,https://www.newsweek.com/us-recession-odds-rise-as-iran-war-escalates-11751672,Paywall,False,Growth,recession
1s31jdf,politics,BlackRock boss Larry Fink: Oil at $150 will trigger global recession,,Borisstruc,1774414872,2026-03-25 05:01:12,29,19,https://www.bbc.com/news/articles/c9wqrdkx8ppo,Possible Paywall,False,Growth,recession
1s4h5kc,politics,Trump interrupts a Cabinet meeting dealing with the Iran war and rising prices to talk Sharpies,,gamersecret2,1774552984,2026-03-26 19:23:04,260,73,https://apnews.com/article/trump-cabinet-sharpie-pen-iran-war-153a483dc7fcb6c110c69a47481287ae,No Paywall,False,Inflation,rising prices
1s4a1x3,politics,"Postal Service Plans to Impose 8% Surcharge on Packages to Offset Rising Transportation Costs | The temporary price increase, which would take effect on April 26, comes amid a spike in fuel prices tied to the war in Iran.",,MystikSpiralx,1774537611,2026-03-26 15:06:51,55,12,https://www.nytimes.com/2026/03/25/us/politics/usps-surcharge-prices-fuel-iran.html,Possible Paywall,False,Inflation,rising prices
1s3pcxd,politics,Gillian Steward: Donald Trump’s hubris got us into this quagmire of rising prices,,phillygirllovesbagel,1774477300,2026-03-25 22:21:40,51,4,https://www.thestar.com/opinion/contributors/donald-trumps-hubris-got-us-into-this-quagmire-of-rising-prices/article_776c8243-61b5-4835-9952-27cc7986b396.html,No Paywall,False,Inflation,rising prices
1s3cfwi,politics,‘This is a dumb war’: Kinew links Iran conflict to rising gas prices,,TheWayToBeauty,1774449160,2026-03-25 14:32:40,1,1,https://www.cp24.com/news/world/2026/03/25/this-is-a-dumb-war-kinew-links-iran-conflict-to-rising-gas-prices/,Non-approved domain,False,Inflation,rising prices
1s0n42q,politics,"Iran war, rising gas prices fuel economic concerns; most say conflict not going well, don't want regime left in power, CBS News poll finds",,ClimateSociologist,1774189866,2026-03-22 14:31:06,0,7,https://www.cbsnews.com/news/opinion-poll-iran-war-regime-2028-03-22/,No Paywall,False,Inflation,rising prices
1s5bh1q,politics,Ballmer's USAFacts warns against politicizing data after Trump fires BLS chief over jobs report – GeekWire,,HotCan5,1774634044,2026-03-27 17:54:04,1,0,https://www.geekwire.com/2025/ballmers-usafacts-warns-against-politicizing-data-after-trump-fires-bls-chief-over-jobs-report/,Karma gated submission,False,Jobs & Economy,jobs report
1s0km4q,politics,"937 reactions · 1K shares | By today's standards, BARBARA JORDAN would have been called a Trump Supporter, especially with her immigration report insinuating ""They're Taking Black Jobs."" | Brian Whittle",,Natural_Stage4958,1774183270,2026-03-22 12:41:10,1,1,https://www.facebook.com/share/v/1DRq5Y7Xsk/,Non-approved domain,False,Jobs & Economy,jobs report
1s5e4xb,politics,"How long will the war last? No one knows, and it's making oil prices weird",,WouldbeWanderer,1774639891,2026-03-27 19:31:31,26,7,https://www.npr.org/2026/03/27/nx-s1-5757946/oil-iran-war-markets-uncertainty,No Paywall,False,Oil and energy,oil prices
1s3ef73,politics,"Stocks rally, oil prices fall after U.S. sends Iran a peace plan",[removed],mirage110-26,1774453527,2026-03-25 15:45:27,1,1,https://www.nbcnews.com/business/markets/stocks-oil-prices-us-iran-war-rcna265064,Disallowed Submission Type,False,Oil and energy,oil prices
1s1x5jq,politics,"Minutes before Trump's announcement, $800 million in trades made on oil prices",,goteamnick,1774308089,2026-03-23 23:21:29,26457,876,https://www.9news.com.au/world/donald-trump-iran-updates-oil-futures-trade-suspicious-betting-activity-usa-world-news/1061ef6b-5fef-401c-b469-98016ccdb9c3,No Paywall,False,Oil and energy,oil prices
1s12u54,politics,Trump administration lifts sanctions on Iranian oil at sea as prices soar,,ClimateSociologist,1774227513,2026-03-23 00:58:33,29,17,https://www.independent.co.uk/news/world/americas/us-politics/iran-war-trump-oil-sanctions-hormuz-b2943076.html,No Paywall,False,Oil and energy,oil prices
1s10p56,politics,Oil prices volatile after Trump's Strait of Hormuz threat,,thejoshwhite,1774221844,2026-03-22 23:24:04,64,9,https://www.axios.com/2026/03/22/iran-war-oil-trump-hormuz-strait-threat,Possible Paywall,False,Oil and energy,oil prices
1s0edwn,politics,"Donald Trump says oil prices could reach 250$ a barrel, your thoughts?",[removed],abrar880,1774160773,2026-03-22 06:26:13,1,1,https://www.globalbulletin.net/news/saudioilprices,Disallowed Submission Type,False,Oil and energy,oil prices
1s6adak,politics,Soaring gas prices and supply chain disruptions drive up costs across the economy,,FootballPizzaMan,1774728012,2026-03-28 20:00:12,149,27,https://www.pbs.org/newshour/economy/soaring-gas-prices-and-supply-chain-disruptions-drive-up-costs-across-the-economy,No Paywall,False,Oil and energy,gas prices
1s4jjw0,politics,The war in Iran was started to raise gas prices,,Bssublime82,1774558372,2026-03-26 20:52:52,1,1,http://Google.com,Not Appropriate,False,Oil and energy,gas prices
1s4jgw9,politics,The war in Iran was on purpose to raise gas prices,[removed],Bssublime82,1774558185,2026-03-26 20:49:45,1,1,http://Google.com,Disallowed Submission Type,False,Oil and energy,gas prices
1s490vy,politics,Trump EPA to ease restrictions on summer ethanol-blend sales as gas prices soar,,pyramidworld,1774535340,2026-03-26 14:29:00,12,11,https://tennesseelookout.com/2026/03/25/repub/trump-epa-to-ease-restrictions-on-summer-ethanol-blend-sales-as-gas-prices-soar/,No Paywall,False,Oil and energy,gas prices
1s490g3,politics,Trump EPA to ease restrictions on summer ethanol-blend sales as gas prices soar • Tennessee Lookout,[deleted],[deleted],1774535310,2026-03-26 14:28:30,1,1,,No Paywall,False,Oil and energy,gas prices
1s3sksh,politics,Warning signs flash red for Republicans as Iran war drives up gas prices and Florida district flips,,GregWilson23,1774485110,2026-03-26 00:31:50,175,34,https://apnews.com/article/trump-republicans-2026-midterms-iran-florida-loss-0354c2f58e7c75759aaafa8cca2cff5e,No Paywall,False,Oil and energy,gas prices
1s3mwer,politics,Trump EPA to ease restrictions on summer ethanol-blend sales as gas prices soar,,804Brady,1774471806,2026-03-25 20:50:06,24,8,https://iowacapitaldispatch.com/2026/03/25/repub/trump-epa-to-ease-restrictions-on-summer-ethanol-blend-sales-as-gas-prices-soar/,No Paywall,False,Oil and energy,gas prices
1s2qi17,politics,DCCC launches geotargeted digital ad campaign hitting GOP for gas prices,,FreeChickenDinner,1774386474,2026-03-24 21:07:54,39,4,https://www.cnbc.com/2026/03/24/dccc-ad-campaign-gas-prices-trump-2026-election.html,No Paywall,False,Oil and energy,gas prices
1s2nhff,politics,Senator Calls on CEOs to Take Pay Cut to Help Lower Gas Prices,,bloomberggovernment,1774379881,2026-03-24 19:18:01,80,27,https://news.bgov.com/bloomberg-government-news/senator-calls-on-ceos-to-take-pay-cut-to-help-lower-gas-prices,No Paywall,False,Oil and energy,gas prices
1s2hqlp,politics,Wright: We have a ‘few more levers’ to lower gas prices,,kootles10,1774367726,2026-03-24 15:55:26,6,19,https://thehill.com/homenews/administration/5798037-us-gas-prices-iran/,No Paywall,False,Oil and energy,gas prices
1s2cr90,politics,States mull suspending gas tax to cut prices. Is yours next?,,usatoday,1774356368,2026-03-24 12:46:08,0,37,https://www.usatoday.com/story/news/nation/2026/03/24/gas-prices-states-taxes-iran-war/89266040007/,No Paywall,False,Oil and energy,gas prices
1s0p1eo,politics,Spiking gas prices tied to Iran war are set to eat up tax refunds touted by Trump,,FootballPizzaMan,1774194454,2026-03-22 15:47:34,126,26,https://apnews.com/article/trump-tax-refunds-gas-prices-859494e746561a3343dcd57836c3dc83,No Paywall,False,Oil and energy,gas prices
1s3rm3f,politics,Trump Promised to Lower Energy Prices for Americans. He's Done the Exact Opposite,,_May26_,1774482669,2026-03-25 23:51:09,246,18,https://www.commondreams.org/news/energy-costs-rise-trump,No Paywall,False,Oil and energy,energy prices
1s0ziy8,politics,"New Polling: As Trump’s War Drives Up Energy Prices, Americans Call for Corporate Profiteering Crackdown",,_May26_,1774218923,2026-03-22 22:35:23,528,26,https://www.commondreams.org/newswire/new-polling-as-trumps-war-drives-up-energy-prices-americans-call-for-corporate-profiteering-crackdown,No Paywall,False,Oil and energy,energy prices
1s5gfpd,politics,Markets now see the Fed's next move as a potential rate hike as inflation fears mount,,Force_Hammer,1774645107,2026-03-27 20:58:27,53,11,https://www.cnbc.com/2026/03/27/markets-see-the-feds-next-move-as-a-potential-hike-as-oil-prices-inflation-fears-rise.html,No Paywall,False,Fed,Fed
1s5e73h,politics,What might trip up Kevin Warsh and his agenda as Fed chair,,Illustrious_Lie_954,1774640030,2026-03-27 19:33:50,5,6,https://www.cnbc.com/2026/03/27/analysis-what-might-trip-up-kevin-warsh-and-his-agenda-as-fed-chair.html?__source=androidappshare,No Paywall,False,Fed,Fed
1s47nim,politics,"Global forecasting group sees U.S. inflation at 4.2% this year, much higher than Fed estimate",,ArkhamIsComing2020,1774532116,2026-03-26 13:35:16,63,5,https://www.cnbc.com/2026/03/26/global-forecasting-group-sees-us-inflation-at-4point2percent-this-year-much-higher-than-fed-estimate.html,No Paywall,False,Fed,Fed
1s3nd1x,politics,'Who Won The 2020 Election?': Blumenthal Gets Very Fed Up Grilling Trump Judge Nominee,,redditmc12,1774472802,2026-03-25 21:06:42,1,1,https://youtu.be/2RuvZixWz0g?is=0KG4HxAxp6FmU7Jg,Non-approved domain,False,Fed,Fed
1s30e3d,politics,Prosecutor told judge no evidence existed to criminally pursue Powell over costly Fed renovations,,thejoshwhite,1774411297,2026-03-25 04:01:37,1,1,https://www.cnn.com/2026/03/24/business/powell-doj-fed-renovations-judge,Possible Paywall,False,Fed,Fed
1s2nira,politics,Prosecutor admits government lacks evidence of misconduct by Fed chair,,possiblecoin,1774379961,2026-03-24 19:19:21,179,13,https://www.washingtonpost.com/national-security/2026/03/24/powell-fed-chair-subpoena-prosecutor/,Possible Paywall,False,Fed,Fed
1s1jsm8,politics,Trump's long-running push to oust Powell could keep the Fed chair around for longer,,SnooAvocados2794,1774279215,2026-03-23 15:20:15,1,1,https://finance.yahoo.com/news/trumps-long-running-push-to-oust-powell-could-keep-the-fed-chair-around-for-longer-130039444.html,Non-approved domain,False,Fed,Fed
1s09ddj,politics,"Dow tumbles more than 750 points to new closing low for 2026, fueled by inflation woes; Fed holds steady on rates",,SterlingVII,1774144761,2026-03-22 01:59:21,1,1,https://www.cnbc.com/amp/2026/03/17/stock-market-today-live-updates.html,Not Appropriate: Live Updates,False,Fed,Fed
1s4qti6,politics,Jerome Powell Didn’t Ask for This Sh*t,,BulwarkOnline,1774576090,2026-03-27 01:48:10,90,24,https://www.thebulwark.com/p/fed-chair-jerome-powell-didnt-ask-for-this-sht-trump,Possible Paywall,False,Fed,Powell
1s3ljet,politics,Pirro deputy admits feds couldn’t find criminal evidence against Powell,,Alternative_Rate7474,1774468828,2026-03-25 20:00:28,70,13,https://thehill.com/homenews/administration/5799957-fed-chair-powell-no-evidence/,No Paywall,False,Fed,Powell
1s4bu28,politics,War with Iran drives US mortgage rates higher for fourth-straight week,,MystikSpiralx,1774541437,2026-03-26 16:10:37,96,11,https://www.cnn.com/2026/03/26/economy/mortgage-rates-us-housing-market-iran-war,Possible Paywall,False,Housing,mortgage rates
1s5c4fn,politics,"US-Iran war in numbers: Thousands dead, billions spent and global economy in crisis",,Odd_Equipment2867,1774635444,2026-03-27 18:17:24,144,26,https://www.the-independent.com/news/world/middle-east/iran-israel-us-war-death-toll-b2946282.html,No Paywall,False,Econ Daily,economy
1s59wqa,politics,This gay economist running for Congress in California makes his case on the economy,,Fickle-Ad5449,1774630750,2026-03-27 16:59:10,0,7,https://www.advocate.com/politics/election/brandon-riker-gay-economist-california,No Paywall,False,Econ Daily,economy
1s59g9s,politics,This gay economist running for Congress in California makes his case on the economy,,Fickle-Ad5449,1774629759,2026-03-27 16:42:39,0,6,https://www.advocate.com/politics/election/brandon-riker-gay-economist-california,No Paywall,False,Econ Daily,economy
1s4iru9,politics,‘Tone-deaf’: Trump’s GOP loses ground to Democrats on the economy,,Throwawayaccountdell,1774556607,2026-03-26 20:23:27,89,25,https://www.ms.now/news/trump-republicans-economy-iran-war-gas-prices,No Paywall,False,Econ Daily,economy
1s4fq14,politics,"Trump's war in Iran is costing the U.S. economy 10,000 jobs a month, Goldman Sachs says",,OkayButFoRealz,1774549819,2026-03-26 18:30:19,236,7,https://fortune.com/2026/03/26/trump-iran-war-oil-shock-jobs-goldman-sachs-gen-z/,Possible Paywall,False,Econ Daily,economy
1s4d5yw,politics,"War hits the global economy, with the OECD projecting 4.2% inflation in the U.S.",,Zipper222222,1774544357,2026-03-26 16:59:17,60,9,https://www.latimes.com/business/story/2026-03-26/war-hits-global-economy-with-oecd-projecting-4-2-inflation-in-u-s,Possible Paywall,False,Econ Daily,economy
1s3q4qa,politics,"The Billion-Dollar Divide: The Growing Conflict Between Wealth Tax Proposals and the ""Epic Fury"" Economy",[removed],FillIndependent,1774479102,2026-03-25 22:51:42,1,0,https://open.substack.com/pub/skybird2395/p/the-billion-dollar-divide-the-growing?utm_source=share&utm_medium=android&r=1fiew6,Karma gated submission,False,Econ Daily,economy
1s3kjy2,politics,Young women feel left behind under Trump’s economy,,19thnews,1774466671,2026-03-25 19:24:31,66,48,https://19thnews.org/2026/03/young-women-economy-trump/,No Paywall,False,Econ Daily,economy
1s3dajj,politics,Texas will require proof of legal immigration status to get professional licenses | Officials approved the change after hearing from speakers who argued it would hamper the state’s economy and push immigrants to work without licenses in the black market.,,SpaceElevatorMusic,1774451041,2026-03-25 15:04:01,7,6,https://www.texastribune.org/2026/03/24/texas-professional-licenses-proof-of-immigration-status-undocumented-tdlr/,No Paywall,False,Econ Daily,economy
1s3cvcn,politics,"Mark Zuckerberg and Jensen Huang are part of Trump’s new ‘tech panel’ | ﻿The council will advise Trump on AI, the economy, education, and national and homeland security.",,theverge,1774450117,2026-03-25 14:48:37,37,34,https://www.theverge.com/policy/900340/trump-tech-panel-mark-zuckerberg-jensen-huang,Possible Paywall,False,Econ Daily,economy
1s2su0a,politics,Trump Hits New Levels Of Unpopularity In Public Polling: ‘One survey has the public grading his handling of the economy worse than former President Joe Biden’,,T_Shurt,1774391752,2026-03-24 22:35:52,384,93,https://www.huffpost.com/entry/trump-hits-new-levels-of-unpopularity-in-public-polling_n_69c2e1bae4b0810704c2a717/amp,No Paywall,False,Econ Daily,economy
1s1tb11,politics,How Trump’s Iran War Could Torch the Global Economy,,newyorker,1774299331,2026-03-23 20:55:31,38,15,https://www.newyorker.com/news/the-financial-page/how-trumps-iran-war-could-torch-the-global-economy,Possible Paywall,False,Econ Daily,economy
1s1ktgj,politics,JD Vance versus JD Vance on the Iran war and the economy,[removed],[deleted],1774281453,2026-03-23 15:57:33,1,0,,New User Restricted Domains List,False,Econ Daily,economy
1s10fev,politics,Trump Job Approvals and The National Economy,,IRideMoreThanYou,1774221180,2026-03-22 23:13:00,1,1,https://americanresearchgroup.com/economy/#google_vignette,Non-approved domain,False,Econ Daily,economy
1s0qaa5,politics,‘The stakes are enormous’: how a prolonged Iran war could shock the global economy,,tw1st3d_m3nt4t,1774197359,2026-03-22 16:35:59,74,24,https://www.theguardian.com/news/ng-interactive/2026/mar/22/iran-war-global-economy-donald-trump-oil-prices-inflation,No Paywall,False,Econ Daily,economy
1s4a1j4,politics,Trump says oil and stock market reaction to Iran conflict not as severe as he expected,,Careful-Rent5779,1774537586,2026-03-26 15:06:26,1,53,https://www.cnbc.com/2026/03/26/trump-iran-war-oil-stocks.html,No Paywall,False,Econ Daily,stock market
1s3of8r,politics,3 factors have driven double-digit stock market losses in the last 100 years. They're all in play.,,SterlingVII,1774475158,2026-03-25 21:45:58,1,1,https://finance.yahoo.com/news/3-factors-have-driven-double-digit-stock-market-losses-in-the-last-100-years-theyre-all-in-play-100007909.html,Non-approved domain,False,Econ Daily,stock market
1s1m5ed,politics,Volume in stock and oil futures surged minutes before Trump’s market-turning post,,ThrowRa-zucchinizzc,1774284276,2026-03-23 16:44:36,57,15,https://www.cnbc.com/2026/03/23/volume-in-stock-and-oil-futures-surged-minutes-before-trumps-market-turning-post.html,No Paywall,False,Econ Daily,stock market
1s1lnjh,politics,"Trump has TACO-d again, this time in Iran, sparking a $1.7 trillion stock market rally in minutes, even as peace talks are in question",,FootballPizzaMan,1774283234,2026-03-23 16:27:14,2631,186,https://fortune.com/2026/03/23/trump-taco-iran-markets-rally-sp-500-crude-oil-peace-talks/,Possible Paywall,False,Econ Daily,stock market
1s09do3,politics,"Stock Market News, March 20, 2026: Stocks Suffer Fourth Straight Week of Declines",,SterlingVII,1774144785,2026-03-22 01:59:45,1,1,https://www.wsj.com/livecoverage/stock-market-today-dow-sp-500-nasdaq-03-20-2026?gaa_at=eafs&gaa_n=AWEtsqfEUuFHLtIowRvGF5RcA5GPkN2upf74qCcMEqf4mLgy9f9hQwM3nx6-B6Mpsdw%3D&gaa_ts=69bf506f&gaa_sig=m_el9pb4vaIZCUrmxXwEhDaNKpZLW55KS9jg71ny1yWcL66lV9MPQKb-u0yD6Wzh6rJj3EZ6aDoXcf0af8rcMQ%3D%3D,Not Appropriate: Live Updates,False,Econ Daily,stock market
1s08nlq,politics,Does anyone else feel new '48 hrs' Trump threat is straw that breaks the stock market's back?,[removed],Loud-Butterfly3426,1774142690,2026-03-22 01:24:50,1,0,https://www.bbc.com/news/live/ce84073mr06t,New User Restricted Domains List,False,Econ Daily,stock market
1s33u6d,news,BlackRock boss Larry Fink: Oil at $150 would trigger global recession,,himmy-You-8834,1774422851,2026-03-25 07:14:11,1062,182,https://www.bbc.com/news/articles/c9wqrdkx8ppo,Analysis/Opinion,False,Growth,recession
1s0fp0s,news,precious metals recession performance,,FewBoysenberry7666,1774165658,2026-03-22 07:47:38,1,0,https://s3.dualstack.us-east-2.amazonaws.com/ira.investing.reviews/silver-price-during-recession.html,,False,Growth,recession
1s4bzrp,news,"War in Iran Will Push U.S. Inflation Above 4 Percent, O.E.C.D. Forecast Says",,itsgoodpain,1774541780,2026-03-26 16:16:20,1,0,https://www.nytimes.com/2026/03/26/business/inflation-prices-energy-iran-oecd.html?smid=nytcore-ios-share,Reblogger/Paywalled,False,Inflation,inflation
1s48n8y,news,"War Will Push U.S. Inflation Above 4 Percent This Year, O.E.C.D. Says",,Majestic-Baby-3407,1774534479,2026-03-26 14:14:39,6266,237,https://www.nytimes.com/2026/03/26/business/inflation-prices-energy-iran-oecd.html?unlocked_article_code=1.WFA.phrK.BvHtbKwzR-o_&smid=url-share,,False,Inflation,inflation
1s3luls,news,UK inflation held at 3% before global energy price hit from Iran war,,doutorx999,1774469491,2026-03-25 20:11:31,91,2,https://www.theguardian.com/business/2026/mar/25/uk-inflation-rate-energy-price-jump-iran-war,,False,Inflation,inflation
1s3f966,news,America Has Two Inflation Rates — And You're Living in the Wrong One,,TimothyEParkerSr,1774455337,2026-03-25 16:15:37,1,0,https://newscorrections.com/article/america-has-two-inflation-rates-and-youre-living-in-the-wrong-one-tep,,False,Inflation,inflation
1s35cjh,news,UK inflation held at 3% before global energy price hit from Iran war,,BagCompetitive7696,1774428679,2026-03-25 08:51:19,11,3,https://www.theguardian.com/business/2026/mar/25/uk-inflation-rate-energy-price-jump-iran-war,,False,Inflation,inflation
1s330x4,news,UK manufacturers hit by sharpest rise in cost inflation since Black Wednesday in 1992,,BagCompetitive7696,1774419949,2026-03-25 06:25:49,40,12,https://www.theguardian.com/business/2026/mar/24/uk-manufacturers-rise-cost-inflation-pmi-oil-prices-iran-war,,False,Inflation,inflation
1s2ktbu,news,"US national debt soars to USD 39tn; Inflation, fiscal cliff & trust deficit on federal bonds spikes under Trump rule",,Yournewbestfriend_01,1774374240,2026-03-24 17:44:00,1,0,https://organiser.org/2026/03/24/345494/world/us-national-debt-soars-to-usd-39tn-inflation-fiscal-cliff-trust-deficit-on-federal-bonds-spikes-under-trump-rule/,,False,Inflation,inflation
1s2wosj,news,Prosecutor told judge no evidence existed to criminally pursue Powell over costly Fed renovations,,bluemitersaw,1774401130,2026-03-25 01:12:10,2618,101,https://www.cnn.com/2026/03/24/business/powell-doj-fed-renovations-judge,,False,Fed,Powell
1s528dg,news,A 'Fragile' US Housing Market Heads to Spring Season Under Tariff War Strains,,Inside_hint,1774613274,2026-03-27 12:07:54,1,0,https://insidehint.com/global-markets/fragile-us-housing-market-spring-season-tariff-war-strains/,,False,Housing,housing market
1s2hqvf,news,"Iran war starts to hit global economy, business surveys show",,Friendly-Maximum-544,1774367741,2026-03-24 15:55:41,12,9,https://www.channelnewsasia.com/business/iran-war-starts-hit-global-economy-business-surveys-show-6014151,,False,Econ Daily,economy
1s24l6k,news,Beyond Speed: How 5G-Advanced is Becoming the Nervous System of the AI Economy,,thetechnetinfo,1774328278,2026-03-24 04:57:58,1,0,https://thetechnetinfo.blogspot.com/2026/03/beyond-speed-how-5g-advanced-is.html,,False,Econ Daily,economy
1s1rlwd,news,Trump's aapproval rating on economy is worst this century—polling analyst,,FSL6929,1774295703,2026-03-23 19:55:03,1,0,https://www.newsweek.com/trumps-approval-rating-economy-worst-this-century-11722513,Reblogger/Paywalled,False,Econ Daily,economy
1s1ga31,news,"Attacks on Middle East energy sites deepen threat to US economy, analysts say",,STBJOHAN,1774271028,2026-03-23 13:03:48,21,11,https://abcnews.com/Business/attacks-middle-east-energy-sites-deepen-threat-us/story?id=131213656,Analysis/Opinion,False,Econ Daily,economy
1s0urgy,news,‘The stakes are enormous’: how a prolonged Iran war could shock the global economy,[removed],[deleted],1774207593,2026-03-22 19:26:33,1,0,,,False,Econ Daily,economy
1s4mfp0,news,"Stock market today: Dow, S&P 500 sink, Nasdaq enters correction territory as oil spikes amid Iran war",,PsychologicalEgg859,1774565045,2026-03-26 22:44:05,1,0,https://finance.yahoo.com/news/live/stock-market-today-dow-sp-500-sink-nasdaq-enters-correction-territory-as-oil-spikes-amid-iran-war-204857276.html,,False,Econ Daily,stock market
1s281xf,news,Volume in stock and oil futures surged minutes before Trump's market-turning post,,BirdSimilar10,1774340930,2026-03-24 08:28:50,1,1,https://www-cnbc-com.cdn.ampproject.org/v/s/www.cnbc.com/amp/2026/03/23/volume-in-stock-and-oil-futures-surged-minutes-before-trumps-market-turning-post.html?amp_js_v=0.1&amp_gsa=1#webview=1&cap=swipe,Avoid Mobile Sites,False,Econ Daily,stock market
1s1pg8f,news,Volume in stock and oil futures surged minutes before Trump's market-turning post,,NLegendOne,1774291126,2026-03-23 18:38:46,2656,121,https://www.cnbc.com/2026/03/23/volume-in-stock-and-oil-futures-surged-minutes-before-trumps-market-turning-post.html,,False,Econ Daily,stock market
1s1oyd0,news,North Korea Has A FULLY FUNCTIONING and ILLEGAL Stock Market. And the government has no idea.,,Training-Flight-4571,1774290070,2026-03-23 18:21:10,2,0,https://pricepoint1.substack.com/p/north-korea-has-a-stock-market-the,,False,Econ Daily,stock market
1s1obiq,news,Volume in stock and oil futures surged minutes before Trump’s market-turning post,,Spaceisveryhard,1774288743,2026-03-23 17:59:03,1,1,https://www.cnbc.com/2026/03/23/volume-in-stock-and-oil-futures-surged-minutes-before-trumps-market-turning-post.html,,False,Econ Daily,stock market
1s6asif,worldnews,Global recession incoming,,jameskimp,1774729012,2026-03-28 20:16:52,1,0,https://youtu.be/0GGxyIA6Yr0?si=Foc-Dex9LtDrR-3w,No Images/Videos,False,Growth,recession
1s5a0ub,worldnews,"Iran war threatens a global recession, Finland’s Stubb warns",,1-randomonium,1774630973,2026-03-27 17:02:53,350,51,https://www.politico.eu/article/iran-war-global-recession-finland-president-alexander-stubb/,,False,Growth,recession
1s2vjg2,worldnews,"Oil at $150 will trigger global recession, says boss of financial giant BlackRock",,Kagedeah,1774398167,2026-03-25 00:22:47,5279,513,https://www.bbc.co.uk/news/articles/c9wqrdkx8ppo,Dynamic Paywall,False,Growth,recession
1s48nzs,worldnews,"War Will Push U.S. Inflation Above 4 Percent This Year, O.E.C.D. Says",,Majestic-Baby-3407,1774534525,2026-03-26 14:15:25,12,2,https://www.nytimes.com/2026/03/26/business/inflation-prices-energy-iran-oecd.html?unlocked_article_code=1.WFA.phrK.BvHtbKwzR-o_&smid=url-share,Behind Soft Paywall,False,Inflation,inflation
1s3fadc,worldnews,America Has Two Inflation Rates — And You're Living in the Wrong One,,TimothyEParkerSr,1774455409,2026-03-25 16:16:49,1,1,https://newscorrections.com/article/america-has-two-inflation-rates-and-youre-living-in-the-wrong-one-tep,,False,Inflation,inflation
1s1blna,worldnews,China limits fuel price hike to cushion impact of rising oil prices,,invincibilegoldfish,1774256189,2026-03-23 08:56:29,1,0,https://www.reuters.com/world/asia-pacific/china-limits-fuel-price-hike-cushion-impact-rising-oil-prices-2026-03-23/,,False,Inflation,rising prices
1s1bhgk,worldnews,"Indian sugar mills rush export deals on record-low rupee, rising global prices",,Uchiha_Madara_Nipple,1774255725,2026-03-23 08:48:45,53,4,https://www.reuters.com/sustainability/climate-energy/indian-sugar-mills-rush-export-deals-record-low-rupee-rising-global-prices-2026-03-23/,,False,Inflation,rising prices
1s64mxz,worldnews,Argentina: Milei’s approval rating hits new low as unemployment rises,,hernannadal,1774714636,2026-03-28 16:17:16,145,29,https://www.batimes.com.ar/news/argentina/mileis-approval-rating-hits-new-low-as-argentinas-unemployment-rises.phtml,Opinion/Analysis,False,Jobs & Economy,unemployment
1s4g9s6,worldnews,Milei’s Approval Rating Hits New Low as Argentina Unemployment Rises,,chipacitoconpasas,1774551021,2026-03-26 18:50:21,297,37,https://www.bloomberg.com/news/articles/2026-03-26/milei-s-approval-rating-hits-new-low-as-argentina-unemployment-rises,Behind Soft Paywall,False,Jobs & Economy,unemployment
1s45ewr,worldnews,Argentina: Milei’s Approval Rating Hits New Low as Argentina Unemployment Rises,,hernannadal,1774526243,2026-03-26 11:57:23,65,8,https://www.bloomberg.com/news/articles/2026-03-26/milei-s-approval-rating-hits-new-low-as-argentina-unemployment-rises?taid=69c4fa81c8c42500014dd01f&utm_campaign=trueanthem&utm_content=business&utm_medium=social&utm_source=twitter,Behind Soft Paywall,False,Jobs & Economy,unemployment
1s5xtv2,worldnews,Oil prices surge past $118 on Hormuz shipping crisis,,patrickswazy31ahsh,1774697223,2026-03-28 11:27:03,516,138,https://themeridianews.com/article/oil-prices-surge-past-118-on-hormuz-shipping-crisis,Covered by Live Thread,False,Oil and energy,oil prices
1s3yzvp,worldnews,Oil prices rise 2% as Iran rejects direct U.S. talks despite proposal review,,Yournewbestfriend_01,1774503543,2026-03-26 05:39:03,159,15,https://www.cnbc.com/2026/03/26/oil-price-wti-brent-crude-iran-rejects-direct-us-trump-talks-hormuz.html,,False,Oil and energy,oil prices
1s2ys47,worldnews,Oil prices drop after reports of Trump peace plan; elite US airborne division reportedly headed to region | US-Israel war on Iran,,newtene,1774406632,2026-03-25 02:43:52,1,0,https://www.theguardian.com/world/live/2026/mar/24/iran-war-live-updates-trump-ursula-von-der-leyen-oil-prices-energy-crisis-israel-strikes,No Live Feeds,False,Oil and energy,oil prices
1s2yrjy,worldnews,Oil prices drop after reports of Trump peace plan; elite US airborne division reportedly headed to region,[removed],[deleted],1774406590,2026-03-25 02:43:10,1,0,,No Live Feeds,False,Oil and energy,oil prices
1s2vzy6,worldnews,Oil Prices Tumble Back Below $100 on Ceasefire Optimism,,EnergyEnthusiast,1774399357,2026-03-25 00:42:37,1,1,https://oilprice.com/Latest-Energy-News/World-News/Oil-Prices-Drop-Below-100-on-Ceasefire-Optimism.html,Read comment,False,Oil and energy,oil prices
1s1qisp,worldnews,Oil prices slide after Trump announces 'productive conversations' with Iran,[removed],[deleted],1774293384,2026-03-23 19:16:24,1,0,,Rehosted Content,False,Oil and energy,oil prices
1s1he0y,worldnews,Oil prices fall as Trump hails ‘productive’ conversations with Iran on an end to the war | CNN Business,,Little-Storage3955,1774273748,2026-03-23 13:49:08,0,42,https://www.cnn.com/2026/03/23/business/oil-prices-energy-shock-1970s-intl,,False,Oil and energy,oil prices
1s3ii33,worldnews,"India's poor turn to wood, coal as Iran war spikes gas prices",,ethereal3xp,1774462279,2026-03-25 18:11:19,93,19,https://www.asiafinancial.com/indias-poor-turn-to-wood-coal-as-iran-war-spikes-gas-prices,,False,Oil and energy,gas prices
1s2d7td,worldnews,A deal with Iran wouldn’t lower your gas prices anytime soon,,Goldenmentis,1774357537,2026-03-24 13:05:37,3,0,https://edition.cnn.com/2026/03/24/business/gas-prices-taco-trump-iran,Opinion/Analysis,False,Oil and energy,gas prices
1s1xwfp,worldnews,Iran War Shockwaves: How Exploding Gas Prices Helped Bury the Epstein Files in Plain Sight,,Vitabubo,1774309872,2026-03-23 23:51:12,1,0,https://motivexray.com/story/youre-right-to-be-suspicious-of-power-but-theres-n-mn3tvr5g,Not appropriate subreddit,False,Oil and energy,gas prices
1s15nxk,worldnews,US interest in electric vehicles surges as gas prices jump amid Iran war | Business,,Christian-Rep-Perisa,1774235299,2026-03-23 03:08:19,214,58,https://www.theguardian.com/business/2026/mar/21/us-gas-price-surge-iran-electric-cars,US internal news,False,Oil and energy,gas prices
1s0qwyy,worldnews,Spiking gas prices tied to Iran war are set to eat up tax refunds touted by Trump,,shadOw_notch,1774198806,2026-03-22 17:00:06,36,2,https://apnews.com/article/trump-tax-refunds-gas-prices-859494e746561a3343dcd57836c3dc83,US internal news,False,Oil and energy,gas prices
1s44chr,worldnews,"India has 60 days of crude oil stock, government says supply fully secured amid global tensions",,Working_Yesterday386,1774522945,2026-03-26 11:02:25,539,57,https://www.indiatoday.in/business/story/crude-oil-supply-fully-secured-india-has-60-days-of-stock-government-says-theres-no-supply-gap-2887361-2026-03-26,,False,Oil and energy,crude oil
1s1hd1t,worldnews,Brent Crude Oil Drops Below $100 as Trump Signals Positive Iran Talks. - Codyblog,,crystalbrando,1774273682,2026-03-23 13:48:02,1,0,https://codyblog.com/brent-crude-oil-drops-below-100-as-trump-signals-positive-iran-talks/,,False,Oil and energy,crude oil
1s2vhcd,worldnews,"Wall Street indexes fall on worries about Middle East war, interest rates",,monotvtv,1774398027,2026-03-25 00:20:27,69,13,https://www.reuters.com/business/us-stock-futures-dip-middle-east-uncertainty-tempers-relief-rally-2026-03-24/?utm_medium=Social&utm_source=Facebook,,False,Fed,interest rates
1s30v06,worldnews,North Korea Has A Stock Market. And The Government Doesn't Even Know.,,Training-Flight-4571,1774412708,2026-03-25 04:25:08,1,0,https://bit.ly/4rMc7Ax,No Redirect URLs,False,Econ Daily,stock market
1s2h09d,worldnews,"Stock market today: Dow, S&P 500, Nasdaq retreat after rally as Iran war drags on",,tech_ai_enthusiast,1774366171,2026-03-24 15:29:31,1,0,https://finance.yahoo.com/news/live/stock-market-today-dow-sp-500-nasdaq-retreat-after-rally-as-iran-war-drags-on-133207325.html?.tsrc=fin-notif,No Live Feeds,False,Econ Daily,stock market
1s1pf8d,worldnews,Volume in stock and oil futures surged minutes before Trump's market-turning post,,NLegendOne,1774291069,2026-03-23 18:37:49,1,1,https://www.cnbc.com/2026/03/23/volume-in-stock-and-oil-futures-surged-minutes-before-trumps-market-turning-post.html,US internal politics,False,Econ Daily,stock market
1s1m5xk,worldnews,"Trump's peace talks with Iran are in question, sparking a $1.7 trillion stock market rally in minutes | Fortune",,Nobita_0001,1774284305,2026-03-23 16:45:05,1,1,https://fortune.com/2026/03/23/trump-taco-iran-markets-rally-sp-500-crude-oil-peace-talks/,Behind Paywall,False,Econ Daily,stock market
1s1m2nl,worldnews,"Trump has TACO-d again, this time in Iran, sparking a $1.7 trillion stock market rally in minutes, even as peace talks are in question | Fortune",[removed],[deleted],1774284124,2026-03-23 16:42:04,1,1,,Behind Paywall,False,Econ Daily,stock market
1s1lzv4,worldnews,"Trump has TACO-d again, this time in Iran, sparking a $1.7 trillion stock market rally in minutes, even as peace talks are in question",[removed],[deleted],1774283964,2026-03-23 16:39:24,1,1,,Behind Paywall,False,Econ Daily,stock market
1s4e9tb,finance,"Twenty-five days in, the Iran war has become a global shock, scrambling energy markets, freezing central banks and raising the odds of recession.",The speed at which economic shocks are reverberating through the global economy is unprecedented in my lifetime. What is the best best case scenario for how this ends?,sayheykid24,1774546719,2026-03-26 17:38:39,3,4,https://thenewrecord.substack.com/p/the-price-of-epic-fury,,False,Growth,recession
1s5jh08,finance,"‘There is no silver lining in this trajectory’: Budget watchdog warns of financial, inflation, or currency crisis due to $39 trillion national debt",,Goldenmentis,1774652168,2026-03-27 22:56:08,1,1,https://fortune.com/2026/03/27/no-silver-lining-us-national-debt-cfrb-financial-inflation-currency-crisis-39-trillion/,,False,Inflation,inflation
1s2fqgw,finance,"Before Hiring, Have you done enough of the work yourself to truly recognise excellence when you see it?",[removed],JeffNelly_Official,1774363408,2026-03-24 14:43:28,1,0,https://i.redd.it/9jffuizd90rg1.png,,False,Jobs & Economy,hiring
1s2wuju,finance,"Today's KnowFi Brief: Oil Prices Surge, But Stocks Stay Cautious",,MikeyRobs,1774401536,2026-03-25 01:18:56,1,0,https://knowfi.io/brief,,False,Oil and energy,oil prices
1s5l2ql,finance,A Fed rate hike is now more likely in 2026 than a cut. How did we get here?,,Electrical-Space-398,1774656153,2026-03-28 00:02:33,113,63,https://i.redd.it/748ue4tlforg1.jpeg,,False,Fed,Fed
1s3gdxj,finance,"QT removed $2.14T from the Fed balance sheet — but $2.37T from ON RRP offset it (Net Liquidity dataset, 2003–2026)",,Low_Ability4450,1774457817,2026-03-25 16:56:57,1,0,https://i.redd.it/p6em420428rg1.jpeg,,False,Fed,Fed
1s1w7h2,finance,Volume in stock and oil futures surged minutes before Trump's market-turning post,this is what zero accountability looks like,DruidDog,1774305883,2026-03-23 22:44:43,43,1,https://www.cnbc.com/2026/03/23/volume-in-stock-and-oil-futures-surged-minutes-before-trumps-market-turning-post.html,,False,Econ Daily,stock market
1s2fkzd,investing,This Team Build Feels Way Too Advanced for a Typical Small-Cap Energy Name,"One thing I’ve learned over time is that you can often understand a company’s real direction by looking at *who they bring in*, not just what they say.

And with NXXT, the team they’re assembling is starting to look very intentional.

This isn’t just random hiring. You’ve got a mix of people coming from:

* Microsoft AI leadership background
* senior enterprise architecture roles with 20+ years of experience
* telecom-linked talent like Alex Gaber with connections to Verizon and AT&T

That’s a pretty unusual combination.

Because that kind of talent is typically used to building systems that are:

* large-scale and distributed
* data-driven and real-time
* highly reliable and always-on
* designed to integrate multiple layers into one platform

Now think about what NXXT is trying to do.

They’re not just operating in energy. They’re connecting:

* microgrids and distributed generation
* battery storage and load balancing
* fuel infrastructure for reliability
* EV charging networks
* grid interaction and demand optimization

And the goal is to bring all of that into a single AI-driven system.

That’s not just infrastructure.

That’s system orchestration.

And if you look at it that way, the hiring suddenly makes a lot more sense.

Because building something like that requires people who have experience with:

* platform design
* network-level coordination
* real-time optimization systems

Which is exactly what this team brings.

Feels like they’re not just scaling a business, they’re building the foundation for a much more complex system.

And usually, when the team starts looking like this, it’s because the ambition behind the company is bigger than it initially appears.",Kittykarryall,1774363055,2026-03-24 14:37:35,0,4,https://www.reddit.com/r/investing/comments/1s2fkzd/this_team_build_feels_way_too_advanced_for_a/,,False,Jobs & Economy,hiring
1s5fw5p,investing,Oil bounces over $108 and recently Congressmen sells Chevron (3/11) and Marathon (3/12). What does he know about Oil supply that we don't?,"David Taylor reports on 3/20 the sales 3/11 and 3/12.

* Does he need cash (low probability)
* Taking profits (could be)
* Is the Oil supply is about to increase and prices are about to fall (hmmm)

What could he know?

1. Opening the Straight of Hormuz would drop prices fast
2. Trump signaling ceasefire talks
3. Taylor sits on the Agricultural and Transportation Committees and both receive updates on commodity supply chains.

",Wegs1,1774643825,2026-03-27 20:37:05,99,50,https://www.reddit.com/r/investing/comments/1s5fw5p/oil_bounces_over_108_and_recently_congressmen/,,False,Oil and energy,oil prices
1s5bipa,investing,Trump’s Weekend Deal Push Is Already Moving Gas Before Anyone Signs,"The strangest part of the latest ceasefire trade is not that Trump is talking up a deal. It is that markets are being asked to price a framework that Iran still publicly says does not exist. That tension is the whole story. The White House is extending deadlines, pausing threats against energy infrastructure, and signaling that talks are “going very well,” while Tehran’s foreign minister insists there have been no negotiations and no plans for them. Even so, European gas has already started to respond, because traders do not need a signed treaty to revalue the odds of a fast de-escalation. They only need a credible enough chance that the risk premium on LNG, crude, refined products, and shipping can come off before the weekend is over. The bullish read from Washington is therefore not built on peace already achieved. It is built on a mechanism: a temporary framework, enough political cover for both sides to keep talking, and a path away from immediate energy disruption that can force positioning out of the trade before any formal settlement exists. That mechanism has been visible for days, and the sequence matters. On March 24, AP reported that the Trump administration had offered Iran a 15-point ceasefire framework while also sending more troops to the Middle East, a combination that reveals the administration’s method more clearly than any single statement could. The diplomacy is not floating in a vacuum; it is being backed by pressure. On March 25, AP reported Iran’s rejection of the U.S. ceasefire plan, with the foreign minister saying Tehran had not engaged in talks to end the war and did not plan negotiations. That public denial is the main counterweight to the White House’s optimism, and it keeps the current rally in de-escalation assets looking fragile. Yet on March 26 the White House extended the deadline for Iran talks to April 6, with Trump saying he was pausing destruction of energy plants for 10 days and that talks were going “very well.” AP also said the administration was watching mediation efforts by Pakistan, Egypt, and Turkey. That is the clearest signal that the talks are real enough to matter: a 10-day pause is not a settlement, but it is a bridge. It buys time for shuttle diplomacy, gives the White House room to claim progress, and gives markets a reason to unwind the most acute fear that energy infrastructure could be hit before a channel opens.

Trump’s public framing has been even more explicit than the deadline extension. On March 26, AP reported him saying Iran was “begging to make a deal,” a line that captures the White House’s preferred narrative: pressure is working, leverage is intact, and the other side is moving because it has to. That rhetoric remains unilateral until mirrored by Iranian language or mediator confirmation, but it still moves markets because it shapes the next trade. Traders do not require a formal agreement to reduce hedges; they need confidence that the probability of immediate disruption has fallen enough to justify cutting exposure. The administration’s apparent structure, as reflected in the corpus, is a phased framework: temporary pause, restraint around energy infrastructure, mediator shuttle diplomacy, then broader talks. That is why the April 6 deadline matters more than the public denial. It is the first hard checkpoint in a sequence that could turn a vague de-escalation narrative into something tradable. If weekend talks produce even a narrow understanding around process, the market will likely treat that as the first step toward lower supply risk, not as an all-clear. In this setup, the most important asset is not trust; it is time.

The clearest evidence that this is already a market story, not just a diplomatic one, comes from the energy tape. A Bloomberg-sourced market report published through EnergyConnects said European gas slipped on a report that Iran was ready to discuss ending the war. The same report noted that the crisis had not yet hit European physical supply because Qatari cargoes take about a month to arrive, while trading volumes in key gas markets hit records and open interest fell as positions were forced out. That combination is telling. When volumes surge and open interest drops, the market is not calmly repricing a long-term supply balance; it is forcing out crowded risk. That is exactly what a ceasefire headline can do. The first move comes from the prospect of less disruption, not from barrels or molecules physically returning to the system. For gas, that distinction is crucial. The physical lag means the immediate effect is mostly about expectations, shipping risk, and hedging behavior. If traders believe a framework can hold long enough to keep energy infrastructure intact, the risk premium can compress before any cargo actually changes course. The market is not waiting for a treaty because the market never waits for a treaty; it waits for a believable probability shift.

The bullish case is strengthened by history, but onl",MrCleanWindows87,1774634137,2026-03-27 17:55:37,0,22,https://www.reddit.com/r/investing/comments/1s5bipa/trumps_weekend_deal_push_is_already_moving_gas/,,False,Oil and energy,oil prices
1s5alyy,investing,Gold ETF Momentum Analysis,"Gold ETF Market Alert: Momentum -571 and RSI 35.7

A Gold ETF momentum of -571 paired with an RSI of 35.7 is an extreme and rare signal. This suggests the market is bracing for a potential credit crunch.

Liquidity Crisis Signs Typically, gold rises during war, but a crash to -571 momentum usually means cash has dried up. Institutions facing heavy losses in stocks or bonds are likely selling off gold to meet margin calls. In this Cash is King environment, gold is sacrificed for liquidity, just like at the start of the 2008 and 2020 crises.

Data Analysis Momentum at -571 shows the decline is accelerating exponentially, signaling that panic selling has reached an abnormal peak. While an RSI of 35.7 is near the oversold line, in a true credit crunch, this indicator can stay at the bottom for a while before any real recovery.

March 2026 Context The Iran war and oil shock are pushing corporate costs up and Treasury prices down. When safe havens like Treasuries and gold collapse together, it is a textbook liquidity warning. Investors are dumping everything to flee into the US Dollar.

Strategic Advice Avoid rushing to average down because the downward inertia is still too strong. Wait for a clear RSI golden cross before buying more. Keep a close eye on the Dollar Index (DXY). If it spikes, a credit crunch is confirmed, and even energy assets like NRGU could face temporary pressure. If the VIX is also surging, it is safer to hold cash rather than aggressive leveraged positions.

Ultimately, these numbers suggest the market is now more afraid of a total financial system paralysis than the war itself.",Mother_Tour6850,1774632199,2026-03-27 17:23:19,13,16,https://www.reddit.com/r/investing/comments/1s5alyy/gold_etf_momentum_analysis/,,False,Oil and energy,oil prices
1s56kxr,investing,"If you had £20k to invest, how would you do this today knowing what you know about the oil prices and the affects of the Iran war so far.",[removed],Astridwarrior,1774623663,2026-03-27 15:01:03,1,1,https://www.reddit.com/r/investing/comments/1s56kxr/if_you_had_20k_to_invest_how_would_you_do_this/,,False,Oil and energy,oil prices
1s4xixh,investing,"Oil Dips on Iran Pause, but Risk Premium Keeps Prices High","Oil pulled back a bit after Trump announced a 10-day pause on strikes against Iran’s energy sites.
That eased some pressure, but prices are still elevated since traders don’t believe the situation is anywhere near resolved. The risk premium is still very much in play.",Sanaa_24,1774597047,2026-03-27 07:37:27,6,6,https://www.reddit.com/r/investing/comments/1s4xixh/oil_dips_on_iran_pause_but_risk_premium_keeps/,,False,Oil and energy,oil prices
1s4nwar,investing,Suncor and Sulfur - Asymmetric opportunity,"All investments involve risk. The key to actually making money is to evaluate what both the upside and downside potential of things are and consistently position yourself into trades that have asymmetric upside potential. I think I found one of those. One that has every single upside in a market that is actively failing, and no downside that I can visibly see. (do due diligence yourself though, obviously)

# TL;DR: Suncor (SU) 75$ Jan 15 2027 Strikes: Bet the farm.

(Or just buy some stock)

(Quick note: prices are fluctuating hourly. Don’t ding things on small mismatches. I can’t keep up)

At its core, this thesis is about one stock. But it’s also about several stocks and the role they play, together, through the coming crisis. All built from one core element. Sulfur. 50% of which comes from one thing. Crude Oil.

It’ll take a while to get to the sulfur part. Just trust me.

What I see in Suncor is probably the most perfect setups I’ve ever seen in my life. This is not priced in. At all. But it’s important you know ***why*** you’re trading something. Because understanding that is critical to making money. And I also invite any challenges to my assertions here, because I'm having trouble finding the downside.

Also, everything in here can be gleamed from public documents. A lot of this information was derived from Suncor's own guidance, sensitivities, documentation, combined with international prices. Check it yourself. Lastly, this was originally written for other subs, got removed. Is what it is. Not trying to spam it, I just put a lot of effort into it and would like at least someone to read it.

Anyway, education first. This might be long, and it’s difficult to shorten. But I think this is important.

# Oil

Everyone has been looking at oil too broadly. Oil isn’t a single homogenous thing. Nor are its impacts felt uniformly throughout global commodity markets. Every oil well is different. Different composition. Different refinery. Different refinement process. Different byproducts. Different end product.

Shutting down the Strait of Hormuz didn’t just turn off oil. It turned off a \*specific kind\* of oil. And this is a timebomb working its way through the global commodity markets in a way that can’t be handwaved away. At this point, it can’t be mitigated. It is inevitable. The damage is done. And in the best case, this lasts months. More on this later.

First, I see a lot of people reference the price of WTI/Brent/Dubai as proof of futures manipulation, and the disparity between the paper and physical price of a barrel.

This is both right and wrong. The paper price is being manipulated (this is pretty obvious). But that is \*not\* the reason these things are different prices.

As I write this, WTI is $93/barrel. Dubai is $133.60/barrel.

That’s not because Dubai is trading physical barrels. That’s because Dubai is a different type of crude. And unlike most sweet crudes, **heavier crudes are NOT interchangeable.**

Refineries are built for certain types of oil. They can all process sweet light crude (with some yield loss). But heavy refineries are not interchangeable. Depending on refinery configuration and oil type, you get different end products: gasoline, diesel, jet fuel, naphtha, kerosene, fuel oil, bunkering fuel. These are fractionated products of a refined barrel.

WTI and Brent are “Light Sweet” crude... the easiest oil to refine at atmospheric distillation refineries, and primarily yields gasoline and naphtha. These refineries are the easiest to build, fastest to repair, and the most plentiful on the planet. These products are not the things in shortage right now.

The things in shortage are **diesel and jet fuel**. And the crude oil those come from is heavier, usually laden with sulfur, and processed in heavy refineries. These refineries require special equipment: hydrocrackers, hydrotreaters, cokers, vacuum distillation columns, hydrogen generation plants. None of this is cheap, fast to build, easy to repair, resistant to bombs, or tolerant of different crudes.

# So why is Kuwaiti heavy crude trading for $166/barrel while WCS is trading for $80/barrel?

Because you can’t put Canadian oil sands crude into another refinery without wrecking hundred-million-dollar catalysts and corroding the piping. These refineries were married to specific oil grades. You can blend certain crudes together with different properties to approximate what was lost... which is precisely why there is a price difference between the different barrels on the market right now.

What we have is a market that is silently screaming, desperately frankensteining oils to keep its refineries running. Just making straight bets on oil does not capture this. And the reason Trump’s tweets swing the market so much is because trading sweet light oil isnt trading the correct instrument

So let me tell you. Let’s talk about Suncor. And why it's probably underpriced.

# Suncor

Suncor is a vertically integrated driller, refiner, and ex",CODEX_LVL5,1774568567,2026-03-26 23:42:47,14,10,https://www.reddit.com/r/investing/comments/1s4nwar/suncor_and_sulfur_asymmetric_opportunity/,,False,Oil and energy,oil prices
1s4dtju,investing,The WAR Report: High Stock Market Volatility During the Wars in Afghanistan and Iraq,"This is just a couple of the most volatile dates from the past two wars we got into with Afghanistan and Iraq. Only days with – or + 2% volatility on the SPY are pulled.


October 10, 2001 Wednesday

DOW +2.1%, S&P + 2.3%, NASDAQ, +3.6%.


The first day with real movement related to war was 10/10/2000. At this point, the US had been striking Afghanistan for the past three days. Apparently, ''people are starting to get some level of comfort with the way we're handling it,'' said Stephen J. Massocca. It helped that the week before, Bush had proposed around $100 billion in emergency stimulus and spending related to the 9/11 attacks, and the market had been greatly depressed before it.


October 29, 2001 Monday

DOW -2.9%, S&P -2.4%, NASDAQ -3.9%


Just a few weeks later, there didn’t seem to be an end in sight for the conflict in Afghanistan. Concerns that it would be longer than expected and inhibit the recovery of the economy (still suffering from the dotcom fiasco). Of special note here is Boeing losing one of the largest military contracts in history (at the time), which dropped the company’s shares by -10.4%. The news headlines of the prior weekend had also been grisly, anthrax scares, rumors of additional conflict in Iraq, and nothing good coming out of Afghanistan. Consumer confidence and unemployment reports were scheduled later in the week, none of which were expected to be rosy.


Afghanistan got resolved pretty quickly and doesn’t seem to have caused too much trouble, Iraq on the other hand…


November 11, 2002 Monday

DOW -2.1%, S&P -2.1%, NASDAQ -3%


About a year after Iraq war rumors started circulating and the US economy being freshly out of the dotcom bubble crash, markets dived on 11/11 with news that American troops were likely to be deployed against Iraq. The Pentagon had just approved plans for an invasion of around 250,000 soldiers, if the United Nations should fail in the arms inspection efforts. Iraq and Saddam Hussein had until Friday to eliminate any weapons of mass destruction and open up their arms sites to inspectors. Considering WMDs were never found, he probably should have done it. No other major news was there to distract traders and the prior month had seen a rally so a sell off here seemed appropriate.


January 24, 2003 Friday

DOW -2.9%, S&P -2.9%, NASDAQ -3.3%


War with Iraq was now becoming imminent, the dollar sank about 1% against the euro, down 8.3% since December. Gold hit a six year high of $368. The problem didn’t seem to be war, but rather that the international coalition that the U.S. had hoped to build against Iraq was crumbling, many of it’s allies did not seem keen on getting involved. ''It's not the going to war. The problem is that we don't have the support of many other countries.'' Profit estimates getting slashed by a variety of companies like Microsoft, Intel, AT&T, and IBM helped the pessimistic atmosphere that day as well.



January 30, 2003 Thursday

DOW -2%, S&P -2.3%, NASDAQ -2.6%


Just under a week later the market slid again. The Commerce Department reported a slow pace of economic growth in the last quarter of 2002, though this dismal outcome was apparently expected. The primary concern seems to again be with Iraq. Most analysts did not expect the economy to rebound if an active war with Iraq were to breakout, especially while it was still uncertain how quickly it would be finished. AOL announcing a $44.9 billion loss that day could not have helped either.


March 10, 2003 Monday

DOW -2.2%, S&P -2.6%, NASDAQ -2.1%


The war with Iraq came back around again, with time as it became increasingly clear that major powers like France, Russia, and Germany would not be backing the U.S. in this conflict. This lack of international support seems to have increased the “risk” that a potential war would be wrapped up quickly. Further contributing factors were 308,000 jobs lost in February of ‘03.


March 13, 2003 Thursday

DOW +3.6%, S&P +3.5%, NASDAQ +4.8%


All it took for a boom during this time was a delay, agreed upon by the US, of using force to disarm Iraq. Both the U.S. and Britain were pushing the United Nations Security Council for a firm deadline for the disarmament of Iraq, with a war to follow if Iraq did not comply. Secretary of State Colin L. Powell said, however, that it might be better to go to war without a United Nations vote. Oil was reported to be at 12 year highs. A good amount of blame is placed on hedge funds, who had been very short leading up to 3/13. The market had greatly fallen the week before, so this sort of temporary good news seems to be all it took to get things going again.


March 17, 2003 Monday

DOW +3.6%, S&P 3.5%, NASDAQ +3.6%


Despite all the stress the prospect of a war with Iraq had caused, it seems that a decision to just do it is all it took to send markets up again. Why? Apparently uncertainty is what scared investors, not the idea of war. Memories of the last gulf war suggested a quick victory for the United ",InfoLib_,1774545745,2026-03-26 17:22:25,19,6,https://www.reddit.com/r/investing/comments/1s4dtju/the_war_report_high_stock_market_volatility/,,False,Oil and energy,oil prices
1s3zliy,investing,"Asian Markets Cautious as Iran Rules Out Direct Ceasefire Talks, Oil Rebounds","Asian markets are trending lower, and oil prices are rising due to the mixed signals on the Iranian ceasefire talks, with Iran stating that there are no direct talks yet and that it is still reviewing the U.S. proposal. Investors remain cautious due to the geopolitical risks and the rebound in oil prices",Sanaa_24,1774505639,2026-03-26 06:13:59,39,23,https://www.reddit.com/r/investing/comments/1s3zliy/asian_markets_cautious_as_iran_rules_out_direct/,,False,Oil and energy,oil prices
1s3kl25,investing,Iran Rejects Trump's 15 Point Plan: What's Your Next Move in the Market?,"# Trump Threatens 'Hell' on Iran After Peace Plan Rejection

• The White House has warned that President Trump is prepared to ""unleash hell"" on Iran after Tehran rejects a US peace plan.

• Iran has dismissed the US plan as ""excessive"" and issued its own conditions for ending the war, including an end to the US-Israeli conflict and reparations.

• Iranian state media released footage claiming to show a cruise missile attack on the USS Abraham Lincoln, which US military commanders have dismissed as ""pure fiction.""

• Despite the escalating rhetoric, stock markets rallied on hopes for an end to the Middle East conflict, and oil prices cooled.

Question: what's your next move to save your money?

Source: 

standard

co uk

/news/world/iran-war-donald-tump-peace-plan-us-aircraft-carrier-b1276476.html",Certain-Zucchini-293,1774466740,2026-03-25 19:25:40,1,5,https://www.reddit.com/r/investing/comments/1s3kl25/iran_rejects_trumps_15_point_plan_whats_your_next/,,False,Oil and energy,oil prices
1s3g8ty,investing,Should I skip my SEP IRA contribution this year and wait for the market to crash further before investing?,"Should I skip my SEP IRA contribution this year and wait to see how bad things get?



I'm 41, self-employed, and trying to figure out if I should contribute $40K to my SEP IRA right now or just wait and see how the next few months play out. Would love to hear from people with real experience, not just the standard always-contribute advice.



Here's where I'm at. My SEP IRA is worth about $260K and it's currently all in Franklin Templeton which is pretty heavy on tech and growth stocks. I have enough cash sitting around that the $40K contribution wouldn't hurt my emergency fund at all. I'm self-employed and my income is variable but I'm targeting somewhere around $300-400K this year.

My advisor wants me to make the $40K contribution to bring my total to $300K, then split it evenly across three funds: Franklin Templeton for aggressive growth, Capital Group Growth for more diversified global exposure, and JP Morgan Value as a defensive anchor. Her reasoning is that at 41 I'm young enough to stay growth oriented and that spreading across three different styles gives me some protection.

The problem is I just don't trust the advice right now. She gets paid based on how much I have under management so she's always going to push me to contribute more. That's just her incentive.

More importantly I don't think the market has bottomed yet. With the oil shock, the Strait of Hormuz situation, and everything going on geopolitically, I feel like we're still in the early stages of a bigger downturn. Putting $40K in right now feels like catching a falling knife.

What I'm thinking about doing is filing a tax extension and just waiting until September or October to decide. SEP IRA contributions can be made up to the extended filing deadline so I have time. If markets drop hard over the summer I can contribute at lower prices and still get the tax deduction. If things look really bad I can skip the year entirely and hold onto the cash.

A few things I'm genuinely curious about. Does waiting to contribute make sense or am I just kidding myself about being able to time this? Is the three fund split she's recommending actually solid for someone my age with my concerns about tech? And would you personally trust an AUM advisor to give you unbiased advice in a market like this one?

What would you actually do here?",ManRayGunClub,1774457508,2026-03-25 16:51:48,0,10,https://www.reddit.com/r/investing/comments/1s3g8ty/should_i_skip_my_sep_ira_contribution_this_year/,,False,Oil and energy,oil prices
1s3g2s6,investing,How I Think About Geopolitical Risk Without Trying to Time the Market,"1. Most headlines feel massive in the moment and completely forgettable a year later. I've stopped reacting to them.
2. But when oil prices actually move shipping routes change? That's your signal, it's not just noise.
3. The only question worth asking is: Does this directly affect what I'm holding? If no, do nothing.
4. Missing the 10 best market days wrecks your long-term returns more than almost any bad decision. Those days happen when everyone's panicking.
5. Small tweaks are fine. A little energy exposure, trim something that's overrun. But that's it.
6. Staying in the game during scary periods IS the strategy. Not a reassurance prize. the actual strategy.
7. Iran, Ukraine, whatever comes next, the framework doesn't change. Only the headlines do.",mahend72,1774457135,2026-03-25 16:45:35,0,7,https://www.reddit.com/r/investing/comments/1s3g2s6/how_i_think_about_geopolitical_risk_without/,,False,Oil and energy,oil prices
1s3bsg2,investing,Trump’s Iran endgame is stalling as the Gulf keeps charging for risk,"The sharpest signal in the Iran saga is not a battlefield headline or a presidential boast, but the fact that Washington has now sent a 15-point ceasefire proposal through Pakistan even as more U.S. troops move into the Middle East and the White House keeps insisting that “great progress” is being made. According to two Pakistani officials cited by AP, the proposal touches sanctions relief, nuclear rollback, missile limits, and reopening the Strait of Hormuz. That is the language of an ultimatum dressed up as diplomacy, not the clean finish line of a successful negotiation. It also reveals the administration’s dilemma: Trump wants an exit, but he wants it on terms that look like victory, and Iran understands that the longer the standoff lasts, the more leverage it can extract from the one asset that matters most to markets, the ability to make the Gulf feel unsafe. Traders do not need to know whether the talks are theater or genuine to price the risk; they only need to see that the outcome is still unresolved, the rhetoric is contradictory, and the chokepoint at the center of the dispute remains vulnerable.

That vulnerability is why the latest round of diplomacy is already being read as a market event rather than just a foreign-policy one. The central condition in AP’s reporting is not merely a ceasefire, but a reopening of Hormuz, which tells you what the market is really buying and selling here. The Strait is the transmission mechanism for crude, LNG, tanker traffic, and the wider logistics web that binds Gulf exporters to Asia and Europe. If a deal’s success depends on restoring transit, then the market is not pricing a normal negotiation over nuclear constraints; it is pricing the possibility that the world’s most important energy artery stays impaired long enough to keep freight, insurance, and spot prices distorted. That is the key distinction. A formal diplomatic framework can exist while the physical trade route remains fraught, and that gap is enough to keep risk premiums elevated. AP said Trump’s public claims of “great progress” have created confusion over goals that were already unclear, and that confusion itself becomes a cost. In a market already primed to hedge conflict, mixed messages from the White House do not calm prices; they extend the period in which nobody can confidently tell whether sanctions relief, military escalation, or a ceasefire is the base case.

The hard evidence that the market is already paying for this uncertainty arrived before the latest diplomatic theater. S&P Global Commodity Insights reported on March 2 that the Persian Gulf crude rate to China jumped to $62.07 a metric ton, up 35% in a single day and 461% from the start of the year, while AIS data showed only 26 vessels transited Hormuz on March 1, down from 91 on Feb. 28 and far below the February average of 135 per day. That is the kind of move that turns a geopolitical scare into a real economic input. It means the cost of moving oil has already surged, and it means the market is not waiting for a formal blockade to reprice the route. The National reported that war-risk surcharges and insurance costs are rising too, with Hapag-Lloyd introducing a surcharge for cargo to and from the Arabian Gulf as vessels increasingly avoided Hormuz. The significance goes beyond crude. Once carriers, insurers, and charterers start treating the Gulf as a higher-risk theater, the cost hits everything connected to the region’s trade system, from refined products to manufactured cargo. S&P Global Market Intelligence said on March 3 that the conflict is pushing supply networks toward airfreight and container rerouting, broadening the shock from an energy story into a logistics story. That is the bearish setup: even if barrels still flow, the friction around them can keep prices and margins under pressure.

The LNG market makes the danger broader still. S&P Global Energy reported on March 2 that Indian LNG buyers were watching Hormuz flows closely and that several LNG carriers were stuck in the region because of war-risk cover issues. That matters because LNG is not just another commodity lane; it is a fuel-switching tool for power systems and industrial users across Asia. If ships cannot move cleanly, buyers either pay up for spot cargoes, burn more expensive alternatives, or accept tighter supply. The market impact can therefore travel well beyond the Gulf itself. The National reported on March 1 that tanker attacks had occurred but core export infrastructure remained largely intact, which is exactly the kind of halfway disruption that can be more damaging to pricing than a single dramatic strike. There is no need for terminals to be destroyed for the shock to persist. A shipping-interdiction regime, even a partial one, can keep vessels away, raise insurance, delay deliveries, and force rerouting. That is why the market has been so quick to mark up freight and why the IEA and S&P framing from earlier March pointed to the possibilit",MrCleanWindows87,1774447705,2026-03-25 14:08:25,0,14,https://www.reddit.com/r/investing/comments/1s3bsg2/trumps_iran_endgame_is_stalling_as_the_gulf_keeps/,,False,Oil and energy,oil prices
1s3aktt,investing,What is the best way to bet on oil prices continuing to rise?,"I always have invested in simple mutual funds but have some extra cash to gamble with and strongly believe oil prices will continue to rise. What’s the best way to get this money in the market for a high return in the next few months? 

High risk strategy? Medium risk? 

Would it be to invest in BNO? Stocks like shell? An oil futures contract? ",bighoney69,1774444890,2026-03-25 13:21:30,0,20,https://www.reddit.com/r/investing/comments/1s3aktt/what_is_the_best_way_to_bet_on_oil_prices/,,False,Oil and energy,oil prices
1s393pe,investing,"Am I buying the dip? NO! The war in Iran is not close to being resolved and, even when eventually it is resolved, the consequences will be negative for a long time.","Is the war close to being resolved because the U.S. has asked Pakistan to give a 15-point point ultimatum to Iran? Well, consider the statement from Ebrahim Zolfaghari, spokesperson for the Khatam al-Anbiya ​Central Headquarters (Iran's main military command) said yesterday: ""Has the level of your inner struggle reached ‌the ⁠stage of you negotiating with yourself? You will see neither your investments in the region nor the former prices of energy and oil again, until you understand that stability in the region is guaranteed by the powerful hand of our armed forces."" Tehran's position is the U.S. must shut down its Gulf bases and pay reparations. This is not close to being resolved.

Even if you are more optimistic than me about ending the war, the consequences will not resolve quickly. It will take a while for petrochemical production to ramp up, it won't ramp up to pre-war levels for many years due to infrastructure damage and the costs of transporting oil will be much higher due to insurance risks for many years.

No, I am not buying the dip. The only investments I'm making are in stocks that will do well by delivering products that are alternatives to high petrochemical costs (e.g. CLNE which retails natural gas fuel as an alternative to diesel).",davida_usa,1774441120,2026-03-25 12:18:40,0,44,https://www.reddit.com/r/investing/comments/1s393pe/am_i_buying_the_dip_no_the_war_in_iran_is_not/,,False,Oil and energy,oil prices
1s1r1aq,investing,Iran War ceasefire ain't fixing oil prices,"Everyone's watching the Strait of Hormuz. That's not the real issue.

MST Financial's Saul Kavonic: even if the Strait reopened tomorrow, there's barely anything left to ship. You can reopen a shipping lane in days. Rebuilding energy infrastructure takes 3 to 5 years.

The strikes physically erased nearly a fifth of the world's gas supply. Not delayed. Gone.

IEA's Fatih Birol confirmed the 1970s shocks knocked 5 million barrels per day offline each. Current disruption: 11 million barrels per day. More than both 1970s shocks combined, and the war is still ongoing.

Trump announced a 5-day pause on strikes. Markets bounced. A pause doesn't rebuild a refinery. The infrastructure deficit doesn't care about the diplomatic calendar.

The repricing hasn't happened yet. When institutions figure out this is a multi-year supply hole with zero spare capacity buffer, oil goes up with or without a ceasefire.",Certain-Zucchini-293,1774294467,2026-03-23 19:34:27,530,220,https://www.reddit.com/r/investing/comments/1s1r1aq/iran_war_ceasefire_aint_fixing_oil_prices/,,False,Oil and energy,oil prices
1s1of0k,investing,"$3.8 trillion in 9 minutes, on a single caps lock post","This morning, Trump posted on Truth Social that the US and Iran have had ""very good and productive conversations,"" and suspended strikes on Iranian power plants for 5 days.

In 9 minutes, global markets surged nearly 4%.

$3.8 trillion in market value created in the time it takes to make a coffee. That's more than France's entire national debt.

Then Iran denied everything. ""No direct or indirect contact has taken place with Washington."" Tehran called Trump's announcement ""psychological warfare"" aimed at lowering energy prices.

Markets dropped sharply, though not all the way back down.

We're in the middle of a war, the Strait of Hormuz has been virtually shut for 3 weeks, oil is flirting with $100, and global markets just pivoted on a single all-caps post on a social media platform.

Reality keeps outdoing fiction.",NLegendOne,1774288935,2026-03-23 18:02:15,3562,332,https://www.reddit.com/r/investing/comments/1s1of0k/38_trillion_in_9_minutes_on_a_single_caps_lock/,,False,Oil and energy,oil prices
1s0fu9n,investing,Brace yourselves: trillions in market value could be wiped out overnight if Hormuz escalates,"The idea that Donald Trump could issue an ultimatum to Iran – “open the Strait of Hormuz in 48 hours or we’ll cut off your energy supply” – sounds like a script from a bad cowboy movie, not serious foreign policy. The problem is that Iran is not an extra in this story, but a country that has been trained for decades to survive under pressure and sanctions.

The assumption that Tehran will say “okay, here are the keys” to such an ultimatum is not only naive, but almost comically wrong. A more realistic response would be: closing the strait, attacking infrastructure in the Gulf and elegantly pushing oil prices into orbit. In other words, if anyone thinks this would be a quick victory – that is a dangerous illusion.

And then comes the economic part of the story. Markets do not like such “brilliant moves”. The combination of energy shock, panic and geopolitical chaos is not a recipe for prosperity, but for a stock market crash, inflation and a very likely recession. But hey, maybe it can be explained as “short-term volatility”, while fuel and food become luxuries.

Meanwhile, China and Russia can only sit back, watch and take notes. Nothing strengthens their positions like moves that destabilize the global order and push countries toward alternative alliances and markets. If the goal was to speed up a multipolar world - well done, mission accomplished.

And as for the American economy, it is already on rather shaky ground - huge debt, financialization and markets that often resemble a bubble more than a reflection of real production. Throw in a global energy shock? It's not a strategy, it's a test of the system's endurance.

All in all, this move doesn't seem like a show of strength, but a rather risky gamble with global consequences - with an air of confidence that would be impressive if it weren't so dangerous.

If such an attack were to occur, it is realistic to expect a dramatic decline in stock markets – not as a short-term correction, but as a serious shock that wipes out values overnight. In such a scenario, capital flees to safer assets, volatility explodes, and investor confidence evaporates faster than politicians can hold a press conference.

Of course, such a development becomes even more likely when key decisions are made by actors like Donald Trump in the US and the hard-line government in Israel, where short-term interests, a show of force, and domestic political points all too often seem to prevail over long-term stability and a rational assessment of the consequences. In such an environment, markets are not only under pressure – they become collateral victims of political adventurism.

",nickdu2206,1774166226,2026-03-22 07:57:06,0,7,https://www.reddit.com/r/investing/comments/1s0fu9n/brace_yourselves_trillions_in_market_value_could/,,False,Oil and energy,oil prices
1s1iyed,investing,The market is worse than the casino; one person's comment changes everything.,"I see the entire market is now depending on a tweet or a comment from Trump. Many know that the TACOs. But I wonder how others are dealing and what strategy they are using. 

Investing: It is a long-term transaction, which is actually this sub's main purpose. We all know that the gas prices have already increased, and the damage is already done.  

Is anyone hedging or managing their investments, IRAs, or HSA's? 

TBH, today my portfolio was red in the morning after opening, then green as I am typing. But I am going to hedge again because I think the war is not over yet. ",Dizzy_Maybe8225,1774277344,2026-03-23 14:49:04,255,149,https://www.reddit.com/r/investing/comments/1s1iyed/the_market_is_worse_than_the_casino_one_persons/,,False,Oil and energy,gas prices
1s1ekcs,investing,Stock Market kicks into higher gear as Iran's power plan strike was called off.,"* Trump made a statement this morning that the US and Iran have held talks on the ""complete and total resolution of hostilities"" in the Middle East.
* He has postponed threatened strikes on Iranian power plants.
* Brent crude has fallen 13% to about $96 a barrel.
* Gas prices have fallen from 159p a therm to about 139p.
* Having fallen more than 2% earlier, the FTSE 100 index is now up 0.5%,",Progress_8,1774266296,2026-03-23 11:44:56,280,176,https://www.reddit.com/r/investing/comments/1s1ekcs/stock_market_kicks_into_higher_gear_as_irans/,,False,Oil and energy,gas prices
1s0z95s,investing,"$Anna low float gas supplier stock with no shares left to borrow, crushed last earnings, way ahead of schedule on expansion/ramp, war going on in Europe, gas supply low and prices rising, next earnings a week away","So I don’t see a lot of people talking about this stock even after the massive jump the other day Friday. I believe the company is very intriguing and could move more especially if it gets attention. Small float of shares outstanding approx. 66.6 million compared to 9.4 million available to trade approx.

EARNINGS - revenue beat by 1631.36

Net income beat by 407.97

Net profit margin beat by 117.79

When buying pressure hits:

Not many shares available

Buyers compete → price spikes fast

\-Small-cap energy play (natural gas + renewable gas in Italy. Focused on natural gas exploration in Italy and sustainability initiatives, including the Longanesi field.

The field reached critical production milestones significantly faster than projected:

Start of Production: Gas production officially commenced on March 13, 2025.

Rapid Ramp-up: The facility achieved a stabilized production rate in just six weeks, which was well ahead of the anticipated three-month timeline for that milestone.

Full Output: By July 2025, the field had already reached its targeted maximum production rate for the entire year.

Daily Revenue: As of mid-2025, the field was generating over $100,000 in daily revenue net to AleAnna, aided by high Italian gas prices averaging approximately $13.50 per Mcf.

Quarterly Income: In the third quarter of 2025, sales from Longanesi generated $10.6 million in revenue, contributing to a net income of $5.3 million for the company during that period.

Year-to-Date Growth: Revenue from the field rose from $3.3 million in Q2 2025 to $10.6 million in Q3 2025 as production stabilized.

Profitability: The field enabled AleAnna to report its second consecutive profitable quarter in late 2025, with $6.3 million in EBITDA and $8.9 million in cash from operations for Q3 alone.

\- Early / development-stage → not consistently profitable

Yet they destroyed last earnings by a lot revenue up 1631.36 net income 407.97 net profit 117.97.

The ongoing war in Europe benefits $Anna hugely

\+47% increase in proved natural gas reserves (2025 report)

Expanding fields in Italy (Longanesi, Gradizza, etc.)

Middle East tensions + potential LNG disruptions

Reports of:

Strikes affecting Qatar LNG facilities

Threats/blockade around Strait of Hormuz

Europe already has low gas storage (\~30%)

Company is tied to Europe replacing Russian gas

Italy wants domestic supply → AleAnna fits that narrative

👉 This gives it a strategic narrative boost, especially politically.

Gas prices spike → all gas producers benefit

Europe scrambles for supply → local producers (like AleAnna) become more valuable

Stock recently rallied on gas price spikes

Overall this stock could key word could push alot higher Monday and through next earnings around March 30th. Also given how limited shares there really are and how volatile it can be especially if traders pile in",XShadesXOfficial,1774218240,2026-03-22 22:24:00,0,12,https://www.reddit.com/r/investing/comments/1s0z95s/anna_low_float_gas_supplier_stock_with_no_shares/,,False,Oil and energy,gas prices
1s0r750,investing,"$Anna low float gas supplier stock with no shares left to borrow, crushed last earnings, way ahead of schedule on expansion/ramp, war going on in Europe, gas supply low and prices rising, next earnings a week away","So I don’t see a lot of people talking about this stock even after the massive jump the other day Friday. I believe the company is very intriguing and could move more especially if it gets attention. Small float of shares outstanding approx. 66.6 million compared to 9.4 million available to trade.

When buying pressure hits:

Not many shares available

Buyers compete → price spikes fast

\-Small-cap energy play (natural gas + renewable gas in Italy. Focused on natural gas exploration in Italy and sustainability initiatives, including the Longanesi field.

The field reached critical production milestones significantly faster than projected:

Start of Production: Gas production officially commenced on March 13, 2025.

Rapid Ramp-up: The facility achieved a stabilized production rate in just six weeks, which was well ahead of the anticipated three-month timeline for that milestone.

Full Output: By July 2025, the field had already reached its targeted maximum production rate for the entire year.

Daily Revenue: As of mid-2025, the field was generating over $100,000 in daily revenue net to AleAnna, aided by high Italian gas prices averaging approximately $13.50 per Mcf.

Quarterly Income: In the third quarter of 2025, sales from Longanesi generated $10.6 million in revenue, contributing to a net income of $5.3 million for the company during that period.

Year-to-Date Growth: Revenue from the field rose from $3.3 million in Q2 2025 to $10.6 million in Q3 2025 as production stabilized.

Profitability: The field enabled AleAnna to report its second consecutive profitable quarter in late 2025, with $6.3 million in EBITDA and $8.9 million in cash from operations for Q3 alone.

\- Early / development-stage → not consistently profitable

Yet they destroyed last earnings by a lot revenue up 1631.36 net income 407.97 net profit 117.97.

The ongoing war in Europe benefits $Anna hugely

\+47% increase in proved natural gas reserves (2025 report)

Expanding fields in Italy (Longanesi, Gradizza, etc.)

Middle East tensions + potential LNG disruptions

Reports of:

Strikes affecting Qatar LNG facilities

Threats/blockade around Strait of Hormuz

Europe already has low gas storage (\~30%)

Company is tied to Europe replacing Russian gas

Italy wants domestic supply → AleAnna fits that narrative

👉 This gives it a strategic narrative boost, especially politically.

Gas prices spike → all gas producers benefit

Europe scrambles for supply → local producers (like AleAnna) become more valuable

Stock recently rallied on gas price spikes

Overall this stock could key word could push alot higher Monday and through next earnings around March 30th. Also given how limited shares there really are and how volatile it can be especially if traders pile in",XShadesXOfficial,1774199437,2026-03-22 17:10:37,5,3,https://www.reddit.com/r/investing/comments/1s0r750/anna_low_float_gas_supplier_stock_with_no_shares/,,False,Oil and energy,gas prices
1s5mrd7,investing,Institutional De-risking Report: COT Data and Probability Models show heavy Distribution in Equities vs. Record Inflows in 2Y Treasuries 📊,"Hi everyone. I’ve processed this week's close by cross-referencing three core metrics from my analysis model: **Statistical Momentum** (Z-Score), **Institutional Net Flow** (Commitment of Traders - COT), and **Machine Learning Probability Models**.

The data points to a massive ""Flight to Quality."" Here is the full asset-by-asset breakdown:

**1. S&P 500**

* **Momentum:** BUY (Velocity: 0.120)
* **COT Flow:** REVERSAL 🔽. Institutional hedgers dropped -8,374 contracts.
* **ML Model:** Short Probability rising to 65.7% (+13.9% change).
* **Summary:** Critical divergence. Price is trending up, but commercial volume indicates smart money is selling into strength. Distribution phase detected.

**2. NASDAQ 100**

* **Momentum:** BUY (Z-Score: 1.35)
* **COT Flow:** NEUTRAL 🔽. Net outflow of -9,933 contracts.
* **ML Model:** Short Probability at 59.7%.
* **Summary:** Bullish inertia remains, but institutional ""fuel"" is depleting. Smart money is withdrawing.

**3. DOW JONES**

* **Momentum:** BUY (Z-Score: -0.98).
* **COT Flow:** NEUTRAL 🔽. Outflow of -2,425 contracts.
* **ML Model:** Short Probability at 30.2% (Bullish Bias).
* **Summary:** Most stable index currently, though commercial flow is starting to show early exit signs.

**4. RUSSELL 2000**

* **Momentum:** NEUTRAL (Velocity: -0.001).
* **COT Flow:** NEUTRAL 🔽. Leak of -11,259 contracts.
* **ML Model:** Short Probability rising to 55.3%.
* **Summary:** Price remains directionless, but ML bearish conviction is increasing.

**5. NIKKEI 225**

* **Momentum:** NEUTRAL (Bearish velocity: -0.370).
* **COT Flow:** REVERSAL 🔽. Outflow of -1,537 contracts.
* **ML Model:** Extreme bearish conviction at 81.6%.
* **Summary:** Heavy institutional selling pressure in the Japanese sector.

**6. BITCOIN**

* **Momentum:** REVERSAL (Z-Score: -3.04). Statistical exhaustion.
* **COT Flow:** NEUTRAL 🔽. Slight outflow of -818 contracts.
* **ML Model:** Short Probability at 58.2%.
* **Summary:** Deep statistical capitulation, but lacking institutional volume to confirm a bottom.

**7. DOLLAR INDEX (DXY)**

* **Momentum:** BUY (Velocity: 0.073).
* **COT Flow:** REVERSAL 🔼. +1,646 contracts.
* **ML Model:** Short Probability at 75.8% (Model Divergence).
* **Summary:** Price and flow confirm strength, though the model suggests we are approaching a local top.

**8. EURO (EUR/USD)**

* **Momentum:** NEUTRAL (Z-Score: -0.25).
* **COT Flow:** REVERSAL 🔽. Net outflow of -6,598 contracts.
* **ML Model:** Short Probability at 62.9%.
* **Summary:** Institutional bias is clearly tilted against the Euro.

**9. JAPANESE YEN (JPY)**

* **Momentum:** NEUTRAL (Z-Score: -1.68).
* **COT Flow:** NEUTRAL 🔽. Outflow of -5,811 contracts.
* **ML Model:** Short Probability at 59.4%.
* **Summary:** Statistically cheap but institutional flow remains negative.

**10. BRITISH POUND (GBP)**

* **Momentum:** SELL (Velocity: -0.019).
* **COT Flow:** REVERSAL 🔼. Slight inflow of +1,495 contracts.
* **ML Model:** Short Probability at 55.2%.

**11. CANADIAN DOLLAR (CAD)**

* **Momentum:** BUY (Z-Score: 1.29).
* **COT Flow:** NEUTRAL 🔽. Outflow of -3,939 contracts.
* **ML Model:** Short Probability at 62.3%.
* **Summary:** Upward price momentum being met by smart money exit.

**12. GOLD**

* **Momentum:** NEUTRAL (Z-Score: 1.73 - Overextended).
* **COT Flow:** NEUTRAL 🔽. Outflow of -4,382 contracts.
* **ML Model:** Short Probability at 52.6%.
* **Summary:** Entering a pause and profit-taking phase.

**13. SILVER**

* **Momentum:** SELL (Velocity: -0.020).
* **COT Flow:** NEUTRAL. Minimal change.
* **ML Model:** Short Probability at 68.2%.

**14. COPPER**

* **Momentum:** NEUTRAL (Z-Score: -0.34).
* **COT Flow:** REVERSAL 🔼. Accumulation of +13,160 contracts.
* **Summary:** Clear rotation. Copper is the only industrial metal showing real buying interest.

**15. WTI CRUDE OIL**

* **Momentum:** NEUTRAL (Z-Score: 0.59).
* **COT Flow:** SELL 🔼. Long liquidations (+5,773 contracts).
* **ML Model:** Short Probability at 52.8%.

**16. NATURAL GAS**

* **Momentum:** NEUTRAL (Velocity: 0.003).
* **COT Flow:** NEUTRAL 🔽. Outflow of -6,855 contracts.

**17. US 2Y TREASURY BONDS**

* **Momentum:** BUY (Z-Score: 2.29).
* **COT Flow:** REVERSAL 🔼. Massive inflow of **+392,374 contracts**.
* **Summary:** The strongest signal of the week. Smart money is fleeing risk assets for short-term debt protection.

**18. US 10Y TREASURY BONDS**

* **Momentum:** NEUTRAL (Z-Score: -0.98).
* **COT Flow:** REVERSAL 🔽. Outflow of -46,847 contracts.
* **Summary:** Rotation from the long end to the short end of the curve (2Y).

**19. CORN**

* **Momentum:** SELL (Z-Score: -2.68 - Panic).
* **COT Flow:** SELL 🔽. Outflow of -49,644 contracts.
* **ML Model:** Bearish conviction at 78.9%.
* **Summary:** Total capitulation. No signs of a floor.

**20. WHEAT**

* **Momentum:** SELL (Z-Score: -2.72).
* **COT Flow:** NEUTRAL 🔽. Outflow of -1,667 contracts.
* **ML Model:** Short Probability at 66.4%.

**21. COFFEE**

* **Momentum:** SELL (Bearish veloci",MongooseTough2838,1774660639,2026-03-28 01:17:19,0,2,https://www.reddit.com/r/investing/comments/1s5mrd7/institutional_derisking_report_cot_data_and/,,False,Oil and energy,crude oil
1s28rgu,investing,"Crude Oil Reprices Headlines, but Refinery Stress Keeps Inflation Risk Alive","Source: [Crude Oil Reprices Headlines, but Refinery Stress Keeps Inflation Risk Alive | Investing.com](https://www.investing.com/analysis/crude-oil-reprices-headlines-but-refinery-stress-keeps-inflation-risk-alive-200677151)  

Crude is reacting to headlines.  
But inflation isn’t being priced there.

The real pressure is building downstream. Refining capacity is tight, jet fuel in Asia is trading above 200, and transport costs are starting to reprice the system.This is where inflation actually transmits.

From the cost of turning it into usable energy.

Price can stabilize. Costs can still rise.",LMtrades,1774343699,2026-03-24 09:14:59,3,4,https://www.reddit.com/r/investing/comments/1s28rgu/crude_oil_reprices_headlines_but_refinery_stress/,,False,Oil and energy,crude oil
1s4g18k,investing,"Track real time legislation, lobbying, SEC filings, macro, geopolitical events, weather anomalies, central bank head & world leader statements, Fed balance, and much more to make informed investments",[removed],thecaveslapaz,1774550490,2026-03-26 18:41:30,1,1,https://www.reddit.com/r/investing/comments/1s4g18k/track_real_time_legislation_lobbying_sec_filings/,,False,Fed,Fed
1s4fsmx,investing,Gut check on tax loss harvest,"Need a quick gut check that this all makes sense.

Left my FA in January to go on my own. Sold all positions in a 15+ fund portfolio to move self-managed 80/20 VTI/VXUS. Put the 1.3% advisor fee and 0.3% ETF fees back into my pocket.

I incurred $44k in realized gains with the liquidation. Estimated tax payment is due before 4/15 - roughly $13k between Fed & State. Don't need to liquidate any more positions to pay this, I have had it off to the side in cash.

Current unrealized losses on the year so far are $12,500.

I want to liquidate the VTI to move to FSKAX and liquidate the VXUX to move to FTIHX – are these “substantially identical”? Seems like not even the IRS knows.

Turn off DRIP to avoid wash rule.

Turn my $44k realized gains into $31.5k. Submit estimated tax payment on only $31.5k now.

If the market continues on it’s downward trajectory, wait until I can lock in another decently large loss to switch back to VTI/VXUS (after 31+ days), in hopes of recouping some (or all) of the estimated tax payment with my refund during tax season next year.

All makes sense? Am I missing anything?",markprice211,1774549971,2026-03-26 18:32:51,4,23,https://www.reddit.com/r/investing/comments/1s4fsmx/gut_check_on_tax_loss_harvest/,,False,Fed,Fed
1s4c32s,investing,Does QT actually reduce liquidity?,"I might be wrong here but QT this time feels weird. Fed balance sheet is down ~2T since 2022, so you'd expect liquidity to tighten a lot.

But if you look at it as: balance sheet - TGA - RRP, it kinda doesn’t look like it dropped that much? Last time (2017–2019) it hit way harder and we got repo stress. This time it feels like something offset it.

Now RRP is basically gone so idk what happens next. Maybe QT starts to matter more. I put some of the data here if anyone wants to check:
https://eco3min.fr/en/net-liquidity-index-dataset/

Curious if I’m missing something obvious.",Low_Ability4450,1774541984,2026-03-26 16:19:44,2,3,https://www.reddit.com/r/investing/comments/1s4c32s/does_qt_actually_reduce_liquidity/,,False,Fed,Fed
1s3339q,investing,Stocks and American millionaires,"Stocks have become a primary source of wealth for new American millionaires. As we all know however, the valuations today (based on marginal price of shares) are at an all time high. Some may even say we are in a bubble. What is going to sustain or undermine this high valuation (ignoring unexpected events)? How fragile or resilient is this new wealth? Can this path to wealth be replicated by younger generations?

Paywalled article and excerpts:

[https://www.wsj.com/economy/wealthy-americans-us-economy-dba0d26a](https://www.wsj.com/economy/wealthy-americans-us-economy-dba0d26a)

>The number of Americans worth tens of millions and hundreds of millions of dollars has boomed in the past few decades, thanks to a rising stock market, lucrative private investments and swelling valuations for small and midsize businesses. There are about 430,000 U.S. households worth $30 million or more, according to an analysis of Federal Reserve data by Zidar. This growing class is now a huge force in the economy, driving the demand for everything from lavish hotel rooms to private jet travel.  
  
Over the past few decades, the growth in the number of very rich households has surpassed general population growth. There are more very rich people in large part because their wealth has grown much faster than everyone else's. Even adjusted for inflation, the wealth of the top 0.1% of households has grown more than 13-fold over the past 50 years, according to Realtime Inequality, a tracker developed by economists Emmanuel Saez, a professor at the University of California, Berkeley, and Gabriel Zucman, a professor at the Paris School of Economics.  
  
Over time, though, the very wealthy have amassed more wealth, in part because they own the kinds of assets that have risen particularly dramatically. They have a lot of stocks, in some cases because they are top employees of publicly traded companies paid partially in shares. Many also own stakes in private businesses. For the top 0.1%, nearly 72% of their wealth is made up of corporate equities, mutual fund shares and private businesses, according to the Fed. The S&P 500 has more than tripled in the past decade. And many private businesses have seen valuations rise, too.  
  
Baby boomers collectively have far more wealth than any other living generation. That is largely because they bought homes and stocks decades ago and are benefiting from the long run-up in the values of those assets. About two-thirds of households worth $30 million and up are headed by boomers, according to an analysis of Fed data by Zidar.  
  
Because there are so many more multimillionaires, products and services that cater to this group are also booming. Hermès, Brunello Cucinelli and Ferrari all recently reported strong sales from the richest customers, while some companies that target the merely well-off are facing flagging demand. Since the start of the pandemic, demand has picked up for the most expensive homes and the highest-end travel. Overall flights on business jets and turboprops are flat from a few years ago, but flights taken on these kinds of planes with fractional ownership, like NetJets, that appeal to the multimillionaire class are up markedly.",kktvMIN,1774420167,2026-03-25 06:29:27,0,11,https://www.reddit.com/r/investing/comments/1s3339q/stocks_and_american_millionaires/,,False,Fed,Fed
1s2nd7w,investing,"I built a 9-agent AI investment committee, the debate every stock sequentially - each analyst reads all previous report before writing their own","For the past few weeks I've been building an AI-powered investment research tool. Here's how it works and what I learned.

**The problem I wanted to solve**

Asking a single AI ""should I buy XYZ?"" gives you a vague, overly optimistic answer. There's no adversarial pressure, no one challenging the bull case.

**What I built?**

A sequential committee of 9 specialized AI analysts. Each one reads every previous report before writing their own - so later agents can challenge earlier ones. 

The pipeline:

1. **Data Scout** \- live web search for current price, EPS vs consensus, analyst targets, breaking news
2. **Macro Strategist** \- Fed policy, business cycle, sector vs index
3. **Data Hunter** \- P/E, EV/EBITDA, FCF yield, ROIC, insider ownership
4. **Sentiment Analyst** \- short interest, 13F changes, insider transactions
5. **The Bear** \- hardwired to find reasons NOT to buy
6. **The Chartist** \- MA20/50/200, RSI, MFI, Fibonacci levels, entry point
7. **Devil's Advocate** \- attacks blind spots in every previous report
8. **The CIO** \- reads all 7 analysts, delivers verdict + 1–10 scorecard across 5 dimensions
9. **Portfolio Manager** \- position sizing, DCA tranches with specific prices, stop loss, two targets

**What surprised me**

The Bear and Devi's Advocate improve output quality. Without adversarial agents, the committee was too bullish. Forcing two agents to attack the thesis surface risks I wouldn't have thought to ask about. 

**Technical aspects**

* single HTML file, runs in the browser
* Anthropic API (Haiku for 7 agents, Sonnet fora CIO and Devil's Advocate)
* Live web search via Anthropic's web search tool
* Privacy - no sever, no data leaves your device
* \~$ 0.10 per full analysis 

**Is it worth building a tool like this? Do you guys use anything similar?**",marwkaw,1774379637,2026-03-24 19:13:57,0,29,https://www.reddit.com/r/investing/comments/1s2nd7w/i_built_a_9agent_ai_investment_committee_the/,,False,Fed,Fed
1s1t9wa,investing,"Prediction markets are the killer app of this cycle, and we aren't talking about it enough.","Forget NFTs. Forget the metaverse. Prediction markets are where the actual real-world utility and fun are happening right now.

Think about it: betting on real-world events or specific price action is vastly superior to staring at a 1-minute candle and drawing triangles on a chart. You are putting money on the line based on your understanding of macroeconomics, politics, or pop culture. It leverages the ""wisdom of the crowd"" in a way that traditional polling fundamentally fails to do. When people have financial skin in the game, they vote with their brain, not their bias.

Polymarket obviously paved the way, and I love what they've done. But the friction for the average retail guy is still too high. Bridging USDC to Polygon, managing a separate Web3 wallet, keeping track of MATIC for gas-it's annoying when you just want to make a quick $50 bet on whether the Fed will cut rates on Wednesday.

That's why centralized integrations are going to win this sector. I've been using the prediction setup directly on BitMart this past week, and it’s become my guilty pleasure. No bridging, no gas fees, just direct bets straight from my main account balance. It’s binary, it’s liquid, and it’s completely changing how I hedge my portfolio. Anyone else addicted to these yet?",its__Angelina,1774299260,2026-03-23 20:54:20,0,16,https://www.reddit.com/r/investing/comments/1s1t9wa/prediction_markets_are_the_killer_app_of_this/,,False,Fed,Fed
1s1kaww,investing,20 year retirement goal. Continue investing in stocks or buy a house?,"I’m 30M with a goal of retirement in 20 years. Currently have \~340k invested in a few 401k’s, Roth IRA, taxable brokerage, and a little bit of BTC. Most of my investments are either VOO/VTI and VXUS, and target date funds for my 401ks. I currently invest about $2500 per month into the market across these accounts. 

Given that I have a goal of retiring by 50, I’m trying to figure out whether I should be prioritizing purchasing a house and paying it down, or just continuing to invest in the market.

If I do not purchase a house, I imagine that housing expenses will be the single largest expense I have in retirement, and if rent prices keep rising, this may cause a problem for my retirement goals.

If I do buy a house, I’ll need to sell a large majority of the holdings in my taxable account, and will essentially have no liquid money besides what’s in my retirement accounts. While my retirement accounts will continue to grow, I won’t be able to access them until 60 - ten years after I intend to retire. I’m worried about not having enough money to get me through those ten years, and having to continue to work.

Just looking to get the thoughts of this community on my predicament, thanks all!",boaza,1774280329,2026-03-23 15:38:49,5,15,https://www.reddit.com/r/investing/comments/1s1kaww/20_year_retirement_goal_continue_investing_in/,,False,Housing,housing market
1s5cbrp,investing,"Copper stocks 2026 -- The supply deficit is real, here's the full breakdown and which names are worth watching across the market cap spectrum","The copper supply story has been building for years but 2026 is when the numbers actually force the issue. This is my attempt at a comprehensive breakdown -- covering the macro, the major names, the ETFs, and one small-cap operator that keeps coming up in my research.



The macro case in brief

The International Copper Study Group revised its 2026 outlook from surplus to a 150,000-ton refined copper deficit. Primary mine production is growing at just 0.9% this year. Three major disruptions are driving that: Grasberg in Indonesia remains severely constrained following a mudslide that forced force majeure declarations, Kamoa-Kakula was hit by seismic flooding affecting over 70% of production capacity, and Cobre Panama has been offline since late 2023 with no clear restart timeline.



Meanwhile demand continues to compound. AI data center buildout is creating a new inelastic copper demand layer -- Wood Mackenzie describes it as inelastic because copper represents a tiny fraction of total data center project budgets, meaning developers absorb the cost rather than substitute. EV infrastructure, grid modernization, and renewable energy deployment are adding to what was already a structurally tight market.



JP Morgan projects LME copper averaging $12,500/ton in Q2 2026. Goldman is more conservative at $10,000-$11,000 for the full year. The range itself tells you something -- there is genuine uncertainty, which in copper typically resolves to the upside when supply disruptions persist.



The major liquid names

• Freeport-McMoRan (FCX) -- most direct large-cap play. Operates Grasberg, which is also the source of its near-term headwind. Long-term reserve base is irreplaceable.

• Southern Copper (SCCO) -- largest copper reserves in the industry, $15B+ capital investment program through the decade, mostly Peru and Mexico.

• BHP -- copper exposure inside a diversified miner. Cleaner for those who want commodity upside with more balance sheet protection.

• Teck Resources (TECK) -- increasingly a pure copper story following its coal asset divestiture, with QB2 ramping in Chile.

• ETFs: COPX (Global X Copper Miners ETF) for diversified miner exposure; CPER (United States Copper Index Fund) for physical commodity tracking.

 

Where the secondary market comes in

Here's what most copper discussions miss: the ICSG data shows recycled copper production growing at 6% in 2026 versus 0.9% for primary mine output. As primary supply tightens, secondary processors become strategically more important -- and their input cost doesn't move with ore grades.



The one small-cap name worth knowing in this space is One and One Green Technologies (NASDAQ: $YDDL). They process electronic waste into copper alloy ingots at a facility in the Philippines, and they hold the only Philippine government license to import and process hazardous e-waste -- a regulatory moat that took years to build and is backed by the Basel Convention.



H1 2025 numbers (unaudited): revenue $28.1M (+50.7% YoY), net income $3.8M (+59.5% YoY), EPS $0.0736, gross margins \~25.3%, zero debt. Copper ingot revenue in H1 2025 was $18.5M -- up from $8.2M in H1 2024, a 126% increase. Recent contract activity: $39M in H2 2025 customer contracts with copper alloy at 71% of value, a $17M purchase order from a Japanese buyer for up to 16,000 MT of electronic assemblies, and a first European supply agreement signed in February 2026. In November 2025 alone, the company secured $7.7M in new contracts -- 634,000 kg of copper ingots and 764,000 kg of aluminum -- giving a useful window into monthly revenue cadence. The most recent announcement (March 5, 2026): completion of a processing technology upgrade at San Rafael targeting PCB recycling, with PCB capacity up 30%, gold and silver extraction efficiency improved 15-20%, and expected gross margin improvement of 8-12% on materials processed through the upgraded line. Market cap \~$440M, trading around $8.10 with a 52-week range of $3.61 to $8.89 -- the stock has more than doubled off its lows. P/E is currently 69.95, which reflects growth expectations rather than current earnings scale. Not a replacement for FCX or SCCO in a portfolio, but a genuinely different exposure angle within the same copper thesis -- pure secondary supply, zero mine risk.



The risks across the board

• Macro: if China's economy disappoints, copper demand forecasts collapse fast.

• Tariff risk: any new tariffs on copper or copper-heavy goods could reshape global trade flows.

• YDDL specifically: small and thinly traded, H1 financials are unaudited, and Philippine regulatory exclusivity could eventually be extended to other operators.

 

This isn't a call to pile into any single name. It's a framework for thinking about copper exposure in 2026 across different parts of the market. Happy to go deeper on any piece of this in the comments.



Not financial advice.",pussy_protectorrr,1774635901,2026-03-27 18:25:01,3,0,https://www.reddit.com/r/investing/comments/1s5cbrp/copper_stocks_2026_the_supply_deficit_is_real/,,False,Econ Daily,economy
1s58g44,investing,Curious to hear perspectives from people who follow or invest in the creator economy space.,[removed],New-Combination9409,1774627654,2026-03-27 16:07:34,1,1,https://www.reddit.com/r/investing/comments/1s58g44/curious_to_hear_perspectives_from_people_who/,,False,Econ Daily,economy
1s56ngg,investing,Thinking of getting back in the market now,"I had sold most of my holdings (mostly SPY500, QQQ) a few months back as the orange baboon was threatening the whole world and crashing the US economy, and now we're about 8% down from the ATH...

I was waiting for about 10% to get back in the market, so thinking about this now

What's the hivemind thoughts on this? Do you think the oil and economy crisis is far from over, of it's going to hover around current values?",oulipo,1774623812,2026-03-27 15:03:32,0,65,https://www.reddit.com/r/investing/comments/1s56ngg/thinking_of_getting_back_in_the_market_now/,,False,Econ Daily,economy
1s4ma7a,investing,"With the economy down fall, I wonder what would be a good short term investment right now to take advantage of.",[removed],Green-Moose3381,1774564683,2026-03-26 22:38:03,1,1,https://www.reddit.com/r/investing/comments/1s4ma7a/with_the_economy_down_fall_i_wonder_what_would_be/,,False,Econ Daily,economy
1s4hbs7,investing,Which stock sectors will recover first when this war ends?,"The war with Iran has affected the market big time.

But all wars end.

When this one ends and the world economy claws out of the rubble, who do you think recovers first?

Or do you think this is the end of the current stock market system?

Personally I think that, with the cost oil oil and LNG going up, that energy and defensive stocks will remain the winners in 2026, as we drift to recession by 2027. ",Bossanova12345,1774553372,2026-03-26 19:29:32,101,98,https://www.reddit.com/r/investing/comments/1s4hbs7/which_stock_sectors_will_recover_first_when_this/,,False,Econ Daily,economy
1s2t5ns,investing,Where should I put my money to protect against inflation short-term?,"I live in the US and earn in USD and save about $1.5k to $2k a month. I don't trust Trump to not fuck up the economy any more so I want to have the peace of mind that I won't lose a lot of value. 

I will need this money at the beginning of December so I don't want to invest in something that will potentially be down by a lot in December because I can't just ride out the lows.

Is gold my best option? Or is there something better?",joshua0005,1774392516,2026-03-24 22:48:36,15,50,https://www.reddit.com/r/investing/comments/1s2t5ns/where_should_i_put_my_money_to_protect_against/,,False,Econ Daily,economy
1s23w15,investing,Global Reserve Currency Shift: Why the US Dollar Still Leads Amidst Decline,"The US dollar’s role as the world’s main reserve currency is unquestionably facing a slow but meaningful decline. This trend started around 2001 and has gathered pace especially after the 2008 global financial crisis. 

More recently, the Russia-Ukraine conflict has further shaken confidence, pushing global central banks and investors to diversify away from relying heavily on the dollar. 

But despite this decline, the dollar remains the dominant currency for global reserves by a big margin. The main reason is simple: no other currency comes close to matching the US economy’s size, stability, and the depth of its financial markets.  
  
For example, the Eurozone’s euro was once seen as a serious contender to challenge the dollar’s supremacy. 

**But the euro faces structural problems like political fragmentation across member countries and less developed financial markets compared to the US.** 

These factors limit its appeal as a truly global reserve asset. China’s renminbi (yuan) has been pushing for more international use, but China still has capital controls and regulatory restrictions making its currency less trusted and harder to use freely on the global stage.  
  
**According to the International Monetary Fund’s reports on currency composition of official foreign exchange reserves, the US dollar still holds around 60% of world reserves, while the euro and renminbi trail much further behind.** 



This shows that despite the push to diversify, it feels like investors are stuck in a ‘lesser evil’ scenario, preferring the dollar simply because there are no practical alternatives right now.  
  
In the near future, the dollar’s dominance might erode gradually but not collapse suddenly. The huge liquidity and trust in US financial markets act as a fortress protecting the dollar’s position. 

Until another economy can build financial markets with equal trust and flexibility, and also a freely convertible currency, the greenback will still play a leading role in global finance.  
  
Thinker & Analyst: Vishal Ravate",No-Good-3742,1774325955,2026-03-24 04:19:15,18,9,https://www.reddit.com/r/investing/comments/1s23w15/global_reserve_currency_shift_why_the_us_dollar/,,False,Econ Daily,economy
1s20tu5,investing,ETSY - Easiest Short in Market,"ETSY is a strong short. This is a company trading with a P/E higher than all relevant peers and a company with declining sales. Sure they sold Depop, at a loss, but infused cash to lower debt, but at what expense?

The expense of growth. 

ETSY operates a high cost marketplace, high fees on sellers, high shipping costs and more on buyers, and a premium on the goods that are ‘supposedly’ craft. 

We are entering the toughest economy in a decade and since COVID, and discretionary spending is way down. ETSY is not a place to take a long term bet. AI continues to replace (not add to) these types of businesses. We have loaded up on puts. 

  

Our price target is 35. ",HunterMichael92,1774317322,2026-03-24 01:55:22,0,14,https://www.reddit.com/r/investing/comments/1s20tu5/etsy_easiest_short_in_market/,,False,Econ Daily,economy
1s1p8or,investing,Is ZKH Global (NYSE: ZKH) currently a legit investment opportunity? What are your thoughts on this inexpensive Chinese MRO stock in light of China's robust economy?,[removed],Vas-Normandy,1774290682,2026-03-23 18:31:22,1,1,https://www.reddit.com/r/investing/comments/1s1p8or/is_zkh_global_nyse_zkh_currently_a_legit/,,False,Econ Daily,economy
1s0it3v,investing,What’s a safe hedge against my USA index fund investments?,Since I’m a US citizen and index funds generally perform pretty well in the USA I’ve been investing most of my money into US index funds but seeing everything going on right now I sort of want a backup plan. I was thinking maybe Switzerland for their neutrality and financial sector or China because it’s the second largest economy and still has a lot of potential for growth. Thoughts?,DavidsGreat,1774177417,2026-03-22 11:03:37,11,31,https://www.reddit.com/r/investing/comments/1s0it3v/whats_a_safe_hedge_against_my_usa_index_fund/,,False,Econ Daily,economy
1s5xuxw,investing,Is Reddit the most overlooked growth stock in the market?,"Looking at revenue and profit growth, there are hardly any companies trading below a 50x revenue multiple (e.g., Palantir). Reddit is currently at around a 10x P/S, which could drop to \~6x over the next 12 months, with a forward P/E close to 25x.

At the same time, Reddit has relatively low risk of disruption from AI compared to most SaaS companies. Marketing platforms tend to be durable, especially when user growth is strong - and Reddit is one of the few social platforms that is still actually growing.

The biggest “problem” is the high retail ownership, which tends to swing depending on market sentiment. Still, I believe that within 2-3 years the stock could be above $300, and we may look back at early 2026 the same way we now look at 2022 for Meta Platforms at $90.",Blumpo_ads,1774697319,2026-03-28 11:28:39,0,16,https://www.reddit.com/r/investing/comments/1s5xuxw/is_reddit_the_most_overlooked_growth_stock_in_the/,,False,Econ Daily,stock market
1s5jwv3,investing,"How can I rotate investments into Israel, whose market seems to be doing exceptionally well despite the current geopolitics?","To the mods, this is not meant to be a political post.

But with the S&P down 7% YTD and the world being on the verge of an intentionally made financial/energy crisis, and my own portfolio downing 10%+ YTD (I have a bigger tech concentration), I started looking into alternatives to the U.S. market.

I'm extremely bullish on China long term, but I do not believe their stock market is investable, and due to their government foreign investment channels are opaque and risky.

EU isn't doing that well and I think they are just as exposed to the current macro risks. Japan is a lost cause.

Then I discovered that Israel's TA-125 (Tel Aviv stock exchange) is +10% YTD and +60% YoY, with the Israeli currency up 50% against USD YoY. 

Obviously the current geopolitical situation is engineered purposely in order to benefit Israel, and due to their election being in October, I believe it will not de-escalate before then. 

The question is how to take advantage of the situation and hedge against the market. As an American I understand it's our duty to sacrifice ourselves for the well beings of our most important ally in the Middle East, but as someone with a financial stake in this I'd like to profit from it as well.",cookingboy,1774653255,2026-03-27 23:14:15,0,27,https://www.reddit.com/r/investing/comments/1s5jwv3/how_can_i_rotate_investments_into_israel_whose/,,False,Econ Daily,stock market
1s5djao,investing,Market Data as SQL Database,"Over the last week I decided that I wanted market / fundamentals data in a SQL database, so I setup some data pipelines that run daily.

It's pretty niche, but since I work as a DB admin during the day, I'm actually more comfortable in SQL for stock screening / tracking. I can make nice dashboards / screen stocks with my own calculations (ex. last 12 month increasing profit margin, but decreasing PE and market cap).

It has daily / minutely stock data for last 10 years, balance sheet, cash flow, income statements, ratios, and 10-K / 8-K.",Badabloop,1774638554,2026-03-27 19:09:14,0,4,https://www.reddit.com/r/investing/comments/1s5djao/market_data_as_sql_database/,,False,Econ Daily,stock market
1s59vlp,investing,"For veterans, how are you emotionally weathering this storm?","Been investing post COVID and things were going well for me. I'm mostly into index ETFs and a couple large cap stock picks. My plan is more long term and passively managed, so factually I'm shouldn't be worried.

But the culmination of the insanity since Trump took office is chipping at me with a possible war starting, impending inflation cuz oil, and waking up almost every morning with a red screen.

How was it for you who went through wars, recessions, and other long term market downturns?",HourExam1541,1774630682,2026-03-27 16:58:02,0,36,https://www.reddit.com/r/investing/comments/1s59vlp/for_veterans_how_are_you_emotionally_weathering/,,False,Econ Daily,stock market
1s4xwa5,investing,I spent the last week going through five Chinese tech earnings back to back and the picture is way messier than people think,"So over the past couple of weeks in March, Tencent, Alibaba, Xiaomi, Meituan, and BYD all dropped earnings within days of each other. I went through all of them because I have exposure to this space, and honestly, lumping these together as ""China tech"" completely misses how different each story actually is. Three are already out. Four are already out and BYD's annual report drops today.

Tencent was the boring one, and I mean that as a compliment. Full year revenue RMB 751.8 billion, up 14%. Non IFRS net profit up 17%. Gross margin expanded to 56%. They bought back roughly HKD 80 billion in shares, retiring 3% to 4% of the float annually, which pushed EPS growth to 18% to 19%. The AI stuff is progressing (Hunyuan model, Yuanbao app) but Tencent right now is basically a compounding machine: steady growth, margin expansion, and capital return. Before the print, 47 out of 52 analysts had buy ratings with a mean target of HK$739. Nothing to lose sleep over.

Alibaba was the trainwreck, at least optically. Q3 FY2026 revenue barely grew, up 1.7% to RMB 284.8 billion, missing estimates. Adjusted net profit collapsed 67% because the company is simultaneously fighting a subsidy war in quick commerce and spending aggressively on AI infrastructure. But here is the thing that caught my attention: cloud revenue jumped 36% to RMB 43.3 billion, the fastest clip in recent quarters, with AI product revenue still growing triple digits. CEO Eddie Wu announced a new unit called Alibaba Token Hub to consolidate all AI capabilities under him directly, and set a target of $100 billion in annual AI plus cloud revenue within five years. The three year capex plan is RMB 380 billion (\~$52B) and Wu previously said that number ""might be on the small side."" Stock dropped 7% the next day. The market wants profitability, not promises, and that tension is basically the entire Alibaba thesis right now.

Xiaomi is the one that keeps surprising me. Q4 revenue was solid at RMB 116.9 billion, but the EV numbers are genuinely wild. They delivered 145,115 cars in Q4 alone, more than doubling YoY, and roughly 411,000 for the full year. The EV division posted its first annual operating profit: RMB 900 million. This company literally was not building cars two years ago. The SU7 was the best selling sedan above RMB 200,000 in China last year, and the refreshed 2026 model they launched March 19 pulled 15,000 non refundable locked orders in 34 minutes. During the earlier presale window starting January 7, it racked up around 100,000 pre orders in 15 days. Their 2026 target is 550,000 deliveries. Say what you want about Chinese EVs, but this kind of ramp is basically unheard of in the auto industry.

Meituan was the ugly one. The numbers came in roughly where the February profit warning guided: full year 2025 net loss of RMB 23.4 billion, versus a net profit of RMB 35.8 billion the year before. That is a nearly RMB 60 billion swing in one year. Q4 revenue was RMB 92.1 billion, up just 4.1% YoY, with core local commerce actually declining 1.1%. The Q4 net loss alone was RMB 15.1 billion. What happened? A vicious food delivery price war with Alibaba's Taobao Flash Buy and JD both piling in with subsidies and zero commission offers. The one bright spot was the overseas business: Keeta hit positive unit economics in Hong Kong during Q4 and expanded into Saudi Arabia, Qatar, Kuwait, the UAE, and Brazil. Goldman noted Meituan's unit economics still lead domestically (about RMB 2.6 loss per order vs. RMB 5.2 for Alibaba's operation), so the bull case is they can outlast the competition. But that is a painful bet to sit through.

BYD's full year 2025 annual report drops today and the top line sales are already public: 4,602,436 NEVs in 2025, up about 8%. The real number is overseas: over 1,046,000 exports, up 150%, crossing one million for the first time. Their BEV sales of 2,256,714 units officially passed Tesla's 1,636,129 for the year. In February 2026, international sales actually exceeded domestic for the first time ever. The 2026 overseas target is 1.3 million. What I will be watching in today's filing is margins, because the domestic market is a bloodbath on pricing and the whole bull case hinges on whether the international business can carry profitability.

Looking at all five together, these are really five completely different investment theses wearing the same ""China tech"" label. Tencent is a compounder. Alibaba is an AI capex cycle bet. Xiaomi is a consumer electronics company turning into an automaker at startup speed. Meituan is a dominant platform under siege. BYD is going global. They do not trade on the same logic at all.

One thing I noticed researching this: most US listed China tech ETFs are pretty narrowly focused on internet names. KWEB has zero A share exposure and is pure internet. CQQQ is broader but still only about 34% A shares. If your thesis on China tech is more about EVs, semiconductors, AI infrastructure, and manufacturing rath",BreadSea7272,1774598482,2026-03-27 08:01:22,163,17,https://www.reddit.com/r/investing/comments/1s4xwa5/i_spent_the_last_week_going_through_five_chinese/,,False,Econ Daily,stock market
1s4k7jk,investing,Current US Stock Market crisis,"Who all agrees with me that someone is tweeting a fake claim to bring up the prices, people start investing, then the market dumps back taking away all the money, and a couple of days later the same person comes up with a different claim. This is like a repeating cycle that has been occurring for the past couple of months.

IYKYK who the person is 😅",Call_Me__Heisenberg,1774559871,2026-03-26 21:17:51,436,254,https://www.reddit.com/r/investing/comments/1s4k7jk/current_us_stock_market_crisis/,,False,Econ Daily,stock market
1s4e43z,investing,Why does the stock I sell go for lower than the market price?,[removed],Ibnumme,1774546377,2026-03-26 17:32:57,1,1,https://www.reddit.com/r/investing/comments/1s4e43z/why_does_the_stock_i_sell_go_for_lower_than_the/,,False,Econ Daily,stock market
1s4an72,investing,Stock Market Investing Community,[removed],Illustrious_Dark_136,1774538876,2026-03-26 15:27:56,1,1,https://www.reddit.com/r/investing/comments/1s4an72/stock_market_investing_community/,,False,Econ Daily,stock market
1s3nx4j,investing,Questions and Advice for us,"My wife and I saved $60,000 last year.

In total, we now have around $70,000.

We are both 33 years old, we don't have any children, and together we earn $160k per year after tax.

We rent a house and have a car loan. We still have £24,000 left to pay off at 6% APR. The monthly payment is around $700, which is manageable for us.

We don't have any investments in the stock market.

I’m wondering what to do with the money next. We're considering buying a house (we're currently renting).

Would it be better to put $60,000 towards a down payment or perhaps put $30,000 towards a down payment and invest the other $30,000 in ETFs?

We live in the Dallas-Fort Worth area, where the cost of buying a new house about an hour from Dallas/Fort Worth is between $300k and $400k.

What do you think, guys?

I'm not looking for a ready-made solution, I just want to hear what others have to say to get a broader perspective.



",sik0rskyy,1774474032,2026-03-25 21:27:12,9,16,https://www.reddit.com/r/investing/comments/1s3nx4j/questions_and_advice_for_us/,,False,Econ Daily,stock market
1s3k9s6,investing,VCX - make it make sense please,"I am sure it is quite common knowledge that a lot of the value growth in some of the best companies being built in recent years is happening before companies IPO, which is different than in the past. Because of this, I have sought out ways to try and get exposure to these later-stage, profitable, near-IPO companies - not an easy thing to do! 

I found a fund that is doing this, and the past few years they have had a bunch of steady successes and more in the pipeline. And then I see the craziness around VCX in the past week. Please make it make sense! Why would anyone buy this stock trading at so many multiples of their own declared NAV? 

I hate how much of investing has become pure gambling and how unexceptional it seems to be when things like this happen. Anyhow if anyone else is looking for a fund that buys private listings in late stage startups AND that trades publicly close to the NAV and that holds SpaceX and OpenAI and Databricks and Canva and others take a look at Stack Capital.  
[https://www.stackcapitalgroup.com/investment](https://www.stackcapitalgroup.com/investment)

I have no connection to the company but it is the best way I have found to access this slice of the growth curve in the modern stock market where it seems like private money gets so much of the exponential growth. It is listed on the Toronto Stock Exchange but I was able to easily buy it in my Schwab account in the US. Obviously YMMV. You may need to do a  mental conversion from CAD to USD when looking at pricing.

/rant

[https://money.tmx.com/en/quote/STCK](https://money.tmx.com/en/quote/STCK)",nomopongo,1774466050,2026-03-25 19:14:10,2,13,https://www.reddit.com/r/investing/comments/1s3k9s6/vcx_make_it_make_sense_please/,,False,Econ Daily,stock market
1s321tq,investing,Stock Market Portfolio Review 22M,[removed],FitDistribution8368,1774416585,2026-03-25 05:29:45,1,1,https://www.reddit.com/r/investing/comments/1s321tq/stock_market_portfolio_review_22m/,,False,Econ Daily,stock market
1s30xpx,investing,Critique My Stock Market Portfolio,"I have been using Google Gemini Ai for the past couple days to help me create a portfolio for the purpose of semi-retiring around the age of 45-50 and fully retiring at the age of 60-65. As most of you know Ai is very inconsistent and has given me conflicting information when creating my portfolio and I've noticed myself falling into analysis paralysis by trying to tweak my portfolio constantly. So far I have come up with a portfolio of-

Brokerage - VOO 55%, SCHD 20%

Roth IRA - QQQM 15%, AVUV 10%

The percentages are the weight of the holding in my portfolio. I plan on investing a minimum of $1k a month into this portfolio, potentially more when I make more money. Ai recommends to focus on total nest egg growth so I could partially benifit from dividends while partially selling VOO (selling under 3.5% annually to keep my account growth) to be able to semi retire. I am currently 23 and want to be able to spend my later years focusing on family and passions, I'm not looking to be filthy rich, just to make enough money to enjoy life without stressing about finances or working all week.

I am looking for advice and am open to critisism, am I missing anything? thank you for taking your time to respond.",Careless_Bedroom_379,1774412938,2026-03-25 04:28:58,3,4,https://www.reddit.com/r/investing/comments/1s30xpx/critique_my_stock_market_portfolio/,,False,Econ Daily,stock market
1s2uehk,investing,Stock prices seem to be consistently dropping after earnings calls (even on positive news). Do you think this will hold for ONDS tomorrow?,"|**Company (Ticker)**|**Call Date**|**Met/Exceeded Expectations?**|**Post-Call Stock Movement**|**Key Driver of Price Action**|
|:-|:-|:-|:-|:-|
|**LENZ Therapeutics (LENZ)**|Mar 24|**Missed** (EPS & Revenue)|**-12.0%**|High launch expenses for its new drug ""VIZZ.""|
|**Braze (BRZE)**|Mar 24|**Mixed** (Rev Beat / EPS Miss)|**Down** (Pre-market)|27% earnings surprise to the downside.|
|**Accenture (ACN)**|Mar 19|**Exceeded** (EPS & Revenue)|**-5.2%**|Concerns over rising administrative costs.|
|**FedEx (FDX)**|Mar 19|**Exceeded** (EPS & Revenue)|**-1.4%**|Muted reaction; concerns over Freight segment.|
|**Alibaba (BABA)**|Mar 19|**Missed** (EPS & Revenue)|**Down**|Heavy AI spending and 57% drop in EBITA.|
|**Micron (MU)**|Mar 18|**Exceeded** (EPS & Revenue)|**+0.7%**|Massive 41% EPS beat driven by AI demand.|
|**Macy’s (M)**|Mar 18|**Exceeded** (EPS & Revenue)|**Positive**|Return to positive comparable sales growth.|
|**Lululemon (LULU)**|Mar 18|**Exceeded** (EPS & Revenue)|**Muted/Negative**|Weak 2026 guidance and leadership uncertainty.|
|**Adobe (ADBE)**|Mar 12|**Exceeded** (EPS & Revenue)|**-0.8%**|News of CEO Shantanu Narayen's transition.|
|**Oracle (ORCL)**|Mar 10|**Exceeded** (EPS & Revenue)|**-3.8%**|Profit-taking after 243% AI revenue growth.|

Thoughts? ",RJNavarrete,1774395419,2026-03-24 23:36:59,2,3,https://www.reddit.com/r/investing/comments/1s2uehk/stock_prices_seem_to_be_consistently_dropping/,,False,Econ Daily,stock market
1s2q8da,investing,"Most people still misread junior mining stocks. They are not trading the metal, they are trading shrinking doubt","Most people still look at a junior miner and assume they are buying leveraged exposure to whatever metal the company is chasing. Gold up, gold junior up. Copper up, copper explorer up. Silver ripping, junior silver names should follow. That sounds logical, and it is usually wrong at the stage where these stocks can actually rerate.



Early-stage miners do not move first because the commodity moved. They move because the market changes its estimate of what the asset might be worth. That is a different mechanism entirely. A producer gets marked higher when the metal rises because higher prices can improve margins, cash flow, and near-term economics. An explorer often has none of that to reprice. What it has is uncertainty. So the stock moves when the company removes enough uncertainty to force investors to assign a higher probability that the project matters.



That is why one drill hole can matter more than a monthly move in the underlying metal. A map can matter more than a macro headline. A geophysical survey can matter more than a futures rally. The stock is not reacting to the commodity tape as much as people think. It is reacting to a change in how believable the asset has become.



That is where the conventional narrative breaks down. People treat all mining names like they sit on the same value chain. They do not. A producer is a margin machine. A junior is an evidence machine. The producer gets rewarded when the metal rises. The junior gets rewarded when doubt falls. Those two things can overlap, but they are not the same trade, and pretending they are is exactly why people keep misunderstanding why some explorers suddenly explode while others do nothing.



The non-obvious implication is that the best early-stage setups are often not the ones with the hottest metal behind them. They are the ones where the market is still using an old valuation for a project that is quietly becoming less speculative. Once that shift gets obvious, the easiest money is often already gone. The rerating starts when the asset stops looking vague and starts looking coherent.



The strongest counterargument is that sentiment still drags the whole sector around, and that is true. Gold juniors often move with gold. Copper names often move with copper. Uranium names often move with uranium headlines. But that only explains the group move. It does not explain the outsized moves. Those happen when company-specific evidence changes the market’s estimate of what is in the ground, how continuous it may be, and whether the story deserves to be taken seriously. That is why some juniors stay dead during a strong metal tape, while others rerate hard with the commodity barely moving.



Jurisdiction makes that even more obvious. The same technical progress can get a very different market response depending on where it happens. A better result in a jurisdiction the market trusts can carry more weight because investors do not have to pile as much political, permitting, financing, or social risk on top of the geology. The same hole can be worth more in valuation terms simply because the path forward looks more believable.



So the right way to read a junior miner is not to ask whether the metal is having a good week. The right question is whether the company just gave the market a reason to lower the discount it was placing on the asset. That is where real reratings come from. As i said in title, not from “metal exposure,” but from shrinking doubt. 



Not advice ofc but interesting angle i find worth sharing.",-neet,1774385884,2026-03-24 20:58:04,0,10,https://www.reddit.com/r/investing/comments/1s2q8da/most_people_still_misread_junior_mining_stocks/,,False,Econ Daily,stock market
1s2meov,investing,400k and market uncertainty,"after a few good years of DINKing and a lot of overtime, my wife and I just keep putting the extra money into our savings account.

we have just over 400k sitting there now. and while I've had the feeling of it could be put to better use in the stock market, Everytime I think about putting some or all of it in, trump will make some crazy proclamation and it scares me off.

it doesn't help that my wife is handsoff and very hesitant about doing anything other than a savings account.

are any of y'all in a similar situation?",TTangy,1774377600,2026-03-24 18:40:00,3,125,https://www.reddit.com/r/investing/comments/1s2meov/400k_and_market_uncertainty/,,False,Econ Daily,stock market
1s2dnb0,investing,"Do you think the MSCI World Index or the stock market as a whole will fall even further, or have we already hit bottom?","With the Iran situation fueling heavy market volatility, the big question remains: Is the geopolitical risk fully priced in, or is there more downside ahead for global equities? Historical patterns suggest resilience, but the energy impact is real. Are you strategically buying the dip now, or are you staying on the sidelines until the dust settles?",Soggy-Translator3066,1774358588,2026-03-24 13:23:08,0,5,https://www.reddit.com/r/investing/comments/1s2dnb0/do_you_think_the_msci_world_index_or_the_stock/,,False,Econ Daily,stock market
1s2dmpl,investing,"Do you think the MSCI World Index or the stock market as a whole will fall even further, or have we already hit bottom?",[removed],Soggy-Translator3066,1774358545,2026-03-24 13:22:25,1,1,https://www.reddit.com/r/investing/comments/1s2dmpl/do_you_think_the_msci_world_index_or_the_stock/,,False,Econ Daily,stock market
1s2ahep,investing,"Am I missing something on UiPath ($PATH)? The market is sleeping on the Microsoft and Deloitte deals, their unmatched security moat, and the massive sector validation from Meta buying Manus.","The market is obsessing over the heavy insider selling and the massive stock-based compensation (SBC), basically treating the stock like a dying legacy tech company instead of an AI asset. But if you actually look at their balance sheet and the strategic pivot they're making right now, the post-hype pessimism feels totally overblown. I was digging through a recent forensic audit of their financials and checking the exchange data, and I feel like people are completely missing the actual setup here.

First off, Wall Street is still pricing this as a boring automation play and missing the transition to Agentic AI orchestration. Think of it like this: if LLMs are the ""brains,"" UiPath is building the ""musculature"" to actually execute complex tasks safely. New scrappy AI startups can't just replicate UiPath's enterprise-grade security moat overnight. That's exactly why we're seeing them expand their Microsoft integration and land deep partnerships with Deloitte. And if anyone doubts that this specific sub-sector is heating up, Meta just dropped over $2 billion to buy the AI agent startup Manus at the end of last year. The M&A signal in this space is flashing bright red.

Yes, the SBC is gross. But management knows it, and they are actively using their \~$350M in free cash flow to buy back shares and neutralize that dilution. Outstanding shares are actually *down* 2.69% YoY. On top of that, they are sitting on a ridiculous $1.47B cash pile with basically zero debt (\~$71M). That provides a massive \~22% cash-to-market-cap safety floor and an infinite runway.

Here is where the trade mechanics get really interesting. Short interest is sitting incredibly high at around 23-24% of the float. As the aggressive buybacks continue to eat away at the tradable float, any further GAAP margin expansion is going to trigger a massive pain trade for shorts. Everyone on retail is freaking out over the CEO and CFO dumping shares, but they aren't looking at the tape. Off-exchange (dark pool) volume ratios are consistently running between 40% and 57%, which strongly points to institutional ""stealth"" accumulation while the surface-level narrative looks terrible.

Between the shrinking float, the undeniable M&A validation in the agentic AI space, and their fortress balance sheet, this thing looks like a coiled spring.",SamLeCoyote_Fix_1,1774349707,2026-03-24 10:55:07,0,16,https://www.reddit.com/r/investing/comments/1s2ahep/am_i_missing_something_on_uipath_path_the_market/,,False,Econ Daily,stock market
1s22ys6,investing,"Everyone Gets What They Want Out Of The Market, Even In Loss.","Hey all! This is my first post here. I was thinking about investing recently and the pitfalls that many succumb to. It got me thinking about the overlap between investment success and psychology. Maybe you fall victim or benefit from certain behaviors that you either reinforce or suppress when making decisions throughout life. Here’s my thoughts on the matter. 



I believe strategy and psychology are very closely linked. I was thinking about a quote from Ed Seykota where he says ***“Everyone gets what they want out of the market.”*** He continued, saying often even when people are losing money, they are still getting what they want out of the markets. Some people unconsciously want to lose, not in the literal sense, but because losing fulfills a psychological that they have deep in their mind. Some people seeking excitement or adrenaline through taking on extra risk, gambling or whatever. Some want to prove something to themselves or others by trading a certain way. Some self sabotage themselves by a desire to validate a belief like the market being rigged or that they can't possibly win. Many people say they want to make money but their behavior produces loses, and one factor might be because that is what aligns with their deeper mindset. It is true that you can’t predict the market so this isn’t 100% true, but I believe it is very close to reality and easily observable in many different aspects of peoples lives. For example, look at people who self sabotage relationships, gamble all their money away believing they will win big, or refuse to buy a stock that they might have previously lost money on but at a different point in time might be a very good investment. There are biases in everything. 

I resonate with this line of logic and believe that trading success is strongly connected to psychology. It is fascinating and sometimes not as empirical as other sciences, but apparent to anyone who wants to see it. I believe that my own investment strategies fall victim to my behaviors as well. I try to recognize it, but identifying a pattern in the way you think is hard sometimes. Because of this I want to implement methods of identifying and correcting my behaviors. I think I will begin looking at what behaviors I am repeating, try to understand what I am actually getting out of that behavior, and see if it aligns with my existing strategies or is a harmful deviation. 

It’s my belief that good systems rarely fail, but loses are incurred when you fail to follow them. If you build something that works, you should observe it, but trust in yourself. Breaking some rules here and there with purpose isn’t necessarily bad though. In fact, it is critical to a positive feedback system. You must be able to identify an issue and remedying them. The identification of problems can be dangerous however. A problem may be real but its easy to mistake them for a string of bad luck and random chance. A problem can also be mistaken for a result that misaligns with the way you think or behave. The most difficult thing I have found is to realize that I may have lost money in an investment and also believe that the investment was well researched, reasoned and was by all analysis, a good purchase. What I am getting at is that you may break rules to solve problems but very carefully as to not get it confused with self satisfying behavior coping mechanisms. You must ask yourself why you broke the rules and what you gained from breaking it. 

By breaking rules we can see loses in many ways which are transactional with our own minds. Overtrading can be a relief from boredom or a sense of inaction. You could also be avoid the pain of your own choices, like not cutting a loss when it really should be because you don’t want to be wrong. You might want to feel right or desire the excitement of high risk bets. These choices come out quite obviously in an observation by Seykota. Many people trade the exact same strategy, but often results change, and that is because the real edge in a random environment is the psychology of the person wading through it. 

I would like to begin tracking not just profits and losses, but where I followed plans, when I broke them, the emotion state I was in before, during and after, then aligning that to actions I took. I want to continue to write justifications for what I do and when. With enough data points, I could begin understanding myself better and I believe have a better understanding of myself. If I behave in a way that loses me money, and I continue to behave in that way, on some level losing money is what I want. I would be acting consistently with my deeper desires thus my behavior is actually in alignment with what I want.

  
What do yall think about this? I would love to hear about it.",MrDibits,1774323206,2026-03-24 03:33:26,0,5,https://www.reddit.com/r/investing/comments/1s22ys6/everyone_gets_what_they_want_out_of_the_market/,,False,Econ Daily,stock market
1s1qohj,investing,From Deep Blue to Deep Value,"Last time I posted one of these deep dives I got really good feedback. Please let me know your thoughts :) Thanks in advance! Also, sorry for the bad formatting and lack of footnotes, originally was made for substack.

“Still no chess program can play even amateur chess.”

So claimed Hubert Dreyfus in 1965 about artificial intelligence. Dreyfus was extremely certain that AI lacked the “perception” needed to beat humans at Chess. Two years later, Dreyfus was defeated by an AI. But Dreyfus was a professor and philosopher, not a chess grandmaster. In 1989 World Chess Champion Garry Kasparov made that differentiation. “""A machine will always remain a machine, that is to say a tool to help the player work and prepare. Never shall I be beaten by a machine! Never will a program be invented which surpasses human intelligence.” Just eight years later in 1997 Garry Kasparov lost a match to Deep Blue, the leading supercomputer at the time. After Kasparov’s match people started to understand that artificial intelligence (AI) had begun to surpass human intelligence (HI). Now almost thirty years later, even a low quality computer on my phone can defeat the best chess player in the world. Before the rest of the world, chess slowly began to understand that AI will be better than humans. Today, we still don’t know how and exactly where AI will disrupt human life, perhaps chess might have some answers.

[](https://substackcdn.com/image/fetch/$s_!_ZHv!,f_auto,q_auto:good,fl_progressive:steep/https%3A%2F%2Fsubstack-post-media.s3.amazonaws.com%2Fpublic%2Fimages%2F9a3e8097-3cef-4d25-b759-6100c3d48f47_1100x657.jpeg)

Garry Kasparov, the world #1 chess player at the time taking on Deep Blue, the #1 computer model in 1997. Deep Blue ended up winning the match 3.5-2.5, confirming that for the first time in history, AI had surpassed humans.

Today, in many areas of life including chess, AI is already vastly superior. Just to stress the difference, today, the best AI is 800 points better than the best human in world. That is about the difference between the best chess player in the world and a very strong amateur player. Or in basketball terms, the difference between prime Lebron James and a pretty good three point shooter at the park. With this difference in mind, you would think that as AI has pulled ahead, the viewership would shift from human games to a better product, a game between two AIs. And yet the 2025 AI chess grand final, (in which OpenAI defeated Grok,) had only 30,000 viewers at its peak, around 10% of the viewers that tuned into the finals of the Norway Chess tournament in the same year. Even more shocking was that in 2021, an amateur chess tournament of people’s favorite streamers peaked at over 375,000 viewers. *Despite AI producing a vastly superior product, we humans enjoy watching humans make moves and mistakes, not the best objective moves.*

But there is a key difference between chess and real life. Chess is a board game, played for entertainment purposes, AI has not replaced humans because the end goal of chess is entertainment, not productivity. But what about situations where there is more at stake than pure entertainment.

What about health? If I go to a doctor to get a brain scan done, I want the results to be as accurate as possible, not as human as possible. And there are massive stakes on the line, medical malpractice is currently the third leading cause of death in America. The most recent studies indicate that in certain fields, artificial intelligence can actually more accurately read brain scans than doctors. Not just that, in certain time sensitive situations, such as when a patient is having a stroke, artificial intelligence can interpret the scans in seconds, a serious advantage over doctors in life or death situations. In addition, AI can detect tiny discrepancies that are undetectable to the human eye. But there are some things that human doctors currently still do better than AI. They are better at contextual understanding and using a patient’s past history to form a diagnosis. They are also better at identifying rare cases that the AI was not trained on. Today, the prevailing verdict among the medical community is to use both AI and human intelligence in tandem. Two weeks ago, Dr Robert Wachter, a leading academic physician and author of the book “The Digital Doctor” posted a Substack titled ""Why do you still have a job?” In it, he identifies several key reasons why AI has not replaced humans in radiology... yet.

>

Currently, it seems like we are somewhere between 1990-1995 in the medical/chess world equivalence. At this point, AI is already objectively better at certain areas of medicine than humans are, but humans are still needed as a support system around it. To quote again Garry Kasparov “Never shall I be beaten by a machine! Never will a program be invented which surpasses human intelligence.” It seems that medicine and AI are currently at this junction. If we can learn from what happe",Roadtochessmaster,1774293710,2026-03-23 19:21:50,0,2,https://www.reddit.com/r/investing/comments/1s1qohj/from_deep_blue_to_deep_value/,,False,Econ Daily,stock market
1s1n198,investing,Algorithmic or Insider Trading? … Again!,"CNBC today reported the spike in Equity options and sells for Oil futures, 15 mins before Trump rotated markets with a single social media post. Will there ever be an SEC investigation?

Volume in stock and oil futures surged minutes before Trump’s Iran post https://www.cnbc.com/2026/03/23/volume-in-stock-and-oil-futures-surged-minutes-before-trumps-market-turning-post.html?\_\_source=iosappshare%7Ccom.apple.UIKit.activity.CopyToPasteboard. ",SmokyToast0,1774286075,2026-03-23 17:14:35,177,28,https://www.reddit.com/r/investing/comments/1s1n198/algorithmic_or_insider_trading_again/,,False,Econ Daily,stock market
1s1lf63,investing,"If the top 10% own 87% of the US stock market, what is the point of the daily volatility?","While I know some here may be in the top 10% of wealth in the US, and others can take advantage of this volatility to nibble around the edges, what is driver of the volatility if the top 10% are mainly trading among themselves?  

Wealth Group	Percentage of Stock Market Owned

Top 1%	50%

Top 0.1%	23.6%

Next 0.9% (99-99.9th percentile)	26.4%

90-99th percentile	37.2%

50-90th percentile	11.7%

Bottom 50%	1%",whazmynameagin,1774282723,2026-03-23 16:18:43,365,101,https://www.reddit.com/r/investing/comments/1s1lf63/if_the_top_10_own_87_of_the_us_stock_market_what/,,False,Econ Daily,stock market
1s1eni5,investing,Buy the dip or analyze companies and possible corporate action stories?,"It’s hard to predict anything in these turbulent times except that today will be a big market drop…unless Trump releases some positive news in the form of a withdrawal of the threat....and sure is that the market will react positively once the situation calms down...if it's soon enough. So, we have to predict when to buy the dip. But we’re still looking for stocks that are little talked about but could see significant gains in the short term. My focus is on Tripadvisor, and the news surrounding it is so consistent that a positive scenario is increasingly likely. 

Tripadvisor has just undergone a quiet but very important management change.

The latest 8K confirms that Greg Maffei (who is the Chairman since 2013) will not run for re-election, and another director will step down.....2 of the 8 board seats are opening up just before Starboard Value’s campaign is active.

Until recently, Tripadvisor was controlled through a Liberty and preferential voting. That no longer exists. There is no longer dual class of shares, no controlling shareholder. And now there is no long-standing chairman who probably recognized the need for change.

For Starboard, this is now a much easier setup than a typical activist fight.

It’s important to note that the fight may not be started because Maffei has a long history of value-unlocking moves like the original Tripadvisor spinoff from Expedia and the Liberty sale of Tripadvisor itself.

They’re not opposed to spinoffs but they just tend to do them on their own terms. What we may now be seeing is a transition phase where this kind of move becomes viable again.

At the same time, the fundamentals remain the same:

Viator is a high-quality, growing brand, and the legacy hotel business is undermining the company’s value, and the most important thing for investors is that the sum of the parts suggests a much greater value than today’s price.

The market reaction has been muted for now. The stock is still trading around $9-10, implying little confidence in a near-term strategic shift. No, we’ll know soon enough, certainly before the June shareholder meeting.

But if Starboard gains influence and pushes for a real event that unlocks value (a spin-off of Viator, a sale of TheFork…), a re-evaluation of the stock’s value is very likely.

Reasonable ranges would be for the status quo: $9–$11 (where we are currently), until complete success and unlocking the value of parts of the company (e.g. a spin-off of Viator) according to some analysts could bring the stock to $18–$25.

This does not guarantee anything - but it seems that serious foundations for change are being laid day by day. We will see when the market will start to valuate this.



",nickdu2206,1774266565,2026-03-23 11:49:25,0,5,https://www.reddit.com/r/investing/comments/1s1eni5/buy_the_dip_or_analyze_companies_and_possible/,,False,Econ Daily,stock market
1s11nho,investing,"Best Stock Picks to ""Ride The Wave"" of AI for the next few years?","Does anyone have any ideas on how to find top stock picks for riding the AI wave over the next few years? Obviously, I can go use one of the LLMs to search for names related to things like uranium and power. I want to ensure I pick up top picks of all time. 

I have been using the following:

SumZero - Top Picks from smaller hedge funds   
Reddit - Random one-off ideas in small communities like this   
Facebook Groups - Again, more one off reseached ideas

The only other thing I have been thinking about is tracking more deeply what Hedge Funds are doing since they tend to outperform when there are serious market tailwinds... I mentioned in a comment before that I am using two places for that:   
DataRoama (overall data) and Insider Edges (portfolio specifics for hedge funds)

  
Does anyone have any other stock research spots they like?",doctorsauceboi,1774224291,2026-03-23 00:04:51,6,16,https://www.reddit.com/r/investing/comments/1s11nho/best_stock_picks_to_ride_the_wave_of_ai_for_the/,,False,Econ Daily,stock market
1s0mmrp,investing,We're not paying enough attention to Anthropic adding $6 billion ARR In February,"This fact flew under the radar because all the attention is on war and oil. No one made a post about it. People are still not seeing AI stock growth potentials. AI stocks are still hugely under appreciated in terms of growth.

Anthropic added $6 billion ARR in February alone. ([Source](https://finance.yahoo.com/news/anthropic-arr-surges-19-billion-151028403.html)) February only had 28 days.

In July 2025, Morgan Stanley made an estimate on Anthropic:

>In its note, Morgan Stanley forecast Anthropic's revenue will grow from $4 billion this year to $10 billion in 2026 and $19 billion in 2027. The bank's analysts then assumed Anthropic gross profit margins of 60%, and estimated that 75% of related costs are spent on AWS cloud services.

They estimated $4b vs $9b actual in 2025. They estimated $10b total in 2026. Anthropic is already at $19b by end of Feb. $25b by end March at the same rate. **In other words, Morgan Stanley's picture of AI has been so wrong, it's downright laughable. They're likely going to be off by a factor of 10x.** Most of Wall Street and stock investors have been wrong on AI. They simply can't comprehend exponential curves. Humans are really bad at seeing exponentials. Human minds default to linear. There's actually lot of research on this.

You hang around r/investing to look for an edge right? Here's the edge: Wallstreet was off by 10x in estimating AI growth. Even if they've corrected their models, they're likely still vastly underestimating. The vast majority of r/investing members (representing the degen retail investors) still think AI is a scam and will collapse soon. You can tell because the negative comments below here will have far more upvotes than positive ones. Anti-AI comments will have 10x more upvotes than pro-AI comments. Scroll down and see for yourself. Both Wall Street and retail are extremely skeptical on AI despite the growing evidence of exponential scaling.

If you are not buying the dip on AI stocks, what are you doing?

To help you undertand what $6 billion in a month is:

* 1x Palantir annual revenue
* 5x Figma
* 1.34x Snowflake
* 1x Atlassian
* .25x Adobe
* .17x of SAP
* .14x of Salesforce

In a single short month, Anthropic added 1x Palantir annual revenue and 1.34x Snowflake. Think about this.

At the same growth rate, Anthropic will be significantly bigger than companies like Adobe, SAP, Salesforce by the end of 2026. In fact, if Anthropic added another $6b in March, they'll be at $25b ARR, the same size as Adobe.

All reports indicate that Anthropic could have added a lot more but are severely compute constraint. All developers know this already because Clade Code goes down frequently because they don't have enough compute to serve demand.

Your most likely thought is, well they can make a lot of money but are they making a profit? They're not profitable but they are on the way.

Anthropic CEO has repeatedly said that their gross margins on inference is 50%+. OpenAI CEO has said the same thing. Independent token analysis confirms this: [https://martinalderson.com/posts/are-openai-and-anthropic-really-losing-money-on-inference/](https://martinalderson.com/posts/are-openai-and-anthropic-really-losing-money-on-inference/)

There are also a ton of small inference providers on OpenRouter, and they are most certainly not going to inference at a loss since market share doesn't matter for them. They need to make more money per token than they lose because they do not have billions in VC backing.

So if they in such high demand, why can't Anthropic and OpenAI turn a profit? Because they don't need to yet. They're spending their money on the AGI race by training bigger, smarter models. Competition between OpenAI, Anthropic, Google, Meta, Chinese AI companies are intense.

So how can they ever make a profit then?

1. Inference revenue is outpacing training cost. This is happening now. In the past, training might have cost OpenAI/Anthropic 80% of their revenues. Today, it's a smaller and smaller pie as inference market explodes. Training is cost. Inference is profit. Inference profits need to grow faster than training costs and it is.
2. Many competitors will drop out. When competitors drop out, training costs do not need to rise as much. Given enough time, many tech fields are a natural monopoly or duopoly. Think Google search. Windows & MacOS. iOS and Android. Everyone expects foundational AI models to be a monopoly or duopoly because smaller competitors will not be able to come up with the compute to compete in training state of the art models. Leading AI model companies will run away as they make more money, use that money to train bigger models, leading to more users, leading to more data to train, etc. It's a flywheel effect. You can already see this today. Even if Apple threw all their profits into building a competitive state of the art models against OpenAI, Anthropic, Google, they can't. It's too late.

There are a lot of wrong takes on AI on r/investing. The ",Wonderful-Sail-1126,1774188647,2026-03-22 14:10:47,0,13,https://www.reddit.com/r/investing/comments/1s0mmrp/were_not_paying_enough_attention_to_anthropic/,,False,Econ Daily,stock market
1s0kjet,investing,What risks does an invasion of Cuba pose to the stock market?,"Trump just told reporters he believed he would soon have ""the honour of taking Cuba"", adding: ""I can do anything I want.""

He's clearly feeling confident right now, despite Iran presumably not really going the way he planned.

What exactly is the risk with this? Can Cuba fling missiles into the US? Disrupt shipping? I'm not from the US so I know very little about the situation with Cuba but I'm thinking an US invasion is (or would be barring the Iran adventure) immininent.

I'm wondering if they can do damage to Venezuelan ships coming into the US? ",AnonymousTimewaster,1774183050,2026-03-22 12:37:30,87,108,https://www.reddit.com/r/investing/comments/1s0kjet/what_risks_does_an_invasion_of_cuba_pose_to_the/,,False,Econ Daily,stock market
1s0jgw8,investing,"My theory on why the stock market will always go up, and it has nothing to do with finance",[removed],meandjarvis,1774179714,2026-03-22 11:41:54,1,1,https://www.reddit.com/r/investing/comments/1s0jgw8/my_theory_on_why_the_stock_market_will_always_go/,,False,Econ Daily,stock market
1s0bnus,investing,US IRAN war and stock market,"I feel this war is lasting several years as Russia Ukraine war does. If I am wrong, should I just buy stocks now because the war will end anyway and stocks will go up anyway? I am so worried about stock market crash when I try buying stocks now. What do you do now?

What would you do if this war continues past 2026 and affects the natural gas supply for EU in winter?",Landslide_Micro,1774151613,2026-03-22 03:53:33,0,39,https://www.reddit.com/r/investing/comments/1s0bnus/us_iran_war_and_stock_market/,,False,Econ Daily,stock market
1s08i0f,investing,"Theoretically, what is the highest a stock's market cap can be?",[removed],givemeanappple,1774142253,2026-03-22 01:17:33,1,1,https://www.reddit.com/r/investing/comments/1s08i0f/theoretically_what_is_the_highest_a_stocks_market/,,False,Econ Daily,stock market
1s2sjcc,technology,"AYANEO's upcoming Next 2 handheld gaming console shelved due to rising component prices — company stops preorders for the $1,999 Strix Halo device",,Logical_Welder3467,1774391083,2026-03-24 22:24:43,26,6,https://www.tomshardware.com/video-games/handheld-gaming/ayaneos-upcoming-next-2-handheld-gaming-console-shelved-due-to-rising-component-prices-company-stops-preorders-for-the-usd1-999-strix-halo-device,Business,False,Inflation,rising prices
1s4chif,technology,Why mass unemployment didn’t happen yet - and why this time is really different,,xegos,1774542879,2026-03-26 16:34:39,1,1,https://substack.com/home/post/p-190416819,Artificial Intelligence,False,Jobs & Economy,unemployment
1s0sytr,technology,"Meta targeted older workers in layoffs, lawsuit by former senior director for company claims",,nosotros_road_sodium,1774203510,2026-03-22 18:18:30,3698,128,https://www.mercurynews.com/2026/03/20/meta-older-workers-layoffs-lawsuit/?share=aoitaemnyser0wtmumr6,Business,False,Jobs & Economy,layoffs
1s4eoxg,technology,"Microsoft freezes hiring in major cloud, sales groups, The Information reports",,joe4942,1774547610,2026-03-26 17:53:30,29,1,https://www.reuters.com/business/world-at-work/microsoft-freezes-hiring-major-cloud-sales-groups-information-reports-2026-03-26/,Business,False,Jobs & Economy,hiring
1s0dsi7,technology,"AI's ""Ghost GDP"" Nightmare: Viral Scenario Warns of White-Collar Wipeout and Market Crash by 2028—But Economists Are Pushing Back Hard",,dev-kj01,1774158657,2026-03-22 05:50:57,1,1,https://www.economist.com/finance-and-economics/2026/02/25/a-viral-research-note-on-ai-gets-its-economics-wrong,Artificial Intelligence,False,GDP,GDP
